<environmentvariabledefinition schemaname="admin_EnvironmentFriendlyName">
  <description default="the name of the new staging environment. It is case sensitive">
    <label description="the name of the new staging environment. It is case sensitive" languagecode="1033" />
  </description>
  <displayname default="Environment Friendly Name">
    <label description="Environment Friendly Name" languagecode="1033" />
  </displayname>
  <introducedversion>1.0.0.0</introducedversion>
  <iscustomizable>1</iscustomizable>
  <isrequired>0</isrequired>
  <type>100000000</type>
</environmentvariabledefinition>