<environmentvariabledefinition schemaname="admin_TimeSegmentsCountLimit">
  <defaultvalue>60</defaultvalue>
  <description default="Specify the count for the limit of number of chunks. Default is 60">
    <label description="Specify the count for the limit of number of chunks. Default is 60" languagecode="1033" />
  </description>
  <displayname default="TimeSegments-CountLimit">
    <label description="TimeSegments-CountLimit" languagecode="1033" />
  </displayname>
  <introducedversion>2.2</introducedversion>
  <iscustomizable>1</iscustomizable>
  <isrequired>0</isrequired>
  <type>100000001</type>
</environmentvariabledefinition>