<environmentvariabledefinition schemaname="admin_CommandCenterApplicationClientID">
  <description default="Application Client ID for the app registered to fetch M365 Service Messages">
    <label description="Application Client ID for the app registered to fetch M365 Service Messages" languagecode="1033" />
  </description>
  <displayname default="Command Center - Application Client ID">
    <label description="Command Center - Application Client ID" languagecode="1033" />
  </displayname>
  <introducedversion>3.17.9</introducedversion>
  <iscustomizable>1</iscustomizable>
  <isrequired>0</isrequired>
  <secretstore>0</secretstore>
  <type>100000000</type>
</environmentvariabledefinition>