{   "properties": {     "connectionReferences": {       "shared_commondataserviceforapps_1": {         "api": {           "name": "shared_commondataserviceforapps"         },         "connection": {           "connectionReferenceLogicalName": "admin_CoEGovDataverse"         },         "runtimeSource": "embedded"       },       "shared_office365": {         "api": {           "name": "shared_office365"         },         "connection": {           "connectionReferenceLogicalName": "new_CoEGovO365Outlook"         },         "runtimeSource": "embedded"       }     },     "definition": {       "$schema": "https://schema.management.azure.com/providers/Microsoft.Logic/schemas/2016-06-01/workflowdefinition.json#",       "actions": {         "Apply_to_each_M1_Manager": {           "actions": {             "Apply_to_each_Employee": {               "actions": {                 "Apply_to_each_App": {                   "actions": {                     "Append_to_array_variable_-_appList": {                       "inputs": {                         "name": "appList",                         "value": {                           "App Name": "@items('Apply_to_each_App')?['admin_displayname']",                           "Employee": "@items('Apply_to_each_Employee')?['admin_displayname']",                           "Environment": "@items('Apply_to_each_App')?['admin_appenvironmentdisplayname']",                           "Ignored Since": "@formatDateTime(items('Apply_to_each_App')?['admin_apparchiverequestignoredsince'], 'D')"                         }                       },                       "metadata": {                         "operationMetadataId": "bad9fd04-7b70-496e-9530-83c365c6e611"                       },                       "runAfter": {},                       "type": "AppendToArrayVariable"                     }                   },                   "foreach": "@outputs('Get_Old_Apps')?['body/value']",                   "metadata": {                     "operationMetadataId": "12670626-f5a9-4fe0-a474-0d8c0b0e2ff5"                   },                   "runAfter": {                     "Get_Old_Apps": [                       "Succeeded"                     ]                   },                   "type": "Foreach"                 },                 "Apply_to_each_Flow": {                   "actions": {                     "Append_to_array_variable_-_flowList": {                       "inputs": {                         "name": "flowList",                         "value": {                           "Employee": "@items('Apply_to_each_Employee')?['admin_displayname']",                           "Environment": "@items('Apply_to_each_Flow')?['admin_flowenvironmentdisplayname']",                           "Flow Name": "@items('Apply_to_each_Flow')?['admin_displayname']",                           "Ignored Since": "@formatDateTime(items('Apply_to_each_Flow')?['admin_flowarchiverequestignoredsince'], 'D')"                         }                       },                       "metadata": {                         "operationMetadataId": "dbc93517-e6cc-4bb1-a87e-417a0ef34631"                       },                       "runAfter": {},                       "type": "AppendToArrayVariable"                     }                   },                   "foreach": "@outputs('Get_Old_Flows')?['body/value']",                   "metadata": {                     "operationMetadataId": "2b51d805-fb2d-4f33-95b1-ac249e04fe29"                   },                   "runAfter": {                     "Get_Old_Flows": [                       "Succeeded"                     ]                   },                   "type": "Foreach"                 },                 "Get_Old_Apps": {                   "inputs": {                     "authentication": "@parameters('$authentication')",                     "host": {                       "apiId": "/providers/Microsoft.PowerApps/apis/shared_commondataserviceforapps",                       "connectionName": "shared_commondataserviceforapps_1",                       "operationId": "ListRecords"                     },                     "parameters": {                       "$filter": "admin_apparchiverequestignoredsince lt @{body('Get_past_time')} and _admin_appowner_value eq @{items('Apply_to_each_Employee')?['admin_makerid']}",                       "$select": "admin_apparchiverequestignoredsince, admin_appenvironmentdisplayname, admin_displayname",                       "entityName": "admin_apps"                     }                   },                   "metadata": {                     "operationMetadataId": "129b2b67-568b-4a3b-b97a-66d80f45f66a"                   },                   "runAfter": {},                   "runtimeConfiguration": {                     "paginationPolicy": {                       "minimumItemCount": 100000                     }                   },                   "type": "OpenApiConnection"                 },                 "Get_Old_Flows": {                   "inputs": {                     "authentication": "@parameters('$authentication')",                     "host": {                       "apiId": "/providers/Microsoft.PowerApps/apis/shared_commondataserviceforapps",                       "connectionName": "shared_commondataserviceforapps_1",                       "operationId": "ListRecords"                     },                     "parameters": {                       "$filter": "admin_flowarchiverequestignoredsince lt @{body('Get_past_time')} and _admin_derivedowner_value eq @{items('Apply_to_each_Employee')?['admin_makerid']}",                       "$select": "admin_flowarchiverequestignoredsince, admin_flowenvironmentdisplayname, admin_displayname",                       "entityName": "admin_flows"                     }                   },                   "metadata": {                     "operationMetadataId": "39654742-842d-445a-a709-5ec78d259c99"                   },                   "runAfter": {                     "Apply_to_each_App": [                       "Succeeded"                     ]                   },                   "runtimeConfiguration": {                     "paginationPolicy": {                       "minimumItemCount": 100000                     }                   },                   "type": "OpenApiConnection"                 }               },               "foreach": "@outputs('Get_Employees')?['body/value']",               "metadata": {                 "operationMetadataId": "1060323f-b0a1-4ef0-8dca-6977de651061"               },               "runAfter": {                 "Get_Employees": [                   "Succeeded"                 ]               },               "type": "Foreach"             },             "Clear_appList": {               "inputs": {                 "name": "appList",                 "value": "@variables('emptyList')"               },               "metadata": {                 "operationMetadataId": "b4a061c8-0d0a-48d0-9abb-0390e77202ec"               },               "runAfter": {                 "Send_mail_if_either_array_non-empty": [                   "Succeeded"                 ]               },               "type": "SetVariable"             },             "Clear_flowList": {               "inputs": {                 "name": "flowList",                 "value": "@variables('emptyList')"               },               "metadata": {                 "operationMetadataId": "262ef118-3906-49e9-8185-41bf6d4d2250"               },               "runAfter": {                 "Clear_appList": [                   "Succeeded"                 ]               },               "type": "SetVariable"             },             "Get_Employees": {               "inputs": {                 "authentication": "@parameters('$authentication')",                 "host": {                   "apiId": "/providers/Microsoft.PowerApps/apis/shared_commondataserviceforapps",                   "connectionName": "shared_commondataserviceforapps_1",                   "operationId": "ListRecords"                 },                 "parameters": {                   "$filter": "admin_managerprinciplename eq '@{items('Apply_to_each_M1_Manager')['Manager']}'",                   "$select": "admin_displayname, admin_makerid",                   "entityName": "admin_makers"                 }               },               "metadata": {                 "operationMetadataId": "c488e8e1-702a-46f8-8ea0-f1ffe1d76ff4"               },               "runAfter": {},               "runtimeConfiguration": {                 "paginationPolicy": {                   "minimumItemCount": 100000                 }               },               "type": "OpenApiConnection"             },             "Send_mail_if_either_array_non-empty": {               "actions": {                 "Create_HTML_table_of_Apps": {                   "inputs": {                     "format": "HTML",                     "from": "@variables('appList')"                   },                   "metadata": {                     "operationMetadataId": "d70567b4-166f-40ae-bb3a-8d21a055dd7b"                   },                   "runAfter": {},                   "type": "Table"                 },                 "Create_HTML_table_of_Flows": {                   "inputs": {                     "format": "HTML",                     "from": "@variables('flowList')"                   },                   "metadata": {                     "operationMetadataId": "1d6a26f1-7c47-42a0-b8e0-bafa98450a86"                   },                   "runAfter": {                     "Create_HTML_table_of_Apps": [                       "Succeeded"                     ]                   },                   "type": "Table"                 },                 "Send_an_email_(V2)": {                   "inputs": {                     "authentication": "@parameters('$authentication')",                     "host": {                       "apiId": "/providers/Microsoft.PowerApps/apis/shared_office365",                       "connectionName": "shared_office365",                       "operationId": "SendEmailV2"                     },                     "parameters": {                       "emailMessage/Body": "@{parameters('eMail Header Style (admin_eMailHeaderStyle)')}\n@{parameters('eMail Body Start (admin_eMailBodyStart)')}\n\nIn an attempt to keep our tenant clean, we ask people to confirm that objects that appear no longer useful can be removed from the tenant. <br> \nYou have employees who have not responded to inquies. <br> \n@{if(equals(variables('CleanUpAppURL'), ''), 'Please ask them to go and approve or reject these requests:', concat('Please browse to <a href=', variables('CleanUpAppURL'), '&amp;SelectUsers=1', '> Cleanup Old Objects App </a> and remind them to respond'))}\n<br>\n</p>\n\n<b>APPS</b><br>\n@{body('Create_HTML_table_of_Apps')}<br><br>\n<b>FLOWS</b><br>\n@{body('Create_HTML_table_of_Flows')}\n\n@{parameters('eMail Body Stop (admin_eMailBodyStop)')}",                       "emailMessage/Subject": "Your employees have stale Power Platform objects",                       "emailMessage/To": "@if(equals(parameters('ProductionEnvironment'), true),  items('Apply_to_each_M1_Manager')['Manager'], parameters('Admin eMail'))"                     }                   },                   "metadata": {                     "operationMetadataId": "d9288536-7333-4800-be84-8c8286fe588a"                   },                   "runAfter": {                     "Create_HTML_table_of_Flows": [                       "Succeeded"                     ]                   },                   "type": "OpenApiConnection"                 }               },               "expression": {                 "or": [                   {                     "greater": [                       "@length(variables('appList'))",                       0                     ]                   },                   {                     "greater": [                       "@length(variables('flowList'))",                       0                     ]                   }                 ]               },               "metadata": {                 "operationMetadataId": "ea1863c5-d6a8-4e75-9c4f-9b81579757f6"               },               "runAfter": {                 "Apply_to_each_Employee": [                   "Succeeded"                 ]               },               "type": "If"             }           },           "foreach": "@variables('DistinctM1List')",           "metadata": {             "operationMetadataId": "39215070-f479-4daf-96eb-d5779145a2ac"           },           "runAfter": {             "Create_DistinctM1List": [               "Succeeded"             ]           },           "type": "Foreach"         },         "Create_DistinctM1List": {           "inputs": {             "variables": [               {                 "name": "DistinctM1List",                 "type": "array",                 "value": "@union(body('Select_Alias'), body('Select_Alias'))"               }             ]           },           "metadata": {             "operationMetadataId": "4a83e41d-026b-4260-b299-44297a6ec7ea"           },           "runAfter": {             "Select_Alias": [               "Succeeded"             ]           },           "type": "InitializeVariable"         },         "Get_Manager_Principle_Names": {           "inputs": {             "authentication": "@parameters('$authentication')",             "host": {               "apiId": "/providers/Microsoft.PowerApps/apis/shared_commondataserviceforapps",               "connectionName": "shared_commondataserviceforapps_1",               "operationId": "ListRecords"             },             "parameters": {               "$filter": "admin_managerprinciplename ne null",               "$select": "admin_managerprinciplename",               "entityName": "admin_makers"             }           },           "metadata": {             "operationMetadataId": "6ae3e078-b142-42e6-b83c-ca547c4565dd"           },           "runAfter": {             "Set_env_var_CleanUpAppURL": [               "Succeeded"             ]           },           "runtimeConfiguration": {             "paginationPolicy": {               "minimumItemCount": 100000             }           },           "type": "OpenApiConnection"         },         "Get_past_time": {           "inputs": {             "interval": 1,             "timeUnit": "Month"           },           "kind": "GetPastTime",           "metadata": {             "operationMetadataId": "a88850f4-9d37-4c6a-88cc-721ed9b86168"           },           "runAfter": {},           "type": "Expression"         },         "Initialize_appList": {           "inputs": {             "variables": [               {                 "name": "appList",                 "type": "array"               }             ]           },           "metadata": {             "operationMetadataId": "94d418e9-bf70-4e80-9753-5c33b53c1ab7"           },           "runAfter": {             "Get_past_time": [               "Succeeded"             ]           },           "type": "InitializeVariable"         },         "Initialize_emptyList": {           "inputs": {             "variables": [               {                 "name": "emptyList",                 "type": "array"               }             ]           },           "metadata": {             "operationMetadataId": "05d99ac4-3bc3-4f33-ae9d-3b5847bdd2fc"           },           "runAfter": {             "Initialize_flowList": [               "Succeeded"             ]           },           "type": "InitializeVariable"         },         "Initialize_flowList": {           "inputs": {             "variables": [               {                 "name": "flowList",                 "type": "array"               }             ]           },           "metadata": {             "operationMetadataId": "4abdd182-28e6-42dc-a21e-81dfeb897415"           },           "runAfter": {             "Initialize_appList": [               "Succeeded"             ]           },           "type": "InitializeVariable"         },         "Initialize_var_CleanUpAppURL": {           "inputs": {             "variables": [               {                 "name": "CleanUpAppURL",                 "type": "string"               }             ]           },           "metadata": {             "operationMetadataId": "a7b5ced4-f5fc-43f9-812d-a9d6ab3899eb"           },           "runAfter": {             "Initialize_emptyList": [               "Succeeded"             ]           },           "type": "InitializeVariable"         },         "Select_Alias": {           "inputs": {             "from": "@outputs('Get_Manager_Principle_Names')?['body/value']",             "select": {               "manager": "@item()?['admin_managerprinciplename']"             }           },           "metadata": {             "operationMetadataId": "bda8bfc2-e6e6-44a7-9dc1-d09fe3789ef5"           },           "runAfter": {             "Get_Manager_Principle_Names": [               "Succeeded"             ]           },           "type": "Select"         },         "Set_env_var_CleanUpAppURL": {           "actions": {             "Get_ID_from_CleanUpAppURL": {               "inputs": "@first(body('ListDefns-CleanUpAppURL')?['value'])?['environmentvariabledefinitionid']",               "metadata": {                 "operationMetadataId": "35daa390-ef10-4e7a-ad74-4616a48dfc39"               },               "runAfter": {                 "ListDefns-CleanUpAppURL": [                   "Succeeded"                 ]               },               "type": "Compose"             },             "ListCurrents-CleanUpAppURL": {               "inputs": {                 "authentication": "@parameters('$authentication')",                 "host": {                   "apiId": "/providers/Microsoft.PowerApps/apis/shared_commondataserviceforapps",                   "connectionName": "shared_commondataserviceforapps_1",                   "operationId": "ListRecords"                 },                 "parameters": {                   "$filter": "_environmentvariabledefinitionid_value eq @{outputs('Get_ID_from_CleanUpAppURL')}",                   "$select": "value",                   "entityName": "environmentvariablevalues"                 }               },               "metadata": {                 "operationMetadataId": "db44e18b-c951-43be-8ed2-990fa2721e87"               },               "runAfter": {                 "Get_ID_from_CleanUpAppURL": [                   "Succeeded"                 ]               },               "runtimeConfiguration": {                 "paginationPolicy": {                   "minimumItemCount": 100000                 }               },               "type": "OpenApiConnection"             },             "ListDefns-CleanUpAppURL": {               "inputs": {                 "authentication": "@parameters('$authentication')",                 "host": {                   "apiId": "/providers/Microsoft.PowerApps/apis/shared_commondataserviceforapps",                   "connectionName": "shared_commondataserviceforapps_1",                   "operationId": "ListRecords"                 },                 "parameters": {                   "$filter": "schemaname eq 'admin_CleanupOldObjectsAppURL'",                   "$select": "environmentvariabledefinitionid, defaultvalue",                   "entityName": "environmentvariabledefinitions"                 }               },               "metadata": {                 "operationMetadataId": "3e4048d2-4f28-43c6-8e87-83b68c7c79aa"               },               "runAfter": {},               "runtimeConfiguration": {                 "paginationPolicy": {                   "minimumItemCount": 100000                 }               },               "type": "OpenApiConnection"             },             "Set_to_current_or_default_-_CleanUpAppURL": {               "actions": {                 "Set_CleanUpAppURL_-_CurrentValue": {                   "inputs": {                     "name": "CleanUpAppURL",                     "value": "@{first(body('ListCurrents-CleanUpAppURL')?['value'])?['Value']}"                   },                   "metadata": {                     "operationMetadataId": "48e7d428-6134-4592-8a06-b7f1e52518ac"                   },                   "runAfter": {},                   "type": "SetVariable"                 }               },               "else": {                 "actions": {                   "Set_CleanUpAppURL_-_DefaultValue": {                     "inputs": {                       "name": "CleanUpAppURL",                       "value": "@{first(body('ListDefns-CleanUpAppURL')?['value'])?['defaultvalue']}"                     },                     "metadata": {                       "operationMetadataId": "c20649bc-6bdb-4e9c-bf7c-bad351afd877"                     },                     "runAfter": {},                     "type": "SetVariable"                   }                 }               },               "expression": {                 "greaterOrEquals": [                   "@length(body('ListCurrents-CleanUpAppURL')?['value'])\r\n",                   1                 ]               },               "metadata": {                 "operationMetadataId": "c2ad9e77-30d4-4855-89ee-691169650c0d"               },               "runAfter": {                 "ListCurrents-CleanUpAppURL": [                   "Succeeded"                 ]               },               "type": "If"             }           },           "description": "must use old technique for fetching as env var is optional",           "metadata": {             "operationMetadataId": "550ccacb-97c0-4b23-8eae-d781f108c319"           },           "runAfter": {             "Initialize_var_CleanUpAppURL": [               "Succeeded"             ]           },           "type": "Scope"         }       },       "contentVersion": "1.0.0.0",       "outputs": {},       "parameters": {         "$authentication": {           "defaultValue": {},           "type": "SecureObject"         },         "$connections": {           "defaultValue": {},           "type": "Object"         },         "Admin eMail": {           "defaultValue": "adelev@pplatform.onmicrosoft.com",           "metadata": {             "description": "CoE Admin eMail. Email address used in flows to send notifications to admins; this should be either your email address or a distribution list",             "schemaName": "admin_AdminMail"           },           "type": "String"         },         "ProductionEnvironment": {           "defaultValue": true,           "metadata": {             "description": "true by default. set to false if you are creating a dev type envt. this will allow some flows to set target users to the admin instead of object owners",             "schemaName": "admin_ProductionEnvironment"           },           "type": "Bool"         },         "eMail Body Start (admin_eMailBodyStart)": {           "defaultValue": "<body>      <div id='content'>          <table id='form'>              <tr>                  <td><img id='logo' src='https://upload.wikimedia.org/wikipedia/commons/thumb/9/96/Microsoft_logo_%282012%29.svg/1280px-Microsoft_logo_%282012%29.svg.png'></td>              </tr>              <tr>                  <td>                      <p id='header'>Power Platform</p>                  </td>              </tr>              <tr id='ribbon'>                  <td>              <tr>                  <td></td>              </tr>              <tr id='message'>                  <td>",           "metadata": {             "description": "Starter HTML format for eMails",             "schemaName": "admin_eMailBodyStart"           },           "type": "String"         },         "eMail Body Stop (admin_eMailBodyStop)": {           "defaultValue": "</td>              </tr>          </table>      </div>  </body>",           "metadata": {             "description": "Ending HTML format for eMails",             "schemaName": "admin_eMailBodyStop"           },           "type": "String"         },         "eMail Header Style (admin_eMailHeaderStyle)": {           "defaultValue": "<head> <style>  body {     background-color: #efefef;     font-family: Segoe UI;     text-align: center; }  #content {     border: 1px solid #742774;     background-color: #ffffff;     width: 650px;     margin-bottom: 50px;     display: inline-block; }  #logo {     margin-left: 52px;     margin-top: 40px;     width: 60px;     height: 12px; }  #header {     font-size: 24px;     margin-left: 50px;     margin-top: 20px;     margin-bottom: 20px; }  #ribbon {     background-color: #742774; }  #ribbonContent {     font-size: 20px;     padding-left: 30px;     padding-top: 10px;     padding-bottom: 20px;     color: white;     width: 100%;     padding-right: 10px; }  #message > td {     font-size: 14px;     padding-left: 60px;     padding-right: 60px;     padding-top: 20px;     padding-bottom: 40px; }  #footer > td {     font-size: 12px;     background-color: #cfcfcf;     height: 40px;     padding-top: 15px;     padding-left: 40px;     padding-bottom: 20px; }  #form {     width: 100%;     border-collapse: collapse; }  #app {     width: 60%;     font-size: 12px; }  .label {     color: #5f5f5f }  table {     border-collapse: collapse;     width: 100%; }  th, td {     padding: 8px;     text-align: left;     border-bottom: 1px solid #ddd; }  </style> </head>",           "metadata": {             "description": "CSS/Style used for eMails",             "schemaName": "admin_eMailHeaderStyle"           },           "type": "String"         }       },       "triggers": {         "Recurrence": {           "metadata": {             "operationMetadataId": "52b0baf1-edbd-4192-82a4-38efe3ab6825"           },           "recurrence": {             "frequency": "Week",             "interval": 1           },           "type": "Recurrence"         }       }     }   },   "schemaVersion": "1.0.0.0" }
