<environmentvariabledefinition schemaname="cat_DependentEnvironmentUrl">
  <defaultvalue>https://githubdevops.crm.dynamics.com/</defaultvalue>
  <description default="Dependencies mentioned in Dependency Entity will be fetched from here.">
    <label description="Dependencies mentioned in Dependency Entity will be fetched from here." languagecode="1033" />
  </description>
  <displayname default="DependentEnvironmentUrl">
    <label description="DependentEnvironmentUrl" languagecode="1033" />
  </displayname>
  <introducedversion>1.0.0.76</introducedversion>
  <iscustomizable>1</iscustomizable>
  <isrequired>0</isrequired>
  <type>100000000</type>
</environmentvariabledefinition>