<environmentvariabledefinition schemaname="admin_PowerAutomateEnvironmentVariable">
  <description default="Environment, including geographic location, for Power Automate - Ex for commercial: https://flow.microsoft.com/manage/environments/">
    <label description="Environment, including geographic location, for Power Automate - Ex for commercial: https://flow.microsoft.com/manage/environments/" languagecode="1033" />
  </description>
  <displayname default="Power Automate Environment Variable">
    <label description="Power Automate Environment Variable" languagecode="1033" />
  </displayname>
  <introducedversion>1.62</introducedversion>
  <iscustomizable>1</iscustomizable>
  <isrequired>0</isrequired>
  <type>100000000</type>
</environmentvariabledefinition>