{   "properties": {     "connectionReferences": {       "shared_office365": {         "api": {           "name": "shared_office365"         },         "connection": {           "connectionReferenceLogicalName": "new_CoENurtureO365Outlook"         },         "runtimeSource": "embedded"       },       "shared_rss": {         "api": {           "name": "shared_rss"         },         "connection": {           "connectionReferenceLogicalName": "new_CoENurtureRSS"         },         "runtimeSource": "embedded"       }     },     "definition": {       "$schema": "https://schema.management.azure.com/providers/Microsoft.Logic/schemas/2016-06-01/workflowdefinition.json#",       "actions": {         "Apply_to_each_Flow_Blog_post": {           "actions": {             "Add_Flow_Blog_post_to_array": {               "inputs": {                 "name": "blogContent",                 "value": {                   "Summary": "@items('Apply_to_each_Flow_Blog_post')?['summary']",                   "Title": "@concat('<a href=\"', item()?['primaryLink'], '\">', item()['title'], '</a>')"                 }               },               "runAfter": {},               "type": "AppendToArrayVariable"             }           },           "foreach": "@body('List_Flow_Blog_RSS_feed_items')",           "runAfter": {             "Apply_to_each_PowerApps_Blog_post": [               "Succeeded"             ]           },           "type": "Foreach"         },         "Apply_to_each_PowerApps_Blog_post": {           "actions": {             "Add_PowerApps_Blog_post_to_array": {               "inputs": {                 "name": "blogContent",                 "value": {                   "Summary": "@items('Apply_to_each_PowerApps_Blog_post')?['summary']",                   "Title": "@concat('<a href=\"', item()?['primaryLink'], '\">', item()['title'], '</a>')"                 }               },               "runAfter": {},               "type": "AppendToArrayVariable"             }           },           "foreach": "@body('List_PowerApps_Blog_RSS_feed_items')",           "runAfter": {             "List_Power_Virtual_Agent_RSS_feed_items": [               "Succeeded"             ]           },           "type": "Foreach"         },         "Apply_to_each_PowerApps_Community_Blog_Post": {           "actions": {             "Add_PowerApps_Community_Blog_post_to_array": {               "inputs": {                 "name": "blogContent",                 "value": {                   "summary": "@items('Apply_to_each_PowerApps_Community_Blog_Post')?['summary']",                   "title": "@concat('<a href=\"', item()?['primaryLink'], '\">', item()['title'], '</a>')"                 }               },               "runAfter": {},               "type": "AppendToArrayVariable"             }           },           "foreach": "@body('List_PowerApps_Community_Blog_RSS_feed_items')",           "runAfter": {             "Apply_to_each_Flow_Blog_post": [               "Succeeded"             ]           },           "type": "Foreach"         },         "Apply_to_each_Power_BI_Blog_Post": {           "actions": {             "Add_Power_BI_Blog_post_to_array": {               "inputs": {                 "name": "blogContent",                 "value": {                   "summary": "@items('Apply_to_each_Power_BI_Blog_Post')?['summary']",                   "title": "@concat('<a href=\"', item()?['primaryLink'], '\">', item()['title'], '</a>')"                 }               },               "runAfter": {},               "type": "AppendToArrayVariable"             }           },           "foreach": "@body('List_Power_BI_RSS_feed_items')",           "runAfter": {             "Apply_to_each_PowerApps_Community_Blog_Post": [               "Succeeded"             ]           },           "type": "Foreach"         },         "Apply_to_each_Power_Virtual_Agent_Blog_Post": {           "actions": {             "Add_Power_Virtual_Agent_Blog_post_to_array": {               "inputs": {                 "name": "blogContent",                 "value": {                   "summary": "@items('Apply_to_each_Power_Virtual_Agent_Blog_Post')?['summary']",                   "title": "@concat('<a href=\"', item()?['primaryLink'], '\">', item()['title'], '</a>')"                 }               },               "runAfter": {},               "type": "AppendToArrayVariable"             }           },           "foreach": "@body('List_Power_Virtual_Agent_RSS_feed_items')",           "runAfter": {             "Apply_to_each_Power_BI_Blog_Post": [               "Succeeded"             ]           },           "type": "Foreach"         },         "Compose_Blog_HTML_Table": {           "inputs": "@replace(replace(replace(body('Create_Blog_HTML_table'), '&lt;', '<'), '&gt;', '>'), '&quot;', '\"')",           "runAfter": {             "Create_Blog_HTML_table": [               "Succeeded"             ]           },           "type": "Compose"         },         "Create_Blog_HTML_table": {           "inputs": {             "format": "HTML",             "from": "@variables('blogContent')"           },           "runAfter": {             "Apply_to_each_Power_Virtual_Agent_Blog_Post": [               "Succeeded"             ]           },           "type": "Table"         },         "Get_Date_7_days_ago": {           "inputs": {             "baseTime": "@{utcNow()}",             "interval": 7,             "timeUnit": "Day"           },           "kind": "SubtractFromTime",           "runAfter": {},           "type": "Expression"         },         "Initialize_Admin_eMail_variable": {           "description": "Environment location specific Flow URL",           "inputs": {             "variables": [               {                 "name": "adminMail",                 "type": "String",                 "value": "@parameters('Admin eMail')"               }             ]           },           "runAfter": {             "Initialize_Blog_Content_Array": [               "Succeeded"             ]           },           "type": "InitializeVariable"         },         "Initialize_Blog_Content_Array": {           "inputs": {             "variables": [               {                 "name": "blogContent",                 "type": "Array"               }             ]           },           "runAfter": {             "Get_Date_7_days_ago": [               "Succeeded"             ]           },           "type": "InitializeVariable"         },         "Initialize_htmlHeader_(style)": {           "inputs": {             "variables": [               {                 "name": "htmlHeader",                 "type": "String",                 "value": "@parameters('eMail Header Style')"               }             ]           },           "runAfter": {             "Initialize_Admin_eMail_variable": [               "Succeeded"             ]           },           "type": "InitializeVariable"         },         "List_Flow_Blog_RSS_feed_items": {           "inputs": {             "authentication": "@parameters('$authentication')",             "host": {               "connection": {                 "name": "@parameters('$connections')['shared_rss']['connectionId']"               }             },             "method": "get",             "path": "/ListFeedItems",             "queries": {               "feedUrl": "https://flow.microsoft.com/en-us/blog/feed/",               "since": "@body('Get_Date_7_days_ago')"             }           },           "metadata": {             "flowSystemMetadata": {               "swaggerOperationId": "ListFeedItems"             }           },           "runAfter": {             "List_PowerApps_Community_Blog_RSS_feed_items": [               "Succeeded"             ]           },           "type": "ApiConnection"         },         "List_PowerApps_Blog_RSS_feed_items": {           "inputs": {             "authentication": "@parameters('$authentication')",             "host": {               "connection": {                 "name": "@parameters('$connections')['shared_rss']['connectionId']"               }             },             "method": "get",             "path": "/ListFeedItems",             "queries": {               "feedUrl": "https://powerapps.microsoft.com/en-us/blog/feed/",               "since": "@body('Get_Date_7_days_ago')"             }           },           "metadata": {             "flowSystemMetadata": {               "swaggerOperationId": "ListFeedItems"             }           },           "runAfter": {             "Initialize_htmlHeader_(style)": [               "Succeeded"             ]           },           "type": "ApiConnection"         },         "List_PowerApps_Community_Blog_RSS_feed_items": {           "inputs": {             "authentication": "@parameters('$authentication')",             "host": {               "connection": {                 "name": "@parameters('$connections')['shared_rss']['connectionId']"               }             },             "method": "get",             "path": "/ListFeedItems",             "queries": {               "feedUrl": "https://powerusers.microsoft.com/jgvjg48436/rss/board?board.id=PowerAppsBlog",               "since": "@body('Get_Date_7_days_ago')"             }           },           "metadata": {             "flowSystemMetadata": {               "swaggerOperationId": "ListFeedItems"             }           },           "runAfter": {             "List_PowerApps_Blog_RSS_feed_items": [               "Succeeded"             ]           },           "type": "ApiConnection"         },         "List_Power_BI_RSS_feed_items": {           "inputs": {             "authentication": "@parameters('$authentication')",             "host": {               "connection": {                 "name": "@parameters('$connections')['shared_rss']['connectionId']"               }             },             "method": "get",             "path": "/ListFeedItems",             "queries": {               "feedUrl": "https://powerbi.microsoft.com/en-us/blog/feed/",               "since": "@body('Get_Date_7_days_ago')"             }           },           "metadata": {             "flowSystemMetadata": {               "swaggerOperationId": "ListFeedItems"             }           },           "runAfter": {             "List_Flow_Blog_RSS_feed_items": [               "Succeeded"             ]           },           "type": "ApiConnection"         },         "List_Power_Virtual_Agent_RSS_feed_items": {           "inputs": {             "authentication": "@parameters('$authentication')",             "host": {               "connection": {                 "name": "@parameters('$connections')['shared_rss']['connectionId']"               }             },             "method": "get",             "path": "/ListFeedItems",             "queries": {               "feedUrl": "https://powervirtualagents.microsoft.com/en-us/blog/feed/",               "since": "@body('Get_Date_7_days_ago')"             }           },           "metadata": {             "flowSystemMetadata": {               "swaggerOperationId": "ListFeedItems"             }           },           "runAfter": {             "List_Power_BI_RSS_feed_items": [               "Succeeded"             ]           },           "type": "ApiConnection"         },         "Send_an_email_(V2)": {           "inputs": {             "authentication": "@parameters('$authentication')",             "body": {               "Body": "@{variables('htmlHeader')}\n<strong>Power Platform Product updates, news and announcements </strong>since <strong>@{formatDateTime(body('Get_Date_7_days_ago'), 'yyyy-MM-dd')}</strong><strong></strong><br>\n<br>\n@{outputs('Compose_Blog_HTML_Table')}<br>\n</p>",               "Importance": "Normal",               "Subject": "Internal Power Platform Newsletter",               "To": "@variables('adminMail')"             },             "host": {               "connection": {                 "name": "@parameters('$connections')['shared_office365']['connectionId']"               }             },             "method": "post",             "path": "/v2/Mail"           },           "metadata": {             "flowSystemMetadata": {               "swaggerOperationId": "SendEmailV2"             }           },           "runAfter": {             "Compose_Blog_HTML_Table": [               "Succeeded"             ]           },           "type": "ApiConnection"         }       },       "contentVersion": "1.0.0.0",       "parameters": {         "$authentication": {           "defaultValue": {},           "type": "SecureObject"         },         "$connections": {           "defaultValue": {},           "type": "Object"         },         "Admin eMail": {           "defaultValue": "adelev@pplatform.onmicrosoft.com",           "metadata": {             "description": "CoE Admin eMail. Email address used in flows to send notifications to admins; this should be either your email address or a distribution list",             "schemaName": "admin_AdminMail"           },           "type": "String"         },         "eMail Header Style": {           "defaultValue": "<head> <style>  body {     background-color: #efefef;     font-family: Segoe UI;     text-align: left; }  #content {     border: 1px solid #742774;     background-color: #ffffff;     width: 650px;     margin-bottom: 50px;     display: inline-block; }  #logo {     margin-left: 52px;     margin-top: 40px;     width: 60px;     height: 12px; }  #header {     font-size: 24px;     margin-left: 50px;     margin-top: 20px;     margin-bottom: 20px; }  #ribbon {     background-color: #742774; }  #ribbonContent {     font-size: 20px;     padding-left: 30px;     padding-top: 10px;     padding-bottom: 20px;     color: white;     width: 100%;     padding-right: 10px; }  #message > td {     font-size: 14px;     padding-left: 60px;     padding-right: 60px;     padding-top: 20px;     padding-bottom: 40px; }  #footer > td {     font-size: 12px;     background-color: #cfcfcf;     height: 40px;     padding-top: 15px;     padding-left: 40px;     padding-bottom: 20px; }  #form {     width: 100%;     border-collapse: collapse; }  #app {     width: 60%;     font-size: 12px; }  .label {     color: #5f5f5f }  table {     border-collapse: collapse;     width: 100%; }  th, td {     padding: 8px;     text-align: left;     border-bottom: 1px solid #ddd; }  </style> </head>",           "metadata": {             "description": "CSS/Style used for eMails",             "schemaName": "admin_eMailHeaderStyle"           },           "type": "String"         }       },       "triggers": {         "Recurrence": {           "recurrence": {             "frequency": "Week",             "interval": 1,             "schedule": {               "weekDays": [                 "Monday"               ]             },             "startTime": "2019-10-03T09:00:00Z"           },           "type": "Recurrence"         }       }     }   },   "schemaVersion": "1.0.0.0" }
