{   "properties": {     "connectionReferences": {       "shared_commondataserviceforapps": {         "api": {           "name": "shared_commondataserviceforapps"         },         "connection": {           "connectionReferenceLogicalName": "new_CoENurtureDataverse"         },         "runtimeSource": "embedded"       },       "shared_office365": {         "api": {           "name": "shared_office365"         },         "connection": {           "connectionReferenceLogicalName": "new_CoENurtureO365Outlook"         },         "runtimeSource": "embedded"       }     },     "definition": {       "$schema": "https://schema.management.azure.com/providers/Microsoft.Logic/schemas/2016-06-01/workflowdefinition.json#",       "actions": {         "Compose": {           "inputs": "@join(body('Select_attendee_email'), ';')",           "runAfter": {             "Select_attendee_email": [               "Succeeded"             ]           },           "type": "Compose"         },         "Filter_array_": {           "inputs": {             "from": "@outputs('List_Events')?['body/value']",             "where": "@equals(formatDateTime(item()?['admin_registeredevent/admin_starttime'], 'yyyy-MM-dd'), formatDateTime(body('Get_future_time'), 'yyyy-MM-dd'))"           },           "runAfter": {             "List_Events": [               "Succeeded"             ]           },           "type": "Query"         },         "Get_future_time": {           "inputs": {             "interval": 3,             "timeUnit": "Day"           },           "kind": "GetFutureTime",           "runAfter": {},           "type": "Expression"         },         "List_Events": {           "inputs": {             "authentication": "@parameters('$authentication')",             "host": {               "apiId": "/providers/Microsoft.PowerApps/apis/shared_commondataserviceforapps",               "connectionName": "shared_commondataserviceforapps",               "operationId": "ListRecords"             },             "parameters": {               "$expand": "admin_RegisteredEvent($select=admin_starttime,admin_endtime)",               "$filter": "admin_RegisteredEvent/admin_inadayeventid ne null",               "$select": "admin_attendeeemail",               "entityName": "admin_inadayattendeeses"             }           },           "runAfter": {             "Get_future_time": [               "Succeeded"             ]           },           "type": "OpenApiConnection"         },         "Select_attendee_email": {           "inputs": {             "from": "@body('Filter_array_')",             "select": "@item()?['admin_attendeeemail']"           },           "runAfter": {             "Filter_array_": [               "Succeeded"             ]           },           "type": "Select"         },         "Send_mail_if_there_is_mail_to_send": {           "actions": {             "Send_an_email_(V2)": {               "inputs": {                 "authentication": "@parameters('$authentication')",                 "host": {                   "apiId": "/providers/Microsoft.PowerApps/apis/shared_office365",                   "connectionName": "shared_office365",                   "operationId": "SendEmailV2"                 },                 "parameters": {                   "emailMessage/Body": "@{parameters('eMail Header Style')}\n<p>Don't forget your Power Platform event is coming up on.<br>\n<br>\nIf you can no longer make it, please cancel your attendence using the \"Training In A Day Registration\" app.<br>\n<br>\n<strong>What you can expect on the day:</strong><br>\nThis is a beginner level lab for you to get hands on experience with Microsoft Business Application Platform technologies – PowerApps, Microsoft Flow and Microsoft Forms. The labs include step-by-step instructions for someone new to these technologies to build a solutions in less then a day.</p>\nQuestions? Get help from <a href='@{parameters('Community URL')}'>our community</a></p>",                   "emailMessage/Subject": " Power Platform Event - Your upcoming training",                   "emailMessage/To": "@outputs('Compose')"                 }               },               "runAfter": {},               "type": "OpenApiConnection"             }           },           "expression": {             "greater": [               "@length(body('Select_attendee_email'))",               0             ]           },           "runAfter": {             "Compose": [               "Succeeded"             ]           },           "type": "If"         }       },       "contentVersion": "1.0.0.0",       "outputs": {},       "parameters": {         "$authentication": {           "defaultValue": {},           "type": "SecureObject"         },         "$connections": {           "defaultValue": {},           "type": "Object"         },         "Community URL": {           "defaultValue": "abc",           "metadata": {             "description": "Link to your internal Microsoft Power Platform community (for example, Yammer or Teams)",             "schemaName": "admin_CommunityURL"           },           "type": "String"         },         "eMail Header Style": {           "defaultValue": "<head> <style>  body {     background-color: #efefef;     font-family: Segoe UI;     text-align: left; }  #content {     border: 1px solid #742774;     background-color: #ffffff;     width: 650px;     margin-bottom: 50px;     display: inline-block; }  #logo {     margin-left: 52px;     margin-top: 40px;     width: 60px;     height: 12px; }  #header {     font-size: 24px;     margin-left: 50px;     margin-top: 20px;     margin-bottom: 20px; }  #ribbon {     background-color: #742774; }  #ribbonContent {     font-size: 20px;     padding-left: 30px;     padding-top: 10px;     padding-bottom: 20px;     color: white;     width: 100%;     padding-right: 10px; }  #message > td {     font-size: 14px;     padding-left: 60px;     padding-right: 60px;     padding-top: 20px;     padding-bottom: 40px; }  #footer > td {     font-size: 12px;     background-color: #cfcfcf;     height: 40px;     padding-top: 15px;     padding-left: 40px;     padding-bottom: 20px; }  #form {     width: 100%;     border-collapse: collapse; }  #app {     width: 60%;     font-size: 12px; }  .label {     color: #5f5f5f }  table {     border-collapse: collapse;     width: 100%; }  th, td {     padding: 8px;     text-align: left;     border-bottom: 1px solid #ddd; }  </style> </head>",           "metadata": {             "description": "CSS/Style used for eMails",             "schemaName": "admin_eMailHeaderStyle"           },           "type": "String"         }       },       "triggers": {         "Recurrence": {           "recurrence": {             "frequency": "Day",             "interval": 1,             "schedule": {               "hours": [                 "10"               ]             }           },           "type": "Recurrence"         }       }     }   },   "schemaVersion": "1.0.0.0" }
