{   "properties": {     "connectionReferences": {       "shared_commondataserviceforapps": {         "api": {           "name": "shared_commondataserviceforapps"         },         "connection": {           "connectionReferenceLogicalName": "new_CoENurtureDataverse"         },         "runtimeSource": "embedded"       },       "shared_office365": {         "api": {           "name": "shared_office365"         },         "connection": {           "connectionReferenceLogicalName": "new_CoENurtureO365Outlook"         },         "runtimeSource": "embedded"       }     },     "definition": {       "$schema": "https://schema.management.azure.com/providers/Microsoft.Logic/schemas/2016-06-01/workflowdefinition.json#",       "actions": {         "Compose_Email_To_Field": {           "inputs": "@join(body('Select_attendee_email'), ';')",           "runAfter": {             "Select_attendee_email": [               "Succeeded"             ]           },           "type": "Compose"         },         "Filter_array": {           "inputs": {             "from": "@outputs('List_events')?['body/value']",             "where": "@equals(formatDateTime(item()?['admin_registeredevent/admin_starttime'], 'yyyy-MM-dd'), formatDateTime(utcNow(), 'yyyy-MM-dd'))"           },           "runAfter": {             "List_events": [               "Succeeded"             ]           },           "type": "Query"         },         "List_events": {           "inputs": {             "authentication": "@parameters('$authentication')",             "host": {               "apiId": "/providers/Microsoft.PowerApps/apis/shared_commondataserviceforapps",               "connectionName": "shared_commondataserviceforapps",               "operationId": "ListRecords"             },             "parameters": {               "$expand": "admin_RegisteredEvent($select=admin_starttime,admin_endtime,admin_name)",               "$filter": "admin_RegisteredEvent/admin_inadayeventid ne null",               "$select": "admin_attendeeemail",               "entityName": "admin_inadayattendeeses"             }           },           "runAfter": {},           "type": "OpenApiConnection"         },         "Select_attendee_email": {           "inputs": {             "from": "@body('Filter_array')",             "select": "@item()?['admin_attendeeemail']"           },           "runAfter": {             "Filter_array": [               "Succeeded"             ]           },           "type": "Select"         },         "Send_mail_if_there_is_mail_to_send": {           "actions": {             "Send_an_email_(V2)": {               "inputs": {                 "authentication": "@parameters('$authentication')",                 "host": {                   "apiId": "/providers/Microsoft.PowerApps/apis/shared_office365",                   "connectionName": "shared_office365",                   "operationId": "SendEmailV2"                 },                 "parameters": {                   "emailMessage/Body": "<p>@{parameters('eMail Header Style')} .</p>\n<p>Thank you for attending the  event today. We hope you enjoyed the event and are looking forward to seeing what you will create with the Power Platform Tools.<br>\n<br>\nWe'd love to hear from you, please fill out our <a href=\"&lt;object custom=\">@{parameters('Training In a Day - Feedback Form')}\"&gt;feedback survey</a> to let us know what you thought of the day.<br>\n<br>\n<br>\n</p>",                   "emailMessage/Subject": " Power Platform Event - Feedback request ",                   "emailMessage/To": "@outputs('Compose_Email_To_Field')"                 }               },               "runAfter": {},               "type": "OpenApiConnection"             }           },           "expression": {             "greater": [               "@length(body('Select_attendee_email'))",               0             ]           },           "runAfter": {             "Compose_Email_To_Field": [               "Succeeded"             ]           },           "type": "If"         }       },       "contentVersion": "1.0.0.0",       "outputs": {},       "parameters": {         "$authentication": {           "defaultValue": {},           "type": "SecureObject"         },         "$connections": {           "defaultValue": {},           "type": "Object"         },         "Training In a Day - Feedback Form": {           "defaultValue": "vx",           "metadata": {             "description": "Link to the Feedback form for your Training in a day course",             "schemaName": "admin_TrainingInaDayFeedbackForm"           },           "type": "String"         },         "eMail Header Style": {           "defaultValue": "<head> <style>  body {     background-color: #efefef;     font-family: Segoe UI;     text-align: left; }  #content {     border: 1px solid #742774;     background-color: #ffffff;     width: 650px;     margin-bottom: 50px;     display: inline-block; }  #logo {     margin-left: 52px;     margin-top: 40px;     width: 60px;     height: 12px; }  #header {     font-size: 24px;     margin-left: 50px;     margin-top: 20px;     margin-bottom: 20px; }  #ribbon {     background-color: #742774; }  #ribbonContent {     font-size: 20px;     padding-left: 30px;     padding-top: 10px;     padding-bottom: 20px;     color: white;     width: 100%;     padding-right: 10px; }  #message > td {     font-size: 14px;     padding-left: 60px;     padding-right: 60px;     padding-top: 20px;     padding-bottom: 40px; }  #footer > td {     font-size: 12px;     background-color: #cfcfcf;     height: 40px;     padding-top: 15px;     padding-left: 40px;     padding-bottom: 20px; }  #form {     width: 100%;     border-collapse: collapse; }  #app {     width: 60%;     font-size: 12px; }  .label {     color: #5f5f5f }  table {     border-collapse: collapse;     width: 100%; }  th, td {     padding: 8px;     text-align: left;     border-bottom: 1px solid #ddd; }  </style> </head>",           "metadata": {             "description": "CSS/Style used for eMails",             "schemaName": "admin_eMailHeaderStyle"           },           "type": "String"         }       },       "triggers": {         "Recurrence": {           "recurrence": {             "frequency": "Day",             "interval": 1,             "schedule": {               "hours": [                 "19"               ]             }           },           "type": "Recurrence"         }       }     }   },   "schemaVersion": "1.0.0.0" }
