{   "properties": {     "connectionReferences": {       "shared_commondataserviceforapps": {         "api": {           "name": "shared_commondataserviceforapps"         },         "connection": {           "connectionReferenceLogicalName": "new_CoENurtureDataverse"         },         "runtimeSource": "embedded"       },       "shared_office365": {         "api": {           "name": "shared_office365"         },         "connection": {           "connectionReferenceLogicalName": "new_CoENurtureO365Outlook"         },         "runtimeSource": "embedded"       }     },     "definition": {       "$schema": "https://schema.management.azure.com/providers/Microsoft.Logic/schemas/2016-06-01/workflowdefinition.json#",       "actions": {         "Get_event_details": {           "inputs": {             "authentication": "@parameters('$authentication')",             "host": {               "apiId": "/providers/Microsoft.PowerApps/apis/shared_commondataserviceforapps",               "connectionName": "shared_commondataserviceforapps",               "operationId": "GetItem"             },             "parameters": {               "entityName": "admin_inadayevents",               "recordId": "@triggerOutputs()?['body/_admin_registeredevent_value']"             }           },           "runAfter": {},           "type": "OpenApiConnection"         },         "Send_an_email_(V2)": {           "inputs": {             "authentication": "@parameters('$authentication')",             "host": {               "apiId": "/providers/Microsoft.PowerApps/apis/shared_office365",               "connectionName": "shared_office365",               "operationId": "SendEmailV2"             },             "parameters": {               "emailMessage/Body": "<p>@{parameters('eMail Header Style')}</p>\n<p>We're pleased to confirm your registration for the @{outputs('Get_event_details')?['body/admin_name']} event on @{formatDateTime(outputs('Get_event_details')?['body/admin_starttime'], 'dd MMM yyyy')}.<br>\n<br>\nIf you can no longer make it, please cancel your attendence using the Power Platform Training Registration app.<br>\n<strong>What you can expect on the day:</strong><br>\nThis is a beginner level lab for you to get hands on experience with Microsoft Business Application Platform technologies – Power Apps, Power Automate, Power BI or Power Virtual Agents. The labs include step-by-step instructions for someone new to these technologies to build a solutions in less then a day.<br>\nQuestions? Get help from <a href='@{parameters('Community URL')}'>our community</a></p>",               "emailMessage/Subject": "@{outputs('Get_event_details')?['body/admin_name']} - Registration confirmation",               "emailMessage/To": "@triggerOutputs()?['body/admin_attendeeemail']"             }           },           "runAfter": {             "Get_event_details": [               "Succeeded"             ]           },           "type": "OpenApiConnection"         }       },       "contentVersion": "1.0.0.0",       "outputs": {},       "parameters": {         "$authentication": {           "defaultValue": {},           "type": "SecureObject"         },         "$connections": {           "defaultValue": {},           "type": "Object"         },         "Community URL": {           "defaultValue": "abc",           "metadata": {             "description": "Link to your internal Microsoft Power Platform community (for example, Yammer or Teams)",             "schemaName": "admin_CommunityURL"           },           "type": "String"         },         "eMail Header Style": {           "defaultValue": "<head> <style>  body {     background-color: #efefef;     font-family: Segoe UI;     text-align: left; }  #content {     border: 1px solid #742774;     background-color: #ffffff;     width: 650px;     margin-bottom: 50px;     display: inline-block; }  #logo {     margin-left: 52px;     margin-top: 40px;     width: 60px;     height: 12px; }  #header {     font-size: 24px;     margin-left: 50px;     margin-top: 20px;     margin-bottom: 20px; }  #ribbon {     background-color: #742774; }  #ribbonContent {     font-size: 20px;     padding-left: 30px;     padding-top: 10px;     padding-bottom: 20px;     color: white;     width: 100%;     padding-right: 10px; }  #message > td {     font-size: 14px;     padding-left: 60px;     padding-right: 60px;     padding-top: 20px;     padding-bottom: 40px; }  #footer > td {     font-size: 12px;     background-color: #cfcfcf;     height: 40px;     padding-top: 15px;     padding-left: 40px;     padding-bottom: 20px; }  #form {     width: 100%;     border-collapse: collapse; }  #app {     width: 60%;     font-size: 12px; }  .label {     color: #5f5f5f }  table {     border-collapse: collapse;     width: 100%; }  th, td {     padding: 8px;     text-align: left;     border-bottom: 1px solid #ddd; }  </style> </head>",           "metadata": {             "description": "CSS/Style used for eMails",             "schemaName": "admin_eMailHeaderStyle"           },           "type": "String"         }       },       "triggers": {         "When_a_row_is_added,_modified_or_deleted": {           "inputs": {             "authentication": "@parameters('$authentication')",             "host": {               "apiId": "/providers/Microsoft.PowerApps/apis/shared_commondataserviceforapps",               "connectionName": "shared_commondataserviceforapps",               "operationId": "SubscribeWebhookTrigger"             },             "parameters": {               "subscriptionRequest/entityname": "admin_inadayattendees",               "subscriptionRequest/message": 1,               "subscriptionRequest/scope": 4             }           },           "type": "OpenApiConnectionWebhook"         }       }     }   },   "schemaVersion": "1.0.0.0" }
