﻿<?xml version="1.0" encoding="utf-8"?>
<ImportExportXml version="9.2.21084.148" SolutionPackageVersion="9.2" languagecode="1033" generatedBy="CrmLive" xmlns:xsi="http://www.w3.org/2001/XMLSchema-instance">
  <SolutionManifest>
    <UniqueName>CenterofExcellenceInnovationBacklog</UniqueName>
    <LocalizedNames>
      <LocalizedName description="Center of Excellence - Innovation Backlog" languagecode="1033" />
    </LocalizedNames>
    <Descriptions />
    <Version>2.5</Version>
    <Managed>1</Managed>
    <Publisher>
      <UniqueName>powerplatformadmin</UniqueName>
      <LocalizedNames>
        <LocalizedName description="Power Platform Admin" languagecode="1033" />
      </LocalizedNames>
      <Descriptions />
      <EMailAddress xsi:nil="true"></EMailAddress>
      <SupportingWebsiteUrl xsi:nil="true"></SupportingWebsiteUrl>
      <CustomizationPrefix>admin</CustomizationPrefix>
      <CustomizationOptionValuePrefix>59791</CustomizationOptionValuePrefix>
      <Addresses>
        <Address>
          <AddressNumber>1</AddressNumber>
          <AddressTypeCode>1</AddressTypeCode>
          <City xsi:nil="true"></City>
          <County xsi:nil="true"></County>
          <Country xsi:nil="true"></Country>
          <Fax xsi:nil="true"></Fax>
          <FreightTermsCode xsi:nil="true"></FreightTermsCode>
          <ImportSequenceNumber xsi:nil="true"></ImportSequenceNumber>
          <Latitude xsi:nil="true"></Latitude>
          <Line1 xsi:nil="true"></Line1>
          <Line2 xsi:nil="true"></Line2>
          <Line3 xsi:nil="true"></Line3>
          <Longitude xsi:nil="true"></Longitude>
          <Name xsi:nil="true"></Name>
          <PostalCode xsi:nil="true"></PostalCode>
          <PostOfficeBox xsi:nil="true"></PostOfficeBox>
          <PrimaryContactName xsi:nil="true"></PrimaryContactName>
          <ShippingMethodCode>1</ShippingMethodCode>
          <StateOrProvince xsi:nil="true"></StateOrProvince>
          <Telephone1 xsi:nil="true"></Telephone1>
          <Telephone2 xsi:nil="true"></Telephone2>
          <Telephone3 xsi:nil="true"></Telephone3>
          <TimeZoneRuleVersionNumber xsi:nil="true"></TimeZoneRuleVersionNumber>
          <UPSZone xsi:nil="true"></UPSZone>
          <UTCOffset xsi:nil="true"></UTCOffset>
          <UTCConversionTimeZoneCode xsi:nil="true"></UTCConversionTimeZoneCode>
        </Address>
        <Address>
          <AddressNumber>2</AddressNumber>
          <AddressTypeCode>1</AddressTypeCode>
          <City xsi:nil="true"></City>
          <County xsi:nil="true"></County>
          <Country xsi:nil="true"></Country>
          <Fax xsi:nil="true"></Fax>
          <FreightTermsCode xsi:nil="true"></FreightTermsCode>
          <ImportSequenceNumber xsi:nil="true"></ImportSequenceNumber>
          <Latitude xsi:nil="true"></Latitude>
          <Line1 xsi:nil="true"></Line1>
          <Line2 xsi:nil="true"></Line2>
          <Line3 xsi:nil="true"></Line3>
          <Longitude xsi:nil="true"></Longitude>
          <Name xsi:nil="true"></Name>
          <PostalCode xsi:nil="true"></PostalCode>
          <PostOfficeBox xsi:nil="true"></PostOfficeBox>
          <PrimaryContactName xsi:nil="true"></PrimaryContactName>
          <ShippingMethodCode>1</ShippingMethodCode>
          <StateOrProvince xsi:nil="true"></StateOrProvince>
          <Telephone1 xsi:nil="true"></Telephone1>
          <Telephone2 xsi:nil="true"></Telephone2>
          <Telephone3 xsi:nil="true"></Telephone3>
          <TimeZoneRuleVersionNumber xsi:nil="true"></TimeZoneRuleVersionNumber>
          <UPSZone xsi:nil="true"></UPSZone>
          <UTCOffset xsi:nil="true"></UTCOffset>
          <UTCConversionTimeZoneCode xsi:nil="true"></UTCConversionTimeZoneCode>
        </Address>
      </Addresses>
    </Publisher>
    <RootComponents>
      <RootComponent type="1" schemaName="admin_backlogideavote" behavior="0" />
      <RootComponent type="1" schemaName="admin_backlogitemcomplexity" behavior="0" />
      <RootComponent type="1" schemaName="admin_backlogitemdocumentset" behavior="0" />
      <RootComponent type="1" schemaName="admin_backlogitemmeasureset" behavior="0" />
      <RootComponent type="1" schemaName="admin_backlogitempainpointset" behavior="0" />
      <RootComponent type="1" schemaName="admin_backlogitempersonaset" behavior="0" />
      <RootComponent type="1" schemaName="admin_backlogitemsolution" behavior="0" />
      <RootComponent type="1" schemaName="admin_backlogitemtestimonial" behavior="0" />
      <RootComponent type="1" schemaName="admin_backlogitemtoolset" behavior="0" />
      <RootComponent type="1" schemaName="admin_backlogitemworkflow" behavior="0" />
      <RootComponent type="1" schemaName="admin_innovationbacklogidea" behavior="0" />
      <RootComponent type="1" schemaName="admin_innovationbacklogpainpoints" behavior="0" />
      <RootComponent type="1" schemaName="admin_innovationbacklogpainpointsmeasures" behavior="0" />
      <RootComponent type="1" schemaName="admin_innovationbacklogtool" behavior="0" />
      <RootComponent type="1" schemaName="admin_innovationbacklogworkitem" behavior="0" />
      <RootComponent type="9" schemaName="admin_benefittype" behavior="0" />
      <RootComponent type="9" schemaName="admin_datastructures" behavior="0" />
      <RootComponent type="9" schemaName="admin_innovationbacklogstatus" behavior="0" />
      <RootComponent type="9" schemaName="admin_measuretype" behavior="0" />
      <RootComponent type="9" schemaName="admin_solutiontech" behavior="0" />
      <RootComponent type="9" schemaName="admin_solutiontechpp" behavior="0" />
      <RootComponent type="9" schemaName="admin_tooltypeoptions" behavior="0" />
      <RootComponent type="9" schemaName="admin_uptimeneeds" behavior="0" />
      <RootComponent type="9" schemaName="admin_usefrequency" behavior="0" />
      <RootComponent type="20" id="{5914d9a2-8336-eb11-a813-000d3a1bb495}" behavior="0" />
      <RootComponent type="29" id="{7f166395-3204-eb11-a813-000d3a31cb42}" behavior="0" />
      <RootComponent type="29" id="{aa0853a1-6f4f-eb11-a813-000d3a5a7846}" behavior="0" />
      <RootComponent type="300" schemaName="admin_innovationbacklogadminapp_2aba5" behavior="0" />
      <RootComponent type="300" schemaName="admin_innovationbacklogredesign_d55b3" behavior="0" />
      <RootComponent type="431" schemaName="admin_innovationbacklogtool admin_iconnonurl" behavior="0" />
      <RootComponent type="432" schemaName="admin_innovationbacklogtool" behavior="0" />
    </RootComponents>
    <MissingDependencies>
      <MissingDependency>
        <Required type="1" schemaName="environmentvariabledefinition" displayName="Environment Variable Definition" solution="EnvironmentVariables (1.0.2.88)" />
        <Dependent type="300" schemaName="admin_innovationbacklogredesign_d55b3" displayName="Innovation Backlog" />
      </MissingDependency>
      <MissingDependency>
        <Required type="1" schemaName="environmentvariablevalue" displayName="Environment Variable Value" solution="EnvironmentVariables (1.0.2.88)" />
        <Dependent type="300" schemaName="admin_innovationbacklogredesign_d55b3" displayName="Innovation Backlog" />
      </MissingDependency>
    </MissingDependencies>
  </SolutionManifest>
</ImportExportXml>