{   "properties": {     "connectionReferences": {       "shared_commondataserviceforapps_1": {         "api": {           "name": "shared_commondataserviceforapps"         },         "connection": {           "connectionReferenceLogicalName": "admin_InnovationBacklogCDSCurrent"         },         "runtimeSource": "embedded"       }     },     "definition": {       "$schema": "https://schema.management.azure.com/providers/Microsoft.Logic/schemas/2016-06-01/workflowdefinition.json#",       "actions": {         "Add_Disparate_Data_Processes_across_Team": {           "actions": {             "Get_GUID_-_Disparate_Data_Processes_across_Team": {               "inputs": {                 "name": "PPGuid",                 "value": "@{first(outputs('Get_Record_-_Disparate_Data_Processes_across_Team')?['body/value'])?['admin_innovationbacklogpainpointsid']}"               },               "runAfter": {                 "Get_Record_-_Disparate_Data_Processes_across_Team": [                   "Succeeded"                 ]               },               "type": "SetVariable"             },             "Get_Record_-_Disparate_Data_Processes_across_Team": {               "inputs": {                 "authentication": {                   "type": "Raw",                   "value": "@json(decodeBase64(triggerOutputs().headers['X-MS-APIM-Tokens']))['$ConnectionKey']"                 },                 "host": {                   "apiId": "/providers/Microsoft.PowerApps/apis/shared_commondataserviceforapps",                   "connectionName": "shared_commondataserviceforapps_1",                   "operationId": "ListRecords"                 },                 "parameters": {                   "$filter": "admin_name eq 'Disparate Data / Processes across Team'",                   "entityName": "admin_innovationbacklogpainpointses"                 }               },               "runAfter": {},               "type": "OpenApiConnection"             },             "See_if_already_exists_-_Time_Spent_Compiling_Data": {               "inputs": {                 "authentication": {                   "type": "Raw",                   "value": "@json(decodeBase64(triggerOutputs().headers['X-MS-APIM-Tokens']))['$ConnectionKey']"                 },                 "host": {                   "apiId": "/providers/Microsoft.PowerApps/apis/shared_commondataserviceforapps",                   "connectionName": "shared_commondataserviceforapps_1",                   "operationId": "ListRecords"                 },                 "parameters": {                   "$filter": "admin_name eq 'Time Spent Compiling Data'",                   "$select": "admin_name",                   "entityName": "admin_innovationbacklogpainpointsmeasureses"                 }               },               "runAfter": {                 "only_add_if_not_already_there_-_Time_Spent_Training": [                   "Succeeded"                 ]               },               "type": "OpenApiConnection"             },             "See_if_already_exists_-_Time_Spent_Training": {               "inputs": {                 "authentication": {                   "type": "Raw",                   "value": "@json(decodeBase64(triggerOutputs().headers['X-MS-APIM-Tokens']))['$ConnectionKey']"                 },                 "host": {                   "apiId": "/providers/Microsoft.PowerApps/apis/shared_commondataserviceforapps",                   "connectionName": "shared_commondataserviceforapps_1",                   "operationId": "ListRecords"                 },                 "parameters": {                   "$filter": "admin_name eq  'Time Spent Training'",                   "$select": "admin_name",                   "entityName": "admin_innovationbacklogpainpointsmeasureses"                 }               },               "runAfter": {                 "Get_GUID_-_Disparate_Data_Processes_across_Team": [                   "Succeeded"                 ]               },               "type": "OpenApiConnection"             },             "only_add_if_not_already_there_-_Time_Spent_Compiling_Data": {               "actions": {},               "else": {                 "actions": {                   "Add_Time_Spent_Compiling_Data": {                     "inputs": {                       "authentication": {                         "type": "Raw",                         "value": "@json(decodeBase64(triggerOutputs().headers['X-MS-APIM-Tokens']))['$ConnectionKey']"                       },                       "host": {                         "apiId": "/providers/Microsoft.PowerApps/apis/shared_commondataserviceforapps",                         "connectionName": "shared_commondataserviceforapps_1",                         "operationId": "CreateRecord"                       },                       "parameters": {                         "entityName": "admin_innovationbacklogpainpointsmeasureses",                         "item/admin_DefaultPainPoints@odata.bind": "admin_innovationbacklogpainpointses(@{variables('PPGUID')})",                         "item/admin_defaultdisplayname": "Time Spent Compiling Data",                         "item/admin_defaultmeasuretype": 597910000,                         "item/admin_name": "Time Spent Compiling Data"                       }                     },                     "runAfter": {},                     "type": "OpenApiConnection"                   }                 }               },               "expression": {                 "greater": [                   "@length(outputs('See_if_already_exists_-_Time_Spent_Compiling_Data')?['body/value'])",                   0                 ]               },               "runAfter": {                 "See_if_already_exists_-_Time_Spent_Compiling_Data": [                   "Succeeded"                 ]               },               "type": "If"             },             "only_add_if_not_already_there_-_Time_Spent_Training": {               "actions": {},               "else": {                 "actions": {                   "Add_Time_Spent_Training": {                     "inputs": {                       "authentication": {                         "type": "Raw",                         "value": "@json(decodeBase64(triggerOutputs().headers['X-MS-APIM-Tokens']))['$ConnectionKey']"                       },                       "host": {                         "apiId": "/providers/Microsoft.PowerApps/apis/shared_commondataserviceforapps",                         "connectionName": "shared_commondataserviceforapps_1",                         "operationId": "CreateRecord"                       },                       "parameters": {                         "entityName": "admin_innovationbacklogpainpointsmeasureses",                         "item/admin_DefaultPainPoints@odata.bind": "admin_innovationbacklogpainpointses(@{variables('PPGUID')})",                         "item/admin_defaultdisplayname": "Time Spent Training",                         "item/admin_defaultmeasuretype": 597910000,                         "item/admin_name": "Time Spent Training"                       }                     },                     "runAfter": {},                     "type": "OpenApiConnection"                   }                 }               },               "expression": {                 "greater": [                   "@length(outputs('See_if_already_exists_-_Time_Spent_Training')?['body/value'])",                   0                 ]               },               "runAfter": {                 "See_if_already_exists_-_Time_Spent_Training": [                   "Succeeded"                 ]               },               "type": "If"             }           },           "runAfter": {             "Add_data_loss_pain_points": [               "Succeeded"             ]           },           "type": "Scope"         },         "Add_Does_not_support_Mobile_Work_": {           "actions": {             "Get_GUID_-_Does_not_support_Mobile_Work_": {               "inputs": {                 "name": "PPGuid",                 "value": "@{first(outputs('Get_Record_-_Does_not_support_Mobile_Work')?['body/value'])?['admin_innovationbacklogpainpointsid']}"               },               "runAfter": {                 "Get_Record_-_Does_not_support_Mobile_Work": [                   "Succeeded"                 ]               },               "type": "SetVariable"             },             "Get_Record_-_Does_not_support_Mobile_Work": {               "inputs": {                 "authentication": {                   "type": "Raw",                   "value": "@json(decodeBase64(triggerOutputs().headers['X-MS-APIM-Tokens']))['$ConnectionKey']"                 },                 "host": {                   "apiId": "/providers/Microsoft.PowerApps/apis/shared_commondataserviceforapps",                   "connectionName": "shared_commondataserviceforapps_1",                   "operationId": "ListRecords"                 },                 "parameters": {                   "$filter": "admin_name eq 'Does not support Mobile Work'",                   "entityName": "admin_innovationbacklogpainpointses"                 }               },               "runAfter": {},               "type": "OpenApiConnection"             },             "See_if_already_exists_-_Missed_Cases": {               "inputs": {                 "authentication": {                   "type": "Raw",                   "value": "@json(decodeBase64(triggerOutputs().headers['X-MS-APIM-Tokens']))['$ConnectionKey']"                 },                 "host": {                   "apiId": "/providers/Microsoft.PowerApps/apis/shared_commondataserviceforapps",                   "connectionName": "shared_commondataserviceforapps_1",                   "operationId": "ListRecords"                 },                 "parameters": {                   "$filter": "admin_name eq 'Missed Cases'",                   "$select": "admin_name",                   "entityName": "admin_innovationbacklogpainpointsmeasureses"                 }               },               "runAfter": {                 "only_add_if_not_already_there_-_Time_spent_digitizing_later": [                   "Succeeded"                 ]               },               "type": "OpenApiConnection"             },             "See_if_already_exists_-_Time_spent_digitizing_later": {               "inputs": {                 "authentication": {                   "type": "Raw",                   "value": "@json(decodeBase64(triggerOutputs().headers['X-MS-APIM-Tokens']))['$ConnectionKey']"                 },                 "host": {                   "apiId": "/providers/Microsoft.PowerApps/apis/shared_commondataserviceforapps",                   "connectionName": "shared_commondataserviceforapps_1",                   "operationId": "ListRecords"                 },                 "parameters": {                   "$filter": "admin_name eq  'Time spent digitizing later'",                   "$select": "admin_name",                   "entityName": "admin_innovationbacklogpainpointsmeasureses"                 }               },               "runAfter": {                 "Get_GUID_-_Does_not_support_Mobile_Work_": [                   "Succeeded"                 ]               },               "type": "OpenApiConnection"             },             "only_add_if_not_already_there_-_Missed_Cases": {               "actions": {},               "else": {                 "actions": {                   "Add_Missed_Cases": {                     "inputs": {                       "authentication": {                         "type": "Raw",                         "value": "@json(decodeBase64(triggerOutputs().headers['X-MS-APIM-Tokens']))['$ConnectionKey']"                       },                       "host": {                         "apiId": "/providers/Microsoft.PowerApps/apis/shared_commondataserviceforapps",                         "connectionName": "shared_commondataserviceforapps_1",                         "operationId": "CreateRecord"                       },                       "parameters": {                         "entityName": "admin_innovationbacklogpainpointsmeasureses",                         "item/admin_DefaultPainPoints@odata.bind": "admin_innovationbacklogpainpointses(@{variables('PPGUID')})",                         "item/admin_defaultdisplayname": "Missed Cases",                         "item/admin_defaultmeasuretype": 597910002,                         "item/admin_defaultnumberofwhat": "Instances",                         "item/admin_name": "Missed Cases"                       }                     },                     "runAfter": {},                     "type": "OpenApiConnection"                   }                 }               },               "expression": {                 "greater": [                   "@length(outputs('See_if_already_exists_-_Missed_Cases')?['body/value'])",                   0                 ]               },               "runAfter": {                 "See_if_already_exists_-_Missed_Cases": [                   "Succeeded"                 ]               },               "type": "If"             },             "only_add_if_not_already_there_-_Time_spent_digitizing_later": {               "actions": {},               "else": {                 "actions": {                   "Add_Time_spent_digitizing_later": {                     "inputs": {                       "authentication": {                         "type": "Raw",                         "value": "@json(decodeBase64(triggerOutputs().headers['X-MS-APIM-Tokens']))['$ConnectionKey']"                       },                       "host": {                         "apiId": "/providers/Microsoft.PowerApps/apis/shared_commondataserviceforapps",                         "connectionName": "shared_commondataserviceforapps_1",                         "operationId": "CreateRecord"                       },                       "parameters": {                         "entityName": "admin_innovationbacklogpainpointsmeasureses",                         "item/admin_DefaultPainPoints@odata.bind": "admin_innovationbacklogpainpointses(@{variables('PPGUID')})",                         "item/admin_defaultdisplayname": "Time spent digitizing later",                         "item/admin_defaultmeasuretype": 597910000,                         "item/admin_name": "Time spent digitizing later"                       }                     },                     "runAfter": {},                     "type": "OpenApiConnection"                   }                 }               },               "expression": {                 "greater": [                   "@length(outputs('See_if_already_exists_-_Time_spent_digitizing_later')?['body/value'])",                   0                 ]               },               "runAfter": {                 "See_if_already_exists_-_Time_spent_digitizing_later": [                   "Succeeded"                 ]               },               "type": "If"             }           },           "runAfter": {             "Add_Disparate_Data_Processes_across_Team": [               "Succeeded"             ]           },           "type": "Scope"         },         "Add_Error_Prone": {           "actions": {             "Get_GUID_-_Error_Prone": {               "inputs": {                 "name": "PPGuid",                 "value": "@{first(outputs('Get_Record_-_Error_Prone')?['body/value'])?['admin_innovationbacklogpainpointsid']}"               },               "runAfter": {                 "Get_Record_-_Error_Prone": [                   "Succeeded"                 ]               },               "type": "SetVariable"             },             "Get_Record_-_Error_Prone": {               "inputs": {                 "authentication": {                   "type": "Raw",                   "value": "@json(decodeBase64(triggerOutputs().headers['X-MS-APIM-Tokens']))['$ConnectionKey']"                 },                 "host": {                   "apiId": "/providers/Microsoft.PowerApps/apis/shared_commondataserviceforapps",                   "connectionName": "shared_commondataserviceforapps_1",                   "operationId": "ListRecords"                 },                 "parameters": {                   "$filter": "admin_name eq 'Error Prone'",                   "entityName": "admin_innovationbacklogpainpointses"                 }               },               "runAfter": {},               "type": "OpenApiConnection"             },             "See_if_already_exists_-_Cost_to_fix_errors": {               "inputs": {                 "authentication": {                   "type": "Raw",                   "value": "@json(decodeBase64(triggerOutputs().headers['X-MS-APIM-Tokens']))['$ConnectionKey']"                 },                 "host": {                   "apiId": "/providers/Microsoft.PowerApps/apis/shared_commondataserviceforapps",                   "connectionName": "shared_commondataserviceforapps_1",                   "operationId": "ListRecords"                 },                 "parameters": {                   "$filter": "admin_name eq 'Cost to fix errors'",                   "$select": "admin_name",                   "entityName": "admin_innovationbacklogpainpointsmeasureses"                 }               },               "runAfter": {                 "only_add_if_not_already_there_-_Time_Spent_Fixing_Errors": [                   "Succeeded"                 ]               },               "type": "OpenApiConnection"             },             "See_if_already_exists_-_Number_of_Errors": {               "inputs": {                 "authentication": {                   "type": "Raw",                   "value": "@json(decodeBase64(triggerOutputs().headers['X-MS-APIM-Tokens']))['$ConnectionKey']"                 },                 "host": {                   "apiId": "/providers/Microsoft.PowerApps/apis/shared_commondataserviceforapps",                   "connectionName": "shared_commondataserviceforapps_1",                   "operationId": "ListRecords"                 },                 "parameters": {                   "$filter": "admin_name eq  'Number of Errors'",                   "$select": "admin_name",                   "entityName": "admin_innovationbacklogpainpointsmeasureses"                 }               },               "runAfter": {                 "Get_GUID_-_Error_Prone": [                   "Succeeded"                 ]               },               "type": "OpenApiConnection"             },             "See_if_already_exists_-_Time_Spent_Fixing_Errors": {               "inputs": {                 "authentication": {                   "type": "Raw",                   "value": "@json(decodeBase64(triggerOutputs().headers['X-MS-APIM-Tokens']))['$ConnectionKey']"                 },                 "host": {                   "apiId": "/providers/Microsoft.PowerApps/apis/shared_commondataserviceforapps",                   "connectionName": "shared_commondataserviceforapps_1",                   "operationId": "ListRecords"                 },                 "parameters": {                   "$filter": "admin_name eq 'Time Spent Fixing Errors'",                   "$select": "admin_name",                   "entityName": "admin_innovationbacklogpainpointsmeasureses"                 }               },               "runAfter": {                 "only_add_if_not_already_there_-_Number_of_Errors": [                   "Succeeded"                 ]               },               "type": "OpenApiConnection"             },             "only_add_if_not_already_there_-_Cost_to_fix_errors": {               "actions": {},               "else": {                 "actions": {                   "Add_Cost_to_fix_errors": {                     "inputs": {                       "authentication": {                         "type": "Raw",                         "value": "@json(decodeBase64(triggerOutputs().headers['X-MS-APIM-Tokens']))['$ConnectionKey']"                       },                       "host": {                         "apiId": "/providers/Microsoft.PowerApps/apis/shared_commondataserviceforapps",                         "connectionName": "shared_commondataserviceforapps_1",                         "operationId": "CreateRecord"                       },                       "parameters": {                         "entityName": "admin_innovationbacklogpainpointsmeasureses",                         "item/admin_DefaultPainPoints@odata.bind": "admin_innovationbacklogpainpointses(@{variables('PPGUID')})",                         "item/admin_defaultdisplayname": "Cost to fix errors",                         "item/admin_defaultmeasuretype": 597910001,                         "item/admin_name": "Cost to fix errors"                       }                     },                     "runAfter": {},                     "type": "OpenApiConnection"                   }                 }               },               "expression": {                 "greater": [                   "@length(outputs('See_if_already_exists_-_Cost_to_fix_errors')?['body/value'])",                   0                 ]               },               "runAfter": {                 "See_if_already_exists_-_Cost_to_fix_errors": [                   "Succeeded"                 ]               },               "type": "If"             },             "only_add_if_not_already_there_-_Number_of_Errors": {               "actions": {},               "else": {                 "actions": {                   "Add_Number_of_Errors": {                     "inputs": {                       "authentication": {                         "type": "Raw",                         "value": "@json(decodeBase64(triggerOutputs().headers['X-MS-APIM-Tokens']))['$ConnectionKey']"                       },                       "host": {                         "apiId": "/providers/Microsoft.PowerApps/apis/shared_commondataserviceforapps",                         "connectionName": "shared_commondataserviceforapps_1",                         "operationId": "CreateRecord"                       },                       "parameters": {                         "entityName": "admin_innovationbacklogpainpointsmeasureses",                         "item/admin_DefaultPainPoints@odata.bind": "admin_innovationbacklogpainpointses(@{variables('PPGUID')})",                         "item/admin_defaultdisplayname": "Number of Errors",                         "item/admin_defaultmeasuretype": 597910002,                         "item/admin_defaultnumberofwhat": "Errors",                         "item/admin_name": "Number of Errors"                       }                     },                     "runAfter": {},                     "type": "OpenApiConnection"                   }                 }               },               "expression": {                 "greater": [                   "@length(outputs('See_if_already_exists_-_Number_of_Errors')?['body/value'])",                   0                 ]               },               "runAfter": {                 "See_if_already_exists_-_Number_of_Errors": [                   "Succeeded"                 ]               },               "type": "If"             },             "only_add_if_not_already_there_-_Time_Spent_Fixing_Errors": {               "actions": {},               "else": {                 "actions": {                   "Add_Time_Spent_Fixing_Errors": {                     "inputs": {                       "authentication": {                         "type": "Raw",                         "value": "@json(decodeBase64(triggerOutputs().headers['X-MS-APIM-Tokens']))['$ConnectionKey']"                       },                       "host": {                         "apiId": "/providers/Microsoft.PowerApps/apis/shared_commondataserviceforapps",                         "connectionName": "shared_commondataserviceforapps_1",                         "operationId": "CreateRecord"                       },                       "parameters": {                         "entityName": "admin_innovationbacklogpainpointsmeasureses",                         "item/admin_DefaultPainPoints@odata.bind": "admin_innovationbacklogpainpointses(@{variables('PPGUID')})",                         "item/admin_defaultdisplayname": "Time Spent Fixing Errors",                         "item/admin_defaultmeasuretype": 597910000,                         "item/admin_name": "Time Spent Fixing Errors"                       }                     },                     "runAfter": {},                     "type": "OpenApiConnection"                   }                 }               },               "expression": {                 "greater": [                   "@length(outputs('See_if_already_exists_-_Time_Spent_Fixing_Errors')?['body/value'])",                   0                 ]               },               "runAfter": {                 "See_if_already_exists_-_Time_Spent_Fixing_Errors": [                   "Succeeded"                 ]               },               "type": "If"             }           },           "runAfter": {             "Add_Does_not_support_Mobile_Work_": [               "Succeeded"             ]           },           "type": "Scope"         },         "Add_Pain_Points": {           "actions": {             "Apply_to_each": {               "actions": {                 "See_if_already_exists": {                   "inputs": {                     "authentication": {                       "type": "Raw",                       "value": "@json(decodeBase64(triggerOutputs().headers['X-MS-APIM-Tokens']))['$ConnectionKey']"                     },                     "host": {                       "apiId": "/providers/Microsoft.PowerApps/apis/shared_commondataserviceforapps",                       "connectionName": "shared_commondataserviceforapps_1",                       "operationId": "ListRecords"                     },                     "parameters": {                       "$filter": "admin_name eq  '@{items('Apply_to_each')}'",                       "$select": "admin_name",                       "entityName": "admin_innovationbacklogpainpointses"                     }                   },                   "runAfter": {},                   "type": "OpenApiConnection"                 },                 "only_add_if_not_already_there": {                   "actions": {},                   "else": {                     "actions": {                       "Create_a_new_record": {                         "inputs": {                           "authentication": {                             "type": "Raw",                             "value": "@json(decodeBase64(triggerOutputs().headers['X-MS-APIM-Tokens']))['$ConnectionKey']"                           },                           "host": {                             "apiId": "/providers/Microsoft.PowerApps/apis/shared_commondataserviceforapps",                             "connectionName": "shared_commondataserviceforapps_1",                             "operationId": "CreateRecord"                           },                           "parameters": {                             "entityName": "admin_innovationbacklogpainpointses",                             "item/admin_displayname": "@items('Apply_to_each')",                             "item/admin_name": "@items('Apply_to_each')"                           }                         },                         "runAfter": {},                         "type": "OpenApiConnection"                       }                     }                   },                   "expression": {                     "greater": [                       "@length(outputs('See_if_already_exists')?['body/value'])",                       0                     ]                   },                   "runAfter": {                     "See_if_already_exists": [                       "Succeeded"                     ]                   },                   "type": "If"                 }               },               "foreach": "@variables('PPs')",               "runAfter": {},               "type": "Foreach"             }           },           "runAfter": {             "Initialize_var_PPGUID": [               "Succeeded"             ]           },           "type": "Scope"         },         "Add_Pen_and_Paper_Forms": {           "actions": {             "Get_GUID_-_Pen_and_Paper_Forms": {               "inputs": {                 "name": "PPGuid",                 "value": "@{first(outputs('Get_Record_-_Pen_and_Paper_Forms')?['body/value'])?['admin_innovationbacklogpainpointsid']}"               },               "runAfter": {                 "Get_Record_-_Pen_and_Paper_Forms": [                   "Succeeded"                 ]               },               "type": "SetVariable"             },             "Get_Record_-_Pen_and_Paper_Forms": {               "inputs": {                 "authentication": {                   "type": "Raw",                   "value": "@json(decodeBase64(triggerOutputs().headers['X-MS-APIM-Tokens']))['$ConnectionKey']"                 },                 "host": {                   "apiId": "/providers/Microsoft.PowerApps/apis/shared_commondataserviceforapps",                   "connectionName": "shared_commondataserviceforapps_1",                   "operationId": "ListRecords"                 },                 "parameters": {                   "$filter": "admin_name eq 'Pen and Paper Forms'",                   "entityName": "admin_innovationbacklogpainpointses"                 }               },               "runAfter": {},               "type": "OpenApiConnection"             },             "See_if_already_exists_-_Data_Loss": {               "inputs": {                 "authentication": {                   "type": "Raw",                   "value": "@json(decodeBase64(triggerOutputs().headers['X-MS-APIM-Tokens']))['$ConnectionKey']"                 },                 "host": {                   "apiId": "/providers/Microsoft.PowerApps/apis/shared_commondataserviceforapps",                   "connectionName": "shared_commondataserviceforapps_1",                   "operationId": "ListRecords"                 },                 "parameters": {                   "$filter": "admin_name eq  'Data Loss'",                   "$select": "admin_name",                   "entityName": "admin_innovationbacklogpainpointsmeasureses"                 }               },               "runAfter": {                 "Get_GUID_-_Pen_and_Paper_Forms": [                   "Succeeded"                 ]               },               "type": "OpenApiConnection"             },             "See_if_already_exists_-_Time_Saved_Transferring_to_Digital": {               "inputs": {                 "authentication": {                   "type": "Raw",                   "value": "@json(decodeBase64(triggerOutputs().headers['X-MS-APIM-Tokens']))['$ConnectionKey']"                 },                 "host": {                   "apiId": "/providers/Microsoft.PowerApps/apis/shared_commondataserviceforapps",                   "connectionName": "shared_commondataserviceforapps_1",                   "operationId": "ListRecords"                 },                 "parameters": {                   "$filter": "admin_name eq 'Time Saved Transferring to Digital'",                   "$select": "admin_name",                   "entityName": "admin_innovationbacklogpainpointsmeasureses"                 }               },               "runAfter": {                 "only_add_if_not_already_there_-_Trees_Saved": [                   "Succeeded"                 ]               },               "type": "OpenApiConnection"             },             "See_if_already_exists_-_Trees_Saved": {               "inputs": {                 "authentication": {                   "type": "Raw",                   "value": "@json(decodeBase64(triggerOutputs().headers['X-MS-APIM-Tokens']))['$ConnectionKey']"                 },                 "host": {                   "apiId": "/providers/Microsoft.PowerApps/apis/shared_commondataserviceforapps",                   "connectionName": "shared_commondataserviceforapps_1",                   "operationId": "ListRecords"                 },                 "parameters": {                   "$filter": "admin_name eq 'Trees Saved'",                   "$select": "admin_name",                   "entityName": "admin_innovationbacklogpainpointsmeasureses"                 }               },               "runAfter": {                 "only_add_if_not_already_there_-_Data_Loss": [                   "Succeeded"                 ]               },               "type": "OpenApiConnection"             },             "only_add_if_not_already_there_-_Data_Loss": {               "actions": {},               "else": {                 "actions": {                   "Add_Data_Loss": {                     "inputs": {                       "authentication": {                         "type": "Raw",                         "value": "@json(decodeBase64(triggerOutputs().headers['X-MS-APIM-Tokens']))['$ConnectionKey']"                       },                       "host": {                         "apiId": "/providers/Microsoft.PowerApps/apis/shared_commondataserviceforapps",                         "connectionName": "shared_commondataserviceforapps_1",                         "operationId": "CreateRecord"                       },                       "parameters": {                         "entityName": "admin_innovationbacklogpainpointsmeasureses",                         "item/admin_DefaultPainPoints@odata.bind": "admin_innovationbacklogpainpointses(@{variables('PPGUID')})",                         "item/admin_defaultdisplayname": "Data Loss",                         "item/admin_defaultmeasuretype": 597910002,                         "item/admin_defaultnumberofwhat": "Forms",                         "item/admin_name": "Data Loss"                       }                     },                     "runAfter": {},                     "type": "OpenApiConnection"                   }                 }               },               "expression": {                 "greater": [                   "@length(outputs('See_if_already_exists_-_Data_Loss')?['body/value'])",                   0                 ]               },               "runAfter": {                 "See_if_already_exists_-_Data_Loss": [                   "Succeeded"                 ]               },               "type": "If"             },             "only_add_if_not_already_there_-_Time_Saved_Transferring_to_Digital": {               "actions": {},               "else": {                 "actions": {                   "Add_Time_Saved_Transferring_to_Digital": {                     "inputs": {                       "authentication": {                         "type": "Raw",                         "value": "@json(decodeBase64(triggerOutputs().headers['X-MS-APIM-Tokens']))['$ConnectionKey']"                       },                       "host": {                         "apiId": "/providers/Microsoft.PowerApps/apis/shared_commondataserviceforapps",                         "connectionName": "shared_commondataserviceforapps_1",                         "operationId": "CreateRecord"                       },                       "parameters": {                         "entityName": "admin_innovationbacklogpainpointsmeasureses",                         "item/admin_DefaultPainPoints@odata.bind": "admin_innovationbacklogpainpointses(@{variables('PPGUID')})",                         "item/admin_defaultdisplayname": "Time Saved Transferring to Digital",                         "item/admin_defaultmeasuretype": 597910000,                         "item/admin_name": "Time Saved Transferring to Digital"                       }                     },                     "runAfter": {},                     "type": "OpenApiConnection"                   }                 }               },               "expression": {                 "greater": [                   "@length(outputs('See_if_already_exists_-_Time_Saved_Transferring_to_Digital')?['body/value'])",                   0                 ]               },               "runAfter": {                 "See_if_already_exists_-_Time_Saved_Transferring_to_Digital": [                   "Succeeded"                 ]               },               "type": "If"             },             "only_add_if_not_already_there_-_Trees_Saved": {               "actions": {},               "else": {                 "actions": {                   "Add_Trees_Saved": {                     "inputs": {                       "authentication": {                         "type": "Raw",                         "value": "@json(decodeBase64(triggerOutputs().headers['X-MS-APIM-Tokens']))['$ConnectionKey']"                       },                       "host": {                         "apiId": "/providers/Microsoft.PowerApps/apis/shared_commondataserviceforapps",                         "connectionName": "shared_commondataserviceforapps_1",                         "operationId": "CreateRecord"                       },                       "parameters": {                         "entityName": "admin_innovationbacklogpainpointsmeasureses",                         "item/admin_DefaultPainPoints@odata.bind": "admin_innovationbacklogpainpointses(@{variables('PPGUID')})",                         "item/admin_defaultdisplayname": "Trees Saved",                         "item/admin_defaultmeasuretype": 597910002,                         "item/admin_defaultnumberofwhat": "Trees",                         "item/admin_name": "Trees Saved"                       }                     },                     "runAfter": {},                     "type": "OpenApiConnection"                   }                 }               },               "expression": {                 "greater": [                   "@length(outputs('See_if_already_exists_-_Trees_Saved')?['body/value'])",                   0                 ]               },               "runAfter": {                 "See_if_already_exists_-_Trees_Saved": [                   "Succeeded"                 ]               },               "type": "If"             }           },           "runAfter": {             "Add_Error_Prone": [               "Succeeded"             ]           },           "type": "Scope"         },         "Add_People_not_enrolled_in_process": {           "actions": {             "Get_GUID_-_People_not_enrolled_in_process": {               "inputs": {                 "name": "PPGuid",                 "value": "@{first(outputs('Get_Record_-_People_not_enrolled_in_process')?['body/value'])?['admin_innovationbacklogpainpointsid']}"               },               "runAfter": {                 "Get_Record_-_People_not_enrolled_in_process": [                   "Succeeded"                 ]               },               "type": "SetVariable"             },             "Get_Record_-_People_not_enrolled_in_process": {               "inputs": {                 "authentication": {                   "type": "Raw",                   "value": "@json(decodeBase64(triggerOutputs().headers['X-MS-APIM-Tokens']))['$ConnectionKey']"                 },                 "host": {                   "apiId": "/providers/Microsoft.PowerApps/apis/shared_commondataserviceforapps",                   "connectionName": "shared_commondataserviceforapps_1",                   "operationId": "ListRecords"                 },                 "parameters": {                   "$filter": "admin_name eq 'People not enrolled in process'",                   "entityName": "admin_innovationbacklogpainpointses"                 }               },               "runAfter": {},               "type": "OpenApiConnection"             },             "See_if_already_exists_-_Low_Quality_Work": {               "inputs": {                 "authentication": {                   "type": "Raw",                   "value": "@json(decodeBase64(triggerOutputs().headers['X-MS-APIM-Tokens']))['$ConnectionKey']"                 },                 "host": {                   "apiId": "/providers/Microsoft.PowerApps/apis/shared_commondataserviceforapps",                   "connectionName": "shared_commondataserviceforapps_1",                   "operationId": "ListRecords"                 },                 "parameters": {                   "$filter": "admin_name eq 'Low Quality Work'",                   "$select": "admin_name",                   "entityName": "admin_innovationbacklogpainpointsmeasureses"                 }               },               "runAfter": {                 "only_add_if_not_already_there_-_Time_Spent_Chasing_People": [                   "Succeeded"                 ]               },               "type": "OpenApiConnection"             },             "See_if_already_exists_-_Time_Spent_Chasing_People": {               "inputs": {                 "authentication": {                   "type": "Raw",                   "value": "@json(decodeBase64(triggerOutputs().headers['X-MS-APIM-Tokens']))['$ConnectionKey']"                 },                 "host": {                   "apiId": "/providers/Microsoft.PowerApps/apis/shared_commondataserviceforapps",                   "connectionName": "shared_commondataserviceforapps_1",                   "operationId": "ListRecords"                 },                 "parameters": {                   "$filter": "admin_name eq  'Time Spent Chasing People'",                   "$select": "admin_name",                   "entityName": "admin_innovationbacklogpainpointsmeasureses"                 }               },               "runAfter": {                 "Get_GUID_-_People_not_enrolled_in_process": [                   "Succeeded"                 ]               },               "type": "OpenApiConnection"             },             "only_add_if_not_already_there_-_Low_Quality_Work": {               "actions": {},               "else": {                 "actions": {                   "Add_Low_Quality_Work": {                     "inputs": {                       "authentication": "@parameters('$authentication')",                       "host": {                         "apiId": "/providers/Microsoft.PowerApps/apis/shared_commondataserviceforapps",                         "connectionName": "shared_commondataserviceforapps_1",                         "operationId": "CreateRecord"                       },                       "parameters": {                         "entityName": "admin_innovationbacklogpainpointsmeasureses",                         "item/admin_DefaultPainPoints@odata.bind": "admin_innovationbacklogpainpointses(@{variables('PPGUID')})",                         "item/admin_defaultdisplayname": "Low Quality Work",                         "item/admin_defaultmeasuretype": 597910003,                         "item/admin_name": "Low Quality Work"                       }                     },                     "runAfter": {},                     "type": "OpenApiConnection"                   }                 }               },               "expression": {                 "greater": [                   "@length(outputs('See_if_already_exists_-_Low_Quality_Work')?['body/value'])",                   0                 ]               },               "runAfter": {                 "See_if_already_exists_-_Low_Quality_Work": [                   "Succeeded"                 ]               },               "type": "If"             },             "only_add_if_not_already_there_-_Time_Spent_Chasing_People": {               "actions": {},               "else": {                 "actions": {                   "Add_Time_Spent_Chasing_People": {                     "inputs": {                       "authentication": {                         "type": "Raw",                         "value": "@json(decodeBase64(triggerOutputs().headers['X-MS-APIM-Tokens']))['$ConnectionKey']"                       },                       "host": {                         "apiId": "/providers/Microsoft.PowerApps/apis/shared_commondataserviceforapps",                         "connectionName": "shared_commondataserviceforapps_1",                         "operationId": "CreateRecord"                       },                       "parameters": {                         "entityName": "admin_innovationbacklogpainpointsmeasureses",                         "item/admin_DefaultPainPoints@odata.bind": "admin_innovationbacklogpainpointses(@{variables('PPGUID')})",                         "item/admin_defaultdisplayname": "Time Spent Chasing People",                         "item/admin_defaultmeasuretype": 597910000,                         "item/admin_name": "Time Spent Chasing People"                       }                     },                     "runAfter": {},                     "type": "OpenApiConnection"                   }                 }               },               "expression": {                 "greater": [                   "@length(outputs('See_if_already_exists_-_Time_Spent_Chasing_People')?['body/value'])",                   0                 ]               },               "runAfter": {                 "See_if_already_exists_-_Time_Spent_Chasing_People": [                   "Succeeded"                 ]               },               "type": "If"             }           },           "runAfter": {             "Add_Pen_and_Paper_Forms": [               "Succeeded"             ]           },           "type": "Scope"         },         "Add_Processing_Delays": {           "actions": {             "Get_GUID_-_Processing_Delays": {               "inputs": {                 "name": "PPGuid",                 "value": "@{first(outputs('Get_Record_-_Processing_Delays')?['body/value'])?['admin_innovationbacklogpainpointsid']}"               },               "runAfter": {                 "Get_Record_-_Processing_Delays": [                   "Succeeded"                 ]               },               "type": "SetVariable"             },             "Get_Record_-_Processing_Delays": {               "inputs": {                 "authentication": {                   "type": "Raw",                   "value": "@json(decodeBase64(triggerOutputs().headers['X-MS-APIM-Tokens']))['$ConnectionKey']"                 },                 "host": {                   "apiId": "/providers/Microsoft.PowerApps/apis/shared_commondataserviceforapps",                   "connectionName": "shared_commondataserviceforapps_1",                   "operationId": "ListRecords"                 },                 "parameters": {                   "$filter": "admin_name eq 'Processing Delays'",                   "entityName": "admin_innovationbacklogpainpointses"                 }               },               "runAfter": {},               "type": "OpenApiConnection"             },             "See_if_already_exists_-_Accumulation_of_Fines": {               "inputs": {                 "authentication": {                   "type": "Raw",                   "value": "@json(decodeBase64(triggerOutputs().headers['X-MS-APIM-Tokens']))['$ConnectionKey']"                 },                 "host": {                   "apiId": "/providers/Microsoft.PowerApps/apis/shared_commondataserviceforapps",                   "connectionName": "shared_commondataserviceforapps_1",                   "operationId": "ListRecords"                 },                 "parameters": {                   "$filter": "admin_name eq  'Accumulation of Fines'",                   "$select": "admin_name",                   "entityName": "admin_innovationbacklogpainpointsmeasureses"                 }               },               "runAfter": {                 "Get_GUID_-_Processing_Delays": [                   "Succeeded"                 ]               },               "type": "OpenApiConnection"             },             "See_if_already_exists_-_Loss_of_Customers": {               "inputs": {                 "authentication": {                   "type": "Raw",                   "value": "@json(decodeBase64(triggerOutputs().headers['X-MS-APIM-Tokens']))['$ConnectionKey']"                 },                 "host": {                   "apiId": "/providers/Microsoft.PowerApps/apis/shared_commondataserviceforapps",                   "connectionName": "shared_commondataserviceforapps_1",                   "operationId": "ListRecords"                 },                 "parameters": {                   "$filter": "admin_name eq 'Loss of Customers'",                   "$select": "admin_name",                   "entityName": "admin_innovationbacklogpainpointsmeasureses"                 }               },               "runAfter": {                 "only_add_if_not_already_there_-_Accumulation_of_Fines": [                   "Succeeded"                 ]               },               "type": "OpenApiConnection"             },             "See_if_already_exists_-_Loss_of_Sales": {               "inputs": {                 "authentication": {                   "type": "Raw",                   "value": "@json(decodeBase64(triggerOutputs().headers['X-MS-APIM-Tokens']))['$ConnectionKey']"                 },                 "host": {                   "apiId": "/providers/Microsoft.PowerApps/apis/shared_commondataserviceforapps",                   "connectionName": "shared_commondataserviceforapps_1",                   "operationId": "ListRecords"                 },                 "parameters": {                   "$filter": "admin_name eq 'Loss of Sales'",                   "$select": "admin_name",                   "entityName": "admin_innovationbacklogpainpointsmeasureses"                 }               },               "runAfter": {                 "only_add_if_not_already_there_-_Loss_of_Customers": [                   "Succeeded"                 ]               },               "type": "OpenApiConnection"             },             "only_add_if_not_already_there_-_Accumulation_of_Fines": {               "actions": {},               "else": {                 "actions": {                   "Add_Accumulation_of_Fines": {                     "inputs": {                       "authentication": {                         "type": "Raw",                         "value": "@json(decodeBase64(triggerOutputs().headers['X-MS-APIM-Tokens']))['$ConnectionKey']"                       },                       "host": {                         "apiId": "/providers/Microsoft.PowerApps/apis/shared_commondataserviceforapps",                         "connectionName": "shared_commondataserviceforapps_1",                         "operationId": "CreateRecord"                       },                       "parameters": {                         "entityName": "admin_innovationbacklogpainpointsmeasureses",                         "item/admin_DefaultPainPoints@odata.bind": "admin_innovationbacklogpainpointses(@{variables('PPGUID')})",                         "item/admin_defaultdisplayname": "Accumulation of Fines",                         "item/admin_defaultmeasuretype": 597910001,                         "item/admin_name": "Accumulation of Fines"                       }                     },                     "runAfter": {},                     "type": "OpenApiConnection"                   }                 }               },               "expression": {                 "greater": [                   "@length(outputs('See_if_already_exists_-_Accumulation_of_Fines')?['body/value'])",                   0                 ]               },               "runAfter": {                 "See_if_already_exists_-_Accumulation_of_Fines": [                   "Succeeded"                 ]               },               "type": "If"             },             "only_add_if_not_already_there_-_Loss_of_Customers": {               "actions": {},               "else": {                 "actions": {                   "Add_Loss_of_Customers": {                     "inputs": {                       "authentication": "@parameters('$authentication')",                       "host": {                         "apiId": "/providers/Microsoft.PowerApps/apis/shared_commondataserviceforapps",                         "connectionName": "shared_commondataserviceforapps_1",                         "operationId": "CreateRecord"                       },                       "parameters": {                         "entityName": "admin_innovationbacklogpainpointsmeasureses",                         "item/admin_DefaultPainPoints@odata.bind": "admin_innovationbacklogpainpointses(@{variables('PPGUID')})",                         "item/admin_defaultdisplayname": "Loss of Customers",                         "item/admin_defaultmeasuretype": 597910002,                         "item/admin_defaultnumberofwhat": "Customers",                         "item/admin_name": "Loss of Customers"                       }                     },                     "runAfter": {},                     "type": "OpenApiConnection"                   }                 }               },               "expression": {                 "greater": [                   "@length(outputs('See_if_already_exists_-_Loss_of_Customers')?['body/value'])",                   0                 ]               },               "runAfter": {                 "See_if_already_exists_-_Loss_of_Customers": [                   "Succeeded"                 ]               },               "type": "If"             },             "only_add_if_not_already_there_-_Loss_of_Sales": {               "actions": {},               "else": {                 "actions": {                   "Add_Loss_of_Sales": {                     "inputs": {                       "authentication": {                         "type": "Raw",                         "value": "@json(decodeBase64(triggerOutputs().headers['X-MS-APIM-Tokens']))['$ConnectionKey']"                       },                       "host": {                         "apiId": "/providers/Microsoft.PowerApps/apis/shared_commondataserviceforapps",                         "connectionName": "shared_commondataserviceforapps_1",                         "operationId": "CreateRecord"                       },                       "parameters": {                         "entityName": "admin_innovationbacklogpainpointsmeasureses",                         "item/admin_DefaultPainPoints@odata.bind": "admin_innovationbacklogpainpointses(@{variables('PPGUID')})",                         "item/admin_defaultdisplayname": "Loss of Sales",                         "item/admin_defaultmeasuretype": 597910002,                         "item/admin_defaultnumberofwhat": "Sales",                         "item/admin_name": "Loss of Sales"                       }                     },                     "runAfter": {},                     "type": "OpenApiConnection"                   }                 }               },               "expression": {                 "greater": [                   "@length(outputs('See_if_already_exists_-_Loss_of_Sales')?['body/value'])",                   0                 ]               },               "runAfter": {                 "See_if_already_exists_-_Loss_of_Sales": [                   "Succeeded"                 ]               },               "type": "If"             }           },           "runAfter": {             "Add_People_not_enrolled_in_process": [               "Succeeded"             ]           },           "type": "Scope"         },         "Add_Time_Consuming_Manual_Work": {           "actions": {             "Get_GUID_-_Time_Consuming_Manual_Work": {               "inputs": {                 "name": "PPGuid",                 "value": "@{first(outputs('Get_Record_-_Time_Consuming_Manual_Work')?['body/value'])?['admin_innovationbacklogpainpointsid']}"               },               "runAfter": {                 "Get_Record_-_Time_Consuming_Manual_Work": [                   "Succeeded"                 ]               },               "type": "SetVariable"             },             "Get_Record_-_Time_Consuming_Manual_Work": {               "inputs": {                 "authentication": {                   "type": "Raw",                   "value": "@json(decodeBase64(triggerOutputs().headers['X-MS-APIM-Tokens']))['$ConnectionKey']"                 },                 "host": {                   "apiId": "/providers/Microsoft.PowerApps/apis/shared_commondataserviceforapps",                   "connectionName": "shared_commondataserviceforapps_1",                   "operationId": "ListRecords"                 },                 "parameters": {                   "$filter": "admin_name eq 'Time Consuming Manual Work'",                   "entityName": "admin_innovationbacklogpainpointses"                 }               },               "runAfter": {},               "type": "OpenApiConnection"             },             "See_if_already_exists_-_Employee_Attrition": {               "inputs": {                 "authentication": {                   "type": "Raw",                   "value": "@json(decodeBase64(triggerOutputs().headers['X-MS-APIM-Tokens']))['$ConnectionKey']"                 },                 "host": {                   "apiId": "/providers/Microsoft.PowerApps/apis/shared_commondataserviceforapps",                   "connectionName": "shared_commondataserviceforapps_1",                   "operationId": "ListRecords"                 },                 "parameters": {                   "$filter": "admin_name eq  'Employee Attrition'",                   "$select": "admin_name",                   "entityName": "admin_innovationbacklogpainpointsmeasureses"                 }               },               "runAfter": {                 "Get_GUID_-_Time_Consuming_Manual_Work": [                   "Succeeded"                 ]               },               "type": "OpenApiConnection"             },             "See_if_already_exists_-_Time_Spent_on_Manual_Work": {               "inputs": {                 "authentication": {                   "type": "Raw",                   "value": "@json(decodeBase64(triggerOutputs().headers['X-MS-APIM-Tokens']))['$ConnectionKey']"                 },                 "host": {                   "apiId": "/providers/Microsoft.PowerApps/apis/shared_commondataserviceforapps",                   "connectionName": "shared_commondataserviceforapps_1",                   "operationId": "ListRecords"                 },                 "parameters": {                   "$filter": "admin_name eq 'Time Spent on Manual Work'",                   "$select": "admin_name",                   "entityName": "admin_innovationbacklogpainpointsmeasureses"                 }               },               "runAfter": {                 "only_add_if_not_already_there_-_Employee_Attrition": [                   "Succeeded"                 ]               },               "type": "OpenApiConnection"             },             "only_add_if_not_already_there_-_Employee_Attrition": {               "actions": {},               "else": {                 "actions": {                   "Add_Employee_Attrition": {                     "inputs": {                       "authentication": {                         "type": "Raw",                         "value": "@json(decodeBase64(triggerOutputs().headers['X-MS-APIM-Tokens']))['$ConnectionKey']"                       },                       "host": {                         "apiId": "/providers/Microsoft.PowerApps/apis/shared_commondataserviceforapps",                         "connectionName": "shared_commondataserviceforapps_1",                         "operationId": "CreateRecord"                       },                       "parameters": {                         "entityName": "admin_innovationbacklogpainpointsmeasureses",                         "item/admin_DefaultPainPoints@odata.bind": "admin_innovationbacklogpainpointses(@{variables('PPGUID')})",                         "item/admin_defaultdisplayname": "Employee Attrition",                         "item/admin_defaultmeasuretype": 597910002,                         "item/admin_defaultnumberofwhat": "Employees",                         "item/admin_name": "Employee Attrition"                       }                     },                     "runAfter": {},                     "type": "OpenApiConnection"                   }                 }               },               "expression": {                 "greater": [                   "@length(outputs('See_if_already_exists_-_Employee_Attrition')?['body/value'])",                   0                 ]               },               "runAfter": {                 "See_if_already_exists_-_Employee_Attrition": [                   "Succeeded"                 ]               },               "type": "If"             },             "only_add_if_not_already_there_-_Time_Spent_on_Manual_Work": {               "actions": {},               "else": {                 "actions": {                   "Add_Time_Spent_on_Manual_Work": {                     "inputs": {                       "authentication": {                         "type": "Raw",                         "value": "@json(decodeBase64(triggerOutputs().headers['X-MS-APIM-Tokens']))['$ConnectionKey']"                       },                       "host": {                         "apiId": "/providers/Microsoft.PowerApps/apis/shared_commondataserviceforapps",                         "connectionName": "shared_commondataserviceforapps_1",                         "operationId": "CreateRecord"                       },                       "parameters": {                         "entityName": "admin_innovationbacklogpainpointsmeasureses",                         "item/admin_DefaultPainPoints@odata.bind": "admin_innovationbacklogpainpointses(@{variables('PPGUID')})",                         "item/admin_defaultdisplayname": "Time Spent on Manual Work",                         "item/admin_defaultmeasuretype": 597910000,                         "item/admin_name": "Time Spent on Manual Work"                       }                     },                     "runAfter": {},                     "type": "OpenApiConnection"                   }                 }               },               "expression": {                 "greater": [                   "@length(outputs('See_if_already_exists_-_Time_Spent_on_Manual_Work')?['body/value'])",                   0                 ]               },               "runAfter": {                 "See_if_already_exists_-_Time_Spent_on_Manual_Work": [                   "Succeeded"                 ]               },               "type": "If"             }           },           "runAfter": {             "Add_Processing_Delays": [               "Succeeded"             ]           },           "type": "Scope"         },         "Add_Use_a_3rd_Party_Tool": {           "actions": {             "Get_GUID_-_Use_a_3rd_Party_Tool": {               "inputs": {                 "name": "PPGuid",                 "value": "@{first(outputs('Get_Record_-_Use_a_3rd_Party_Tool')?['body/value'])?['admin_innovationbacklogpainpointsid']}"               },               "runAfter": {                 "Get_Record_-_Use_a_3rd_Party_Tool": [                   "Succeeded"                 ]               },               "type": "SetVariable"             },             "Get_Record_-_Use_a_3rd_Party_Tool": {               "inputs": {                 "authentication": {                   "type": "Raw",                   "value": "@json(decodeBase64(triggerOutputs().headers['X-MS-APIM-Tokens']))['$ConnectionKey']"                 },                 "host": {                   "apiId": "/providers/Microsoft.PowerApps/apis/shared_commondataserviceforapps",                   "connectionName": "shared_commondataserviceforapps_1",                   "operationId": "ListRecords"                 },                 "parameters": {                   "$filter": "admin_name eq 'Use a 3rd Party Tool'",                   "entityName": "admin_innovationbacklogpainpointses"                 }               },               "runAfter": {},               "type": "OpenApiConnection"             },             "See_if_already_exists_-_License_Fees": {               "inputs": {                 "authentication": {                   "type": "Raw",                   "value": "@json(decodeBase64(triggerOutputs().headers['X-MS-APIM-Tokens']))['$ConnectionKey']"                 },                 "host": {                   "apiId": "/providers/Microsoft.PowerApps/apis/shared_commondataserviceforapps",                   "connectionName": "shared_commondataserviceforapps_1",                   "operationId": "ListRecords"                 },                 "parameters": {                   "$filter": "admin_name eq  'License Fees'",                   "$select": "admin_name",                   "entityName": "admin_innovationbacklogpainpointsmeasureses"                 }               },               "runAfter": {                 "Get_GUID_-_Use_a_3rd_Party_Tool": [                   "Succeeded"                 ]               },               "type": "OpenApiConnection"             },             "See_if_already_exists_-_Time_Modifying": {               "inputs": {                 "authentication": {                   "type": "Raw",                   "value": "@json(decodeBase64(triggerOutputs().headers['X-MS-APIM-Tokens']))['$ConnectionKey']"                 },                 "host": {                   "apiId": "/providers/Microsoft.PowerApps/apis/shared_commondataserviceforapps",                   "connectionName": "shared_commondataserviceforapps_1",                   "operationId": "ListRecords"                 },                 "parameters": {                   "$filter": "admin_name eq 'Time Modifying'",                   "$select": "admin_name",                   "entityName": "admin_innovationbacklogpainpointsmeasureses"                 }               },               "runAfter": {                 "only_add_if_not_already_there_-_License_Fees": [                   "Succeeded"                 ]               },               "type": "OpenApiConnection"             },             "only_add_if_not_already_there_-_License_Fees": {               "actions": {},               "else": {                 "actions": {                   "Add_License_Fees": {                     "inputs": {                       "authentication": {                         "type": "Raw",                         "value": "@json(decodeBase64(triggerOutputs().headers['X-MS-APIM-Tokens']))['$ConnectionKey']"                       },                       "host": {                         "apiId": "/providers/Microsoft.PowerApps/apis/shared_commondataserviceforapps",                         "connectionName": "shared_commondataserviceforapps_1",                         "operationId": "CreateRecord"                       },                       "parameters": {                         "entityName": "admin_innovationbacklogpainpointsmeasureses",                         "item/admin_DefaultPainPoints@odata.bind": "admin_innovationbacklogpainpointses(@{variables('PPGUID')})",                         "item/admin_defaultdisplayname": "License Fees",                         "item/admin_defaultmeasuretype": 597910001,                         "item/admin_name": "License Fees"                       }                     },                     "runAfter": {},                     "type": "OpenApiConnection"                   }                 }               },               "expression": {                 "greater": [                   "@length(outputs('See_if_already_exists_-_License_Fees')?['body/value'])",                   0                 ]               },               "runAfter": {                 "See_if_already_exists_-_License_Fees": [                   "Succeeded"                 ]               },               "type": "If"             },             "only_add_if_not_already_there_-_Time_Modifying": {               "actions": {},               "else": {                 "actions": {                   "Add_Time_Modifying": {                     "inputs": {                       "authentication": "@parameters('$authentication')",                       "host": {                         "apiId": "/providers/Microsoft.PowerApps/apis/shared_commondataserviceforapps",                         "connectionName": "shared_commondataserviceforapps_1",                         "operationId": "CreateRecord"                       },                       "parameters": {                         "entityName": "admin_innovationbacklogpainpointsmeasureses",                         "item/admin_DefaultPainPoints@odata.bind": "admin_innovationbacklogpainpointses(@{variables('PPGUID')})",                         "item/admin_defaultdisplayname": "Time Modifying",                         "item/admin_defaultmeasuretype": 597910000,                         "item/admin_name": "Time Modifying"                       }                     },                     "runAfter": {},                     "type": "OpenApiConnection"                   }                 }               },               "expression": {                 "greater": [                   "@length(outputs('See_if_already_exists_-_Time_Modifying')?['body/value'])",                   0                 ]               },               "runAfter": {                 "See_if_already_exists_-_Time_Modifying": [                   "Succeeded"                 ]               },               "type": "If"             }           },           "runAfter": {             "Add_Time_Consuming_Manual_Work": [               "Succeeded"             ]           },           "type": "Scope"         },         "Add_data_loss_pain_points": {           "actions": {             "Get_GUID_-_Data_Loss": {               "inputs": {                 "name": "PPGuid",                 "value": "@{first(outputs('Get_Record_-_Data_Loss')?['body/value'])?['admin_innovationbacklogpainpointsid']}"               },               "runAfter": {                 "Get_Record_-_Data_Loss": [                   "Succeeded"                 ]               },               "type": "SetVariable"             },             "Get_Record_-_Data_Loss": {               "inputs": {                 "authentication": {                   "type": "Raw",                   "value": "@json(decodeBase64(triggerOutputs().headers['X-MS-APIM-Tokens']))['$ConnectionKey']"                 },                 "host": {                   "apiId": "/providers/Microsoft.PowerApps/apis/shared_commondataserviceforapps",                   "connectionName": "shared_commondataserviceforapps_1",                   "operationId": "ListRecords"                 },                 "parameters": {                   "$filter": "admin_name eq 'Data Loss'",                   "entityName": "admin_innovationbacklogpainpointses"                 }               },               "runAfter": {},               "type": "OpenApiConnection"             },             "See_if_already_exists_-_Money_Lost_due_to_Data_Loss": {               "inputs": {                 "authentication": {                   "type": "Raw",                   "value": "@json(decodeBase64(triggerOutputs().headers['X-MS-APIM-Tokens']))['$ConnectionKey']"                 },                 "host": {                   "apiId": "/providers/Microsoft.PowerApps/apis/shared_commondataserviceforapps",                   "connectionName": "shared_commondataserviceforapps_1",                   "operationId": "ListRecords"                 },                 "parameters": {                   "$filter": "admin_name eq 'Money Lost due to Data Loss'",                   "$select": "admin_name",                   "entityName": "admin_innovationbacklogpainpointsmeasureses"                 }               },               "runAfter": {                 "only_add_if_not_already_there_-_Time_Spent_Retriving_Data": [                   "Succeeded"                 ]               },               "type": "OpenApiConnection"             },             "See_if_already_exists_-_Time_Spent_Retriving_Data": {               "inputs": {                 "authentication": {                   "type": "Raw",                   "value": "@json(decodeBase64(triggerOutputs().headers['X-MS-APIM-Tokens']))['$ConnectionKey']"                 },                 "host": {                   "apiId": "/providers/Microsoft.PowerApps/apis/shared_commondataserviceforapps",                   "connectionName": "shared_commondataserviceforapps_1",                   "operationId": "ListRecords"                 },                 "parameters": {                   "$filter": "admin_name eq  'Time Spent Retriving Data'",                   "$select": "admin_name",                   "entityName": "admin_innovationbacklogpainpointsmeasureses"                 }               },               "runAfter": {                 "Get_GUID_-_Data_Loss": [                   "Succeeded"                 ]               },               "type": "OpenApiConnection"             },             "only_add_if_not_already_there_-_Money_Lost_due_to_Data_Loss": {               "actions": {},               "else": {                 "actions": {                   "Add_Money_Lost_due_to_Data_Loss": {                     "inputs": {                       "authentication": {                         "type": "Raw",                         "value": "@json(decodeBase64(triggerOutputs().headers['X-MS-APIM-Tokens']))['$ConnectionKey']"                       },                       "host": {                         "apiId": "/providers/Microsoft.PowerApps/apis/shared_commondataserviceforapps",                         "connectionName": "shared_commondataserviceforapps_1",                         "operationId": "CreateRecord"                       },                       "parameters": {                         "entityName": "admin_innovationbacklogpainpointsmeasureses",                         "item/admin_DefaultPainPoints@odata.bind": "admin_innovationbacklogpainpointses(@{variables('PPGUID')})",                         "item/admin_defaultdisplayname": "Money Lost due to Data Loss",                         "item/admin_defaultmeasuretype": 597910001,                         "item/admin_name": "Money Lost due to Data Loss"                       }                     },                     "runAfter": {},                     "type": "OpenApiConnection"                   }                 }               },               "expression": {                 "greater": [                   "@length(outputs('See_if_already_exists_-_Money_Lost_due_to_Data_Loss')?['body/value'])",                   0                 ]               },               "runAfter": {                 "See_if_already_exists_-_Money_Lost_due_to_Data_Loss": [                   "Succeeded"                 ]               },               "type": "If"             },             "only_add_if_not_already_there_-_Time_Spent_Retriving_Data": {               "actions": {},               "else": {                 "actions": {                   "Add_Time_Spent_Retriving_Data": {                     "inputs": {                       "authentication": "@parameters('$authentication')",                       "host": {                         "apiId": "/providers/Microsoft.PowerApps/apis/shared_commondataserviceforapps",                         "connectionName": "shared_commondataserviceforapps_1",                         "operationId": "CreateRecord"                       },                       "parameters": {                         "entityName": "admin_innovationbacklogpainpointsmeasureses",                         "item/admin_DefaultPainPoints@odata.bind": "admin_innovationbacklogpainpointses(@{variables('PPGUID')})",                         "item/admin_defaultdisplayname": "Time Spent Retriving Data",                         "item/admin_defaultmeasuretype": 597910000,                         "item/admin_name": "Time Spent Retriving Data"                       }                     },                     "runAfter": {},                     "type": "OpenApiConnection"                   }                 }               },               "expression": {                 "greater": [                   "@length(outputs('See_if_already_exists_-_Time_Spent_Retriving_Data')?['body/value'])",                   0                 ]               },               "runAfter": {                 "See_if_already_exists_-_Time_Spent_Retriving_Data": [                   "Succeeded"                 ]               },               "type": "If"             }           },           "runAfter": {             "Add_Pain_Points": [               "Succeeded"             ]           },           "type": "Scope"         },         "Initialize_var_PPGUID": {           "inputs": {             "variables": [               {                 "name": "PPGUID",                 "type": "string"               }             ]           },           "runAfter": {             "Starter_PainPoints": [               "Succeeded"             ]           },           "type": "InitializeVariable"         },         "Starter_PainPoints": {           "inputs": {             "variables": [               {                 "name": "PPs",                 "type": "array",                 "value": [                   "Disparate Data / Processes across Team",                   "Pen and Paper Forms",                   "Time Consuming Manual Work",                   "People not enrolled in process",                   "Processing Delays",                   "Error Prone",                   "Data Loss",                   "Use a 3rd Party Tool",                   "Does not support Mobile Work"                 ]               }             ]           },           "runAfter": {},           "type": "InitializeVariable"         }       },       "contentVersion": "1.0.0.0",       "outputs": {},       "parameters": {         "$authentication": {           "defaultValue": {},           "type": "SecureObject"         },         "$connections": {           "defaultValue": {},           "type": "Object"         }       },       "triggers": {         "manual": {           "inputs": {             "schema": {               "properties": {},               "required": [],               "type": "object"             }           },           "kind": "Button",           "type": "Request"         }       }     }   },   "schemaVersion": "1.0.0.0" }
