{   "properties": {     "connectionReferences": {       "shared_commondataserviceforapps_1": {         "api": {           "name": "shared_commondataserviceforapps"         },         "connection": {           "connectionReferenceLogicalName": "admin_InnovationBacklogCDSCurrent"         },         "runtimeSource": "embedded"       },       "shared_powerappsforappmakers_1": {         "api": {           "name": "shared_powerappsforappmakers"         },         "connection": {           "connectionReferenceLogicalName": "admin_InnovationBacklogPowerAppsforMakers"         },         "runtimeSource": "invoker"       },       "shared_powerplatformforadmins_1": {         "api": {           "name": "shared_powerplatformforadmins"         },         "connection": {           "connectionReferenceLogicalName": "admin_InnovationBacklogPowerPlatform"         },         "runtimeSource": "invoker"       }     },     "definition": {       "$schema": "https://schema.management.azure.com/providers/Microsoft.Logic/schemas/2016-06-01/workflowdefinition.json#",       "actions": {         "Add_Connector_if_new,_else_update": {           "actions": {             "For_each_connector_from_the_default_environment": {               "actions": {                 "Get_it_as_Tool_from_CoE": {                   "inputs": {                     "authentication": {                       "type": "Raw",                       "value": "@json(decodeBase64(triggerOutputs().headers['X-MS-APIM-Tokens']))['$ConnectionKey']"                     },                     "host": {                       "apiId": "/providers/Microsoft.PowerApps/apis/shared_commondataserviceforapps",                       "connectionName": "shared_commondataserviceforapps_1",                       "operationId": "ListRecords"                     },                     "parameters": {                       "$filter": "admin_id eq '@{items('For_each_connector_from_the_default_environment')?['id']}'",                       "entityName": "admin_innovationbacklogtools"                     }                   },                   "runAfter": {},                   "runtimeConfiguration": {                     "paginationPolicy": {                       "minimumItemCount": 5000                     }                   },                   "type": "OpenApiConnection"                 },                 "If_it_exists,_update,_else_insert": {                   "actions": {                     "For_each_tool_returns_-_which_will_be_one": {                       "actions": {                         "Update_Tool": {                           "inputs": {                             "authentication": {                               "type": "Raw",                               "value": "@json(decodeBase64(triggerOutputs().headers['X-MS-APIM-Tokens']))['$ConnectionKey']"                             },                             "host": {                               "apiId": "/providers/Microsoft.PowerApps/apis/shared_commondataserviceforapps",                               "connectionName": "shared_commondataserviceforapps_1",                               "operationId": "UpdateRecord"                             },                             "parameters": {                               "entityName": "admin_innovationbacklogtools",                               "item/admin_conntype": "@items('For_each_connector_from_the_default_environment')?['type']",                               "item/admin_description": "@items('For_each_connector_from_the_default_environment')?['properties/connectionParameters/token/uiDefinition/description']",                               "item/admin_displayname": "@items('For_each_connector_from_the_default_environment')?['properties']?['displayName']",                               "item/admin_icon": "@items('For_each_connector_from_the_default_environment')?['properties']?['iconUri']",                               "item/admin_iconbrandcolor": "@items('For_each_connector_from_the_default_environment')?['properties']?['iconBrandColor']",                               "item/admin_id": "@items('For_each_connector_from_the_default_environment')?['id']",                               "item/admin_iscustomsoftwareconnector": "@items('For_each_connector_from_the_default_environment')?['properties']?['isCustomApi']",                               "item/admin_name": "@items('For_each_connector_from_the_default_environment')?['name']",                               "item/admin_publisher": "@items('For_each_connector_from_the_default_environment')?['properties']?['publisher']",                               "recordId": "@items('For_each_tool_returns_-_which_will_be_one')?['admin_innovationbacklogtoolid']"                             },                             "retryPolicy": {                               "count": 10,                               "interval": "PT10S",                               "type": "exponential"                             }                           },                           "runAfter": {},                           "type": "OpenApiConnection"                         }                       },                       "foreach": "@outputs('Get_it_as_Tool_from_CoE')?['body/value']",                       "runAfter": {},                       "type": "Foreach"                     }                   },                   "else": {                     "actions": {                       "Insert_Tool": {                         "inputs": {                           "authentication": {                             "type": "Raw",                             "value": "@json(decodeBase64(triggerOutputs().headers['X-MS-APIM-Tokens']))['$ConnectionKey']"                           },                           "host": {                             "apiId": "/providers/Microsoft.PowerApps/apis/shared_commondataserviceforapps",                             "connectionName": "shared_commondataserviceforapps_1",                             "operationId": "CreateRecord"                           },                           "parameters": {                             "entityName": "admin_innovationbacklogtools",                             "item/admin_conntype": "@items('For_each_connector_from_the_default_environment')?['type']",                             "item/admin_description": "@items('For_each_connector_from_the_default_environment')?['properties/connectionParameters/token/uiDefinition/description']",                             "item/admin_displayname": "@items('For_each_connector_from_the_default_environment')?['properties']?['displayName']",                             "item/admin_icon": "@items('For_each_connector_from_the_default_environment')?['properties']?['iconUri']",                             "item/admin_iconbrandcolor": "@items('For_each_connector_from_the_default_environment')?['properties']?['iconBrandColor']",                             "item/admin_id": "@items('For_each_connector_from_the_default_environment')?['id']",                             "item/admin_iscustomsoftwareconnector": "@items('For_each_connector_from_the_default_environment')?['properties']?['isCustomApi']",                             "item/admin_name": "@items('For_each_connector_from_the_default_environment')?['name']",                             "item/admin_publisher": "@items('For_each_connector_from_the_default_environment')?['properties']?['publisher']"                           },                           "retryPolicy": {                             "count": 10,                             "interval": "PT10S",                             "type": "exponential"                           }                         },                         "runAfter": {},                         "type": "OpenApiConnection"                       }                     }                   },                   "expression": {                     "greater": [                       "@length(body('Get_it_as_Tool_from_CoE')?['value'])",                       0                     ]                   },                   "runAfter": {                     "Get_it_as_Tool_from_CoE": [                       "Succeeded"                     ]                   },                   "type": "If"                 }               },               "foreach": "@outputs('Get_Connectors')?['body/value']",               "runAfter": {},               "type": "Foreach"             }           },           "runAfter": {             "Get_Default_Environments_Connectors": [               "Succeeded"             ]           },           "type": "Scope"         },         "Add_common_non-software": {           "actions": {             "See_if_already_exists_-_Brain": {               "inputs": {                 "authentication": {                   "type": "Raw",                   "value": "@json(decodeBase64(triggerOutputs().headers['X-MS-APIM-Tokens']))['$ConnectionKey']"                 },                 "host": {                   "apiId": "/providers/Microsoft.PowerApps/apis/shared_commondataserviceforapps",                   "connectionName": "shared_commondataserviceforapps_1",                   "operationId": "ListRecords"                 },                 "parameters": {                   "$filter": "admin_name eq  'Brain'",                   "$select": "admin_name",                   "entityName": "admin_innovationbacklogtools"                 }               },               "runAfter": {},               "runtimeConfiguration": {                 "paginationPolicy": {                   "minimumItemCount": 5000                 }               },               "type": "OpenApiConnection"             },             "See_if_already_exists_-_Camera": {               "inputs": {                 "authentication": {                   "type": "Raw",                   "value": "@json(decodeBase64(triggerOutputs().headers['X-MS-APIM-Tokens']))['$ConnectionKey']"                 },                 "host": {                   "apiId": "/providers/Microsoft.PowerApps/apis/shared_commondataserviceforapps",                   "connectionName": "shared_commondataserviceforapps_1",                   "operationId": "ListRecords"                 },                 "parameters": {                   "$filter": "admin_name eq  'Camera'",                   "$select": "admin_name",                   "entityName": "admin_innovationbacklogtools"                 }               },               "runAfter": {                 "only_add_if_not_already_there_-_Brain": [                   "Succeeded"                 ]               },               "runtimeConfiguration": {                 "paginationPolicy": {                   "minimumItemCount": 5000                 }               },               "type": "OpenApiConnection"             },             "See_if_already_exists_-_Computer_Hardware": {               "inputs": {                 "authentication": {                   "type": "Raw",                   "value": "@json(decodeBase64(triggerOutputs().headers['X-MS-APIM-Tokens']))['$ConnectionKey']"                 },                 "host": {                   "apiId": "/providers/Microsoft.PowerApps/apis/shared_commondataserviceforapps",                   "connectionName": "shared_commondataserviceforapps_1",                   "operationId": "ListRecords"                 },                 "parameters": {                   "$filter": "admin_name eq  'Computer Hardware'",                   "$select": "admin_name",                   "entityName": "admin_innovationbacklogtools"                 }               },               "runAfter": {                 "only_add_if_not_already_there_-_Camera": [                   "Succeeded"                 ]               },               "runtimeConfiguration": {                 "paginationPolicy": {                   "minimumItemCount": 5000                 }               },               "type": "OpenApiConnection"             },             "See_if_already_exists_-_Field_Inspection": {               "inputs": {                 "authentication": {                   "type": "Raw",                   "value": "@json(decodeBase64(triggerOutputs().headers['X-MS-APIM-Tokens']))['$ConnectionKey']"                 },                 "host": {                   "apiId": "/providers/Microsoft.PowerApps/apis/shared_commondataserviceforapps",                   "connectionName": "shared_commondataserviceforapps_1",                   "operationId": "ListRecords"                 },                 "parameters": {                   "$filter": "admin_name eq  'Field Inspection'",                   "$select": "admin_name",                   "entityName": "admin_innovationbacklogtools"                 }               },               "runAfter": {                 "only_add_if_not_already_there_-_Computer_Hardware": [                   "Succeeded"                 ]               },               "runtimeConfiguration": {                 "paginationPolicy": {                   "minimumItemCount": 5000                 }               },               "type": "OpenApiConnection"             },             "See_if_already_exists_-_Herding_Cats": {               "inputs": {                 "authentication": {                   "type": "Raw",                   "value": "@json(decodeBase64(triggerOutputs().headers['X-MS-APIM-Tokens']))['$ConnectionKey']"                 },                 "host": {                   "apiId": "/providers/Microsoft.PowerApps/apis/shared_commondataserviceforapps",                   "connectionName": "shared_commondataserviceforapps_1",                   "operationId": "ListRecords"                 },                 "parameters": {                   "$filter": "admin_name eq  'Herding Cats'",                   "$select": "admin_name",                   "entityName": "admin_innovationbacklogtools"                 }               },               "runAfter": {                 "only_add_if_not_already_there_-_Field_Inspection": [                   "Succeeded"                 ]               },               "runtimeConfiguration": {                 "paginationPolicy": {                   "minimumItemCount": 5000                 }               },               "type": "OpenApiConnection"             },             "See_if_already_exists_-_Meeting": {               "inputs": {                 "authentication": {                   "type": "Raw",                   "value": "@json(decodeBase64(triggerOutputs().headers['X-MS-APIM-Tokens']))['$ConnectionKey']"                 },                 "host": {                   "apiId": "/providers/Microsoft.PowerApps/apis/shared_commondataserviceforapps",                   "connectionName": "shared_commondataserviceforapps_1",                   "operationId": "ListRecords"                 },                 "parameters": {                   "$filter": "admin_name eq  'Meeting'",                   "$select": "admin_name",                   "entityName": "admin_innovationbacklogtools"                 }               },               "runAfter": {                 "only_add_if_not_already_there_-_Herding_Cats": [                   "Succeeded"                 ]               },               "runtimeConfiguration": {                 "paginationPolicy": {                   "minimumItemCount": 5000                 }               },               "type": "OpenApiConnection"             },             "See_if_already_exists_-_Pen_and_Paper": {               "inputs": {                 "authentication": {                   "type": "Raw",                   "value": "@json(decodeBase64(triggerOutputs().headers['X-MS-APIM-Tokens']))['$ConnectionKey']"                 },                 "host": {                   "apiId": "/providers/Microsoft.PowerApps/apis/shared_commondataserviceforapps",                   "connectionName": "shared_commondataserviceforapps_1",                   "operationId": "ListRecords"                 },                 "parameters": {                   "$filter": "admin_name eq  'Pen and Paper'",                   "$select": "admin_name",                   "entityName": "admin_innovationbacklogtools"                 }               },               "runAfter": {                 "only_add_if_not_already_there_-_Meeting": [                   "Succeeded"                 ]               },               "runtimeConfiguration": {                 "paginationPolicy": {                   "minimumItemCount": 5000                 }               },               "type": "OpenApiConnection"             },             "See_if_already_exists_-_Printer": {               "inputs": {                 "authentication": {                   "type": "Raw",                   "value": "@json(decodeBase64(triggerOutputs().headers['X-MS-APIM-Tokens']))['$ConnectionKey']"                 },                 "host": {                   "apiId": "/providers/Microsoft.PowerApps/apis/shared_commondataserviceforapps",                   "connectionName": "shared_commondataserviceforapps_1",                   "operationId": "ListRecords"                 },                 "parameters": {                   "$filter": "admin_name eq  'Printer'",                   "$select": "admin_name",                   "entityName": "admin_innovationbacklogtools"                 }               },               "runAfter": {                 "only_add_if_not_already_there_-_Pen_and_Paper": [                   "Succeeded"                 ]               },               "runtimeConfiguration": {                 "paginationPolicy": {                   "minimumItemCount": 5000                 }               },               "type": "OpenApiConnection"             },             "See_if_already_exists_-_Whiteboard": {               "inputs": {                 "authentication": {                   "type": "Raw",                   "value": "@json(decodeBase64(triggerOutputs().headers['X-MS-APIM-Tokens']))['$ConnectionKey']"                 },                 "host": {                   "apiId": "/providers/Microsoft.PowerApps/apis/shared_commondataserviceforapps",                   "connectionName": "shared_commondataserviceforapps_1",                   "operationId": "ListRecords"                 },                 "parameters": {                   "$filter": "admin_name eq  'Whiteboard'",                   "$select": "admin_name",                   "entityName": "admin_innovationbacklogtools"                 }               },               "runAfter": {                 "only_add_if_not_already_there_-_Printer": [                   "Succeeded"                 ]               },               "runtimeConfiguration": {                 "paginationPolicy": {                   "minimumItemCount": 5000                 }               },               "type": "OpenApiConnection"             },             "only_add_if_not_already_there_-_Brain": {               "actions": {},               "else": {                 "actions": {                   "Add_Brain": {                     "inputs": {                       "authentication": {                         "type": "Raw",                         "value": "@json(decodeBase64(triggerOutputs().headers['X-MS-APIM-Tokens']))['$ConnectionKey']"                       },                       "host": {                         "apiId": "/providers/Microsoft.PowerApps/apis/shared_commondataserviceforapps",                         "connectionName": "shared_commondataserviceforapps_1",                         "operationId": "CreateRecord"                       },                       "parameters": {                         "entityName": "admin_innovationbacklogtools",                         "item/admin_description": "Human Decision Making",                         "item/admin_displayname": "Brain",                         "item/admin_id": "/nonsoftware/brain",                         "item/admin_iscustomsoftwareconnector": false,                         "item/admin_mostcommonlyused": false,                         "item/admin_name": "Brain",                         "item/admin_tooltype": 597910001                       },                       "retryPolicy": {                         "count": 10,                         "interval": "PT10S",                         "type": "exponential"                       }                     },                     "runAfter": {},                     "type": "OpenApiConnection"                   }                 }               },               "expression": {                 "greater": [                   "@length(outputs('See_if_already_exists_-_Brain')?['body/value'])",                   0                 ]               },               "runAfter": {                 "See_if_already_exists_-_Brain": [                   "Succeeded"                 ]               },               "type": "If"             },             "only_add_if_not_already_there_-_Camera": {               "actions": {},               "else": {                 "actions": {                   "Add_Camera": {                     "inputs": {                       "authentication": {                         "type": "Raw",                         "value": "@json(decodeBase64(triggerOutputs().headers['X-MS-APIM-Tokens']))['$ConnectionKey']"                       },                       "host": {                         "apiId": "/providers/Microsoft.PowerApps/apis/shared_commondataserviceforapps",                         "connectionName": "shared_commondataserviceforapps_1",                         "operationId": "CreateRecord"                       },                       "parameters": {                         "entityName": "admin_innovationbacklogtools",                         "item/admin_displayname": "Camera",                         "item/admin_id": "/nonsoftware/Camera",                         "item/admin_iscustomsoftwareconnector": false,                         "item/admin_mostcommonlyused": true,                         "item/admin_name": "Camera",                         "item/admin_tooltype": 597910001                       },                       "retryPolicy": {                         "count": 10,                         "interval": "PT10S",                         "type": "exponential"                       }                     },                     "runAfter": {},                     "type": "OpenApiConnection"                   }                 }               },               "expression": {                 "greater": [                   "@length(outputs('See_if_already_exists_-_Camera')?['body/value'])",                   0                 ]               },               "runAfter": {                 "See_if_already_exists_-_Camera": [                   "Succeeded"                 ]               },               "type": "If"             },             "only_add_if_not_already_there_-_Computer_Hardware": {               "actions": {},               "else": {                 "actions": {                   "Add_Computer_Hardware": {                     "inputs": {                       "authentication": {                         "type": "Raw",                         "value": "@json(decodeBase64(triggerOutputs().headers['X-MS-APIM-Tokens']))['$ConnectionKey']"                       },                       "host": {                         "apiId": "/providers/Microsoft.PowerApps/apis/shared_commondataserviceforapps",                         "connectionName": "shared_commondataserviceforapps_1",                         "operationId": "CreateRecord"                       },                       "parameters": {                         "entityName": "admin_innovationbacklogtools",                         "item/admin_description": "working with the computer hardware itself",                         "item/admin_displayname": "Computer Hardware",                         "item/admin_id": "/nonsoftware/Computer Hardware",                         "item/admin_iscustomsoftwareconnector": false,                         "item/admin_mostcommonlyused": false,                         "item/admin_name": "Computer Hardware",                         "item/admin_tooltype": 597910001                       },                       "retryPolicy": {                         "count": 10,                         "interval": "PT10S",                         "type": "exponential"                       }                     },                     "runAfter": {},                     "type": "OpenApiConnection"                   }                 }               },               "expression": {                 "greater": [                   "@length(outputs('See_if_already_exists_-_Computer_Hardware')?['body/value'])",                   0                 ]               },               "runAfter": {                 "See_if_already_exists_-_Computer_Hardware": [                   "Succeeded"                 ]               },               "type": "If"             },             "only_add_if_not_already_there_-_Field_Inspection": {               "actions": {},               "else": {                 "actions": {                   "Add_Field_Inspection": {                     "inputs": {                       "authentication": {                         "type": "Raw",                         "value": "@json(decodeBase64(triggerOutputs().headers['X-MS-APIM-Tokens']))['$ConnectionKey']"                       },                       "host": {                         "apiId": "/providers/Microsoft.PowerApps/apis/shared_commondataserviceforapps",                         "connectionName": "shared_commondataserviceforapps_1",                         "operationId": "CreateRecord"                       },                       "parameters": {                         "entityName": "admin_innovationbacklogtools",                         "item/admin_displayname": "Field Inspection",                         "item/admin_id": "/nonsoftware/Field Inspection",                         "item/admin_iscustomsoftwareconnector": false,                         "item/admin_mostcommonlyused": false,                         "item/admin_name": "Field Inspection",                         "item/admin_tooltype": 597910001                       },                       "retryPolicy": {                         "count": 10,                         "interval": "PT10S",                         "type": "exponential"                       }                     },                     "runAfter": {},                     "type": "OpenApiConnection"                   }                 }               },               "expression": {                 "greater": [                   "@length(outputs('See_if_already_exists_-_Field_Inspection')?['body/value'])",                   0                 ]               },               "runAfter": {                 "See_if_already_exists_-_Field_Inspection": [                   "Succeeded"                 ]               },               "type": "If"             },             "only_add_if_not_already_there_-_Herding_Cats": {               "actions": {},               "else": {                 "actions": {                   "Add_Herding_Cats": {                     "inputs": {                       "authentication": {                         "type": "Raw",                         "value": "@json(decodeBase64(triggerOutputs().headers['X-MS-APIM-Tokens']))['$ConnectionKey']"                       },                       "host": {                         "apiId": "/providers/Microsoft.PowerApps/apis/shared_commondataserviceforapps",                         "connectionName": "shared_commondataserviceforapps_1",                         "operationId": "CreateRecord"                       },                       "parameters": {                         "entityName": "admin_innovationbacklogtools",                         "item/admin_description": "Chasing people to get them to do the thing.",                         "item/admin_displayname": "Herding Cats",                         "item/admin_id": "/nonsoftware/Herding Cats",                         "item/admin_iscustomsoftwareconnector": false,                         "item/admin_mostcommonlyused": false,                         "item/admin_name": "Herding Cats",                         "item/admin_tooltype": 597910001                       },                       "retryPolicy": {                         "count": 10,                         "interval": "PT10S",                         "type": "exponential"                       }                     },                     "runAfter": {},                     "type": "OpenApiConnection"                   }                 }               },               "expression": {                 "greater": [                   "@length(outputs('See_if_already_exists_-_Herding_Cats')?['body/value'])",                   0                 ]               },               "runAfter": {                 "See_if_already_exists_-_Herding_Cats": [                   "Succeeded"                 ]               },               "type": "If"             },             "only_add_if_not_already_there_-_Meeting": {               "actions": {},               "else": {                 "actions": {                   "Add_Meeting": {                     "inputs": {                       "authentication": {                         "type": "Raw",                         "value": "@json(decodeBase64(triggerOutputs().headers['X-MS-APIM-Tokens']))['$ConnectionKey']"                       },                       "host": {                         "apiId": "/providers/Microsoft.PowerApps/apis/shared_commondataserviceforapps",                         "connectionName": "shared_commondataserviceforapps_1",                         "operationId": "CreateRecord"                       },                       "parameters": {                         "entityName": "admin_innovationbacklogtools",                         "item/admin_displayname": "Meeting",                         "item/admin_id": "/nonsoftware/Meeting",                         "item/admin_iscustomsoftwareconnector": false,                         "item/admin_mostcommonlyused": true,                         "item/admin_name": "Meeting",                         "item/admin_tooltype": 597910001                       },                       "retryPolicy": {                         "count": 10,                         "interval": "PT10S",                         "type": "exponential"                       }                     },                     "runAfter": {},                     "type": "OpenApiConnection"                   }                 }               },               "expression": {                 "greater": [                   "@length(outputs('See_if_already_exists_-_Meeting')?['body/value'])",                   0                 ]               },               "runAfter": {                 "See_if_already_exists_-_Meeting": [                   "Succeeded"                 ]               },               "type": "If"             },             "only_add_if_not_already_there_-_Pen_and_Paper": {               "actions": {},               "else": {                 "actions": {                   "Add_Pen_and_Paper": {                     "inputs": {                       "authentication": {                         "type": "Raw",                         "value": "@json(decodeBase64(triggerOutputs().headers['X-MS-APIM-Tokens']))['$ConnectionKey']"                       },                       "host": {                         "apiId": "/providers/Microsoft.PowerApps/apis/shared_commondataserviceforapps",                         "connectionName": "shared_commondataserviceforapps_1",                         "operationId": "CreateRecord"                       },                       "parameters": {                         "entityName": "admin_innovationbacklogtools",                         "item/admin_displayname": "Pen and Paper",                         "item/admin_id": "/nonsoftware/Pen and Paper",                         "item/admin_iscustomsoftwareconnector": false,                         "item/admin_mostcommonlyused": true,                         "item/admin_name": "Pen and Paper",                         "item/admin_tooltype": 597910001                       },                       "retryPolicy": {                         "count": 10,                         "interval": "PT10S",                         "type": "exponential"                       }                     },                     "runAfter": {},                     "type": "OpenApiConnection"                   }                 }               },               "expression": {                 "greater": [                   "@length(outputs('See_if_already_exists_-_Pen_and_Paper')?['body/value'])",                   0                 ]               },               "runAfter": {                 "See_if_already_exists_-_Pen_and_Paper": [                   "Succeeded"                 ]               },               "type": "If"             },             "only_add_if_not_already_there_-_Printer": {               "actions": {},               "else": {                 "actions": {                   "Add_Printer": {                     "inputs": {                       "authentication": {                         "type": "Raw",                         "value": "@json(decodeBase64(triggerOutputs().headers['X-MS-APIM-Tokens']))['$ConnectionKey']"                       },                       "host": {                         "apiId": "/providers/Microsoft.PowerApps/apis/shared_commondataserviceforapps",                         "connectionName": "shared_commondataserviceforapps_1",                         "operationId": "CreateRecord"                       },                       "parameters": {                         "entityName": "admin_innovationbacklogtools",                         "item/admin_displayname": "Printer",                         "item/admin_id": "/nonsoftware/Printer",                         "item/admin_iscustomsoftwareconnector": false,                         "item/admin_mostcommonlyused": false,                         "item/admin_name": "Printer",                         "item/admin_tooltype": 597910001                       },                       "retryPolicy": {                         "count": 10,                         "interval": "PT10S",                         "type": "exponential"                       }                     },                     "runAfter": {},                     "type": "OpenApiConnection"                   }                 }               },               "expression": {                 "greater": [                   "@length(outputs('See_if_already_exists_-_Printer')?['body/value'])",                   0                 ]               },               "runAfter": {                 "See_if_already_exists_-_Printer": [                   "Succeeded"                 ]               },               "type": "If"             },             "only_add_if_not_already_there_-_Whiteboard": {               "actions": {},               "else": {                 "actions": {                   "Add_Whiteboard": {                     "inputs": {                       "authentication": {                         "type": "Raw",                         "value": "@json(decodeBase64(triggerOutputs().headers['X-MS-APIM-Tokens']))['$ConnectionKey']"                       },                       "host": {                         "apiId": "/providers/Microsoft.PowerApps/apis/shared_commondataserviceforapps",                         "connectionName": "shared_commondataserviceforapps_1",                         "operationId": "CreateRecord"                       },                       "parameters": {                         "entityName": "admin_innovationbacklogtools",                         "item/admin_description": "Using a physical whiteboard to brainstorm, take notes, track, etc",                         "item/admin_displayname": "Whiteboard",                         "item/admin_id": "/nonsoftware/Whiteboard",                         "item/admin_iscustomsoftwareconnector": false,                         "item/admin_mostcommonlyused": false,                         "item/admin_name": "Whiteboard",                         "item/admin_tooltype": 597910001                       },                       "retryPolicy": {                         "count": 10,                         "interval": "PT10S",                         "type": "exponential"                       }                     },                     "runAfter": {},                     "type": "OpenApiConnection"                   }                 }               },               "expression": {                 "greater": [                   "@length(outputs('See_if_already_exists_-_Whiteboard')?['body/value'])",                   0                 ]               },               "runAfter": {                 "See_if_already_exists_-_Whiteboard": [                   "Succeeded"                 ]               },               "type": "If"             }           },           "runAfter": {             "Delete_what_will_seem_like_Dupes_to_non-PP_users": [               "Succeeded"             ]           },           "type": "Scope"         },         "Delete_what_will_seem_like_Dupes_to_non-PP_users": {           "actions": {             "Apply_to_each_shared_basecamp2": {               "actions": {                 "Delete_basecamp2": {                   "inputs": {                     "authentication": {                       "type": "Raw",                       "value": "@json(decodeBase64(triggerOutputs().headers['X-MS-APIM-Tokens']))['$ConnectionKey']"                     },                     "host": {                       "apiId": "/providers/Microsoft.PowerApps/apis/shared_commondataserviceforapps",                       "connectionName": "shared_commondataserviceforapps_1",                       "operationId": "DeleteRecord"                     },                     "parameters": {                       "entityName": "admin_innovationbacklogtools",                       "recordId": "@items('Apply_to_each_shared_basecamp2')?['admin_innovationbacklogtoolid']"                     },                     "retryPolicy": {                       "count": 10,                       "interval": "PT10S",                       "type": "exponential"                     }                   },                   "runAfter": {},                   "type": "OpenApiConnection"                 }               },               "foreach": "@outputs('shared_basecamp2')?['body/value']",               "runAfter": {                 "shared_basecamp2": [                   "Succeeded"                 ]               },               "type": "Foreach"             },             "Apply_to_each_shared_excelonline": {               "actions": {                 "Delete_excelonline": {                   "inputs": {                     "authentication": {                       "type": "Raw",                       "value": "@json(decodeBase64(triggerOutputs().headers['X-MS-APIM-Tokens']))['$ConnectionKey']"                     },                     "host": {                       "apiId": "/providers/Microsoft.PowerApps/apis/shared_commondataserviceforapps",                       "connectionName": "shared_commondataserviceforapps_1",                       "operationId": "DeleteRecord"                     },                     "parameters": {                       "entityName": "admin_innovationbacklogtools",                       "recordId": "@items('Apply_to_each_shared_excelonline')?['admin_innovationbacklogtoolid']"                     },                     "retryPolicy": {                       "count": 10,                       "interval": "PT10S",                       "type": "exponential"                     }                   },                   "runAfter": {},                   "type": "OpenApiConnection"                 }               },               "foreach": "@outputs('shared_excelonline')?['body/value']",               "runAfter": {                 "shared_excelonline": [                   "Succeeded"                 ]               },               "type": "Foreach"             },             "Apply_to_each_shared_excelonlinebusiness": {               "actions": {                 "Delete_excelonlinebusiness": {                   "inputs": {                     "authentication": {                       "type": "Raw",                       "value": "@json(decodeBase64(triggerOutputs().headers['X-MS-APIM-Tokens']))['$ConnectionKey']"                     },                     "host": {                       "apiId": "/providers/Microsoft.PowerApps/apis/shared_commondataserviceforapps",                       "connectionName": "shared_commondataserviceforapps_1",                       "operationId": "DeleteRecord"                     },                     "parameters": {                       "entityName": "admin_innovationbacklogtools",                       "recordId": "@items('Apply_to_each_shared_excelonlinebusiness')?['admin_innovationbacklogtoolid']"                     },                     "retryPolicy": {                       "count": 10,                       "interval": "PT10S",                       "type": "exponential"                     }                   },                   "runAfter": {},                   "type": "OpenApiConnection"                 }               },               "foreach": "@outputs('shared_excelonlinebusiness')?['body/value']",               "runAfter": {                 "shared_excelonlinebusiness": [                   "Succeeded"                 ]               },               "type": "Foreach"             },             "Apply_to_each_shared_iotcentral": {               "actions": {                 "Delete_iotcentral": {                   "inputs": {                     "authentication": {                       "type": "Raw",                       "value": "@json(decodeBase64(triggerOutputs().headers['X-MS-APIM-Tokens']))['$ConnectionKey']"                     },                     "host": {                       "apiId": "/providers/Microsoft.PowerApps/apis/shared_commondataserviceforapps",                       "connectionName": "shared_commondataserviceforapps_1",                       "operationId": "DeleteRecord"                     },                     "parameters": {                       "entityName": "admin_innovationbacklogtools",                       "recordId": "@items('Apply_to_each_shared_iotcentral')?['admin_innovationbacklogtoolid']"                     },                     "retryPolicy": {                       "count": 10,                       "interval": "PT10S",                       "type": "exponential"                     }                   },                   "runAfter": {},                   "type": "OpenApiConnection"                 }               },               "foreach": "@outputs('shared_iotcentral')?['body/value']",               "runAfter": {                 "shared_iotcentral": [                   "Succeeded"                 ]               },               "type": "Foreach"             },             "Apply_to_each_shared_outlook": {               "actions": {                 "Delete_outlook": {                   "inputs": {                     "authentication": {                       "type": "Raw",                       "value": "@json(decodeBase64(triggerOutputs().headers['X-MS-APIM-Tokens']))['$ConnectionKey']"                     },                     "host": {                       "apiId": "/providers/Microsoft.PowerApps/apis/shared_commondataserviceforapps",                       "connectionName": "shared_commondataserviceforapps_1",                       "operationId": "DeleteRecord"                     },                     "parameters": {                       "entityName": "admin_innovationbacklogtools",                       "recordId": "@items('Apply_to_each_shared_outlook')?['admin_innovationbacklogtoolid']"                     },                     "retryPolicy": {                       "count": 10,                       "interval": "PT10S",                       "type": "exponential"                     }                   },                   "runAfter": {},                   "type": "OpenApiConnection"                 }               },               "foreach": "@outputs('shared_outlook')?['body/value']",               "runAfter": {                 "shared_outlook": [                   "Succeeded"                 ]               },               "type": "Foreach"             },             "shared_basecamp2": {               "inputs": {                 "authentication": {                   "type": "Raw",                   "value": "@json(decodeBase64(triggerOutputs().headers['X-MS-APIM-Tokens']))['$ConnectionKey']"                 },                 "host": {                   "apiId": "/providers/Microsoft.PowerApps/apis/shared_commondataserviceforapps",                   "connectionName": "shared_commondataserviceforapps_1",                   "operationId": "ListRecords"                 },                 "parameters": {                   "$filter": "admin_id eq '/providers/Microsoft.PowerApps/apis/shared_basecamp2'",                   "$select": "admin_innovationbacklogtoolid",                   "entityName": "admin_innovationbacklogtools"                 }               },               "runAfter": {                 "Apply_to_each_shared_iotcentral": [                   "Succeeded"                 ]               },               "runtimeConfiguration": {                 "paginationPolicy": {                   "minimumItemCount": 5000                 }               },               "type": "OpenApiConnection"             },             "shared_excelonline": {               "inputs": {                 "authentication": {                   "type": "Raw",                   "value": "@json(decodeBase64(triggerOutputs().headers['X-MS-APIM-Tokens']))['$ConnectionKey']"                 },                 "host": {                   "apiId": "/providers/Microsoft.PowerApps/apis/shared_commondataserviceforapps",                   "connectionName": "shared_commondataserviceforapps_1",                   "operationId": "ListRecords"                 },                 "parameters": {                   "$filter": "admin_id eq '/providers/Microsoft.PowerApps/apis/shared_excelonline'",                   "$select": "admin_innovationbacklogtoolid",                   "entityName": "admin_innovationbacklogtools"                 }               },               "runAfter": {                 "Apply_to_each_shared_excelonlinebusiness": [                   "Succeeded"                 ]               },               "runtimeConfiguration": {                 "paginationPolicy": {                   "minimumItemCount": 5000                 }               },               "type": "OpenApiConnection"             },             "shared_excelonlinebusiness": {               "inputs": {                 "authentication": {                   "type": "Raw",                   "value": "@json(decodeBase64(triggerOutputs().headers['X-MS-APIM-Tokens']))['$ConnectionKey']"                 },                 "host": {                   "apiId": "/providers/Microsoft.PowerApps/apis/shared_commondataserviceforapps",                   "connectionName": "shared_commondataserviceforapps_1",                   "operationId": "ListRecords"                 },                 "parameters": {                   "$filter": "admin_id eq '/providers/Microsoft.PowerApps/apis/shared_excelonlinebusiness'",                   "$select": "admin_innovationbacklogtoolid",                   "entityName": "admin_innovationbacklogtools"                 }               },               "runAfter": {},               "runtimeConfiguration": {                 "paginationPolicy": {                   "minimumItemCount": 5000                 }               },               "type": "OpenApiConnection"             },             "shared_iotcentral": {               "inputs": {                 "authentication": {                   "type": "Raw",                   "value": "@json(decodeBase64(triggerOutputs().headers['X-MS-APIM-Tokens']))['$ConnectionKey']"                 },                 "host": {                   "apiId": "/providers/Microsoft.PowerApps/apis/shared_commondataserviceforapps",                   "connectionName": "shared_commondataserviceforapps_1",                   "operationId": "ListRecords"                 },                 "parameters": {                   "$filter": "admin_id eq '/providers/Microsoft.PowerApps/apis/shared_iotcentral'",                   "$select": "admin_innovationbacklogtoolid",                   "entityName": "admin_innovationbacklogtools"                 }               },               "runAfter": {                 "Apply_to_each_shared_excelonline": [                   "Succeeded"                 ]               },               "runtimeConfiguration": {                 "paginationPolicy": {                   "minimumItemCount": 5000                 }               },               "type": "OpenApiConnection"             },             "shared_outlook": {               "inputs": {                 "authentication": {                   "type": "Raw",                   "value": "@json(decodeBase64(triggerOutputs().headers['X-MS-APIM-Tokens']))['$ConnectionKey']"                 },                 "host": {                   "apiId": "/providers/Microsoft.PowerApps/apis/shared_commondataserviceforapps",                   "connectionName": "shared_commondataserviceforapps_1",                   "operationId": "ListRecords"                 },                 "parameters": {                   "$filter": "admin_id eq '/providers/Microsoft.PowerApps/apis/shared_outlook'",                   "$select": "admin_innovationbacklogtoolid",                   "entityName": "admin_innovationbacklogtools"                 }               },               "runAfter": {                 "Apply_to_each_shared_basecamp2": [                   "Succeeded"                 ]               },               "runtimeConfiguration": {                 "paginationPolicy": {                   "minimumItemCount": 5000                 }               },               "type": "OpenApiConnection"             }           },           "runAfter": {             "Add_Connector_if_new,_else_update": [               "Succeeded"             ]           },           "type": "Scope"         },         "Get_Default_Environments_Connectors": {           "actions": {             "Filter_to_Default": {               "inputs": {                 "from": "@outputs('List_Environments_as_Admin')?['body/value']",                 "where": "@equals(item()?['properties/environmentSku'], 'Default')"               },               "runAfter": {                 "List_Environments_as_Admin": [                   "Succeeded"                 ]               },               "type": "Query"             },             "Get_Connectors": {               "inputs": {                 "authentication": {                   "type": "Raw",                   "value": "@json(decodeBase64(triggerOutputs().headers['X-MS-APIM-Tokens']))['$ConnectionKey']"                 },                 "host": {                   "apiId": "/providers/Microsoft.PowerApps/apis/shared_powerappsforappmakers",                   "connectionName": "shared_powerappsforappmakers_1",                   "operationId": "Get-Connectors"                 },                 "parameters": {                   "$filter": "environment eq '@{body('Get_Environment_as_Admin')?['name']}'",                   "$top": 250,                   "api-version": "2016-11-01",                   "showApisWithToS": "true"                 }               },               "runAfter": {                 "Get_Environment_as_Admin": [                   "Succeeded"                 ]               },               "runtimeConfiguration": {                 "paginationPolicy": {                   "minimumItemCount": 5000                 }               },               "type": "OpenApiConnection"             },             "Get_Default_Envt_if_have_Permissions,_else_get_first_envt": {               "actions": {                 "Set_to_default": {                   "inputs": {                     "name": "varEnvtNameForConnectors",                     "value": "@{first(body('Filter_to_Default'))?['name']}"                   },                   "runAfter": {},                   "type": "SetVariable"                 }               },               "else": {                 "actions": {                   "Set_to_first": {                     "inputs": {                       "name": "varEnvtNameForConnectors",                       "value": "@{first(outputs('List_Environments_as_Admin')?['body/value'])?['name']}"                     },                     "runAfter": {},                     "type": "SetVariable"                   }                 }               },               "expression": {                 "greater": [                   "@length(body('Filter_to_Default'))",                   0                 ]               },               "runAfter": {                 "Filter_to_Default": [                   "Succeeded"                 ]               },               "type": "If"             },             "Get_Environment_as_Admin": {               "inputs": {                 "authentication": {                   "type": "Raw",                   "value": "@json(decodeBase64(triggerOutputs().headers['X-MS-APIM-Tokens']))['$ConnectionKey']"                 },                 "host": {                   "apiId": "/providers/Microsoft.PowerApps/apis/shared_powerplatformforadmins",                   "connectionName": "shared_powerplatformforadmins_1",                   "operationId": "GetSingleEnvironment"                 },                 "parameters": {                   "api-version": "2018-10-01",                   "environment": "@variables('varEnvtNameForConnectors')"                 },                 "retryPolicy": {                   "count": 10,                   "interval": "PT10S",                   "type": "exponential"                 }               },               "runAfter": {                 "Get_Default_Envt_if_have_Permissions,_else_get_first_envt": [                   "Succeeded"                 ]               },               "type": "OpenApiConnection"             },             "List_Environments_as_Admin": {               "inputs": {                 "authentication": {                   "type": "Raw",                   "value": "@json(decodeBase64(triggerOutputs().headers['X-MS-APIM-Tokens']))['$ConnectionKey']"                 },                 "host": {                   "apiId": "/providers/Microsoft.PowerApps/apis/shared_powerplatformforadmins",                   "connectionName": "shared_powerplatformforadmins_1",                   "operationId": "Get-AdminEnvironment"                 },                 "parameters": {                   "api-version": "2020-09-01"                 }               },               "runAfter": {},               "runtimeConfiguration": {                 "paginationPolicy": {                   "minimumItemCount": 5000                 }               },               "type": "OpenApiConnection"             }           },           "runAfter": {             "Initialize_varEnvtNameForConnectors": [               "Succeeded"             ]           },           "type": "Scope"         },         "Initialize_varEnvtNameForConnectors": {           "inputs": {             "variables": [               {                 "name": "varEnvtNameForConnectors",                 "type": "string"               }             ]           },           "runAfter": {},           "type": "InitializeVariable"         },         "Update_Most_Common": {           "actions": {             "Get_Connector_-_Herding_Cats": {               "inputs": {                 "authentication": {                   "type": "Raw",                   "value": "@json(decodeBase64(triggerOutputs().headers['X-MS-APIM-Tokens']))['$ConnectionKey']"                 },                 "host": {                   "apiId": "/providers/Microsoft.PowerApps/apis/shared_commondataserviceforapps",                   "connectionName": "shared_commondataserviceforapps_1",                   "operationId": "ListRecords"                 },                 "parameters": {                   "$filter": "admin_name eq  'Herding Cats'",                   "$select": "admin_name",                   "entityName": "admin_innovationbacklogtools"                 }               },               "runAfter": {                 "Mark_Common_-_O365": [                   "Succeeded",                   "Failed"                 ]               },               "runtimeConfiguration": {                 "paginationPolicy": {                   "minimumItemCount": 5000                 }               },               "type": "OpenApiConnection"             },             "Get_Connector_-_O365": {               "inputs": {                 "authentication": {                   "type": "Raw",                   "value": "@json(decodeBase64(triggerOutputs().headers['X-MS-APIM-Tokens']))['$ConnectionKey']"                 },                 "host": {                   "apiId": "/providers/Microsoft.PowerApps/apis/shared_commondataserviceforapps",                   "connectionName": "shared_commondataserviceforapps_1",                   "operationId": "ListRecords"                 },                 "parameters": {                   "$filter": "admin_name eq  'shared_office365'",                   "$select": "admin_name",                   "entityName": "admin_innovationbacklogtools"                 }               },               "runAfter": {},               "runtimeConfiguration": {                 "paginationPolicy": {                   "minimumItemCount": 5000                 }               },               "type": "OpenApiConnection"             },             "Get_Connector_-_ODB": {               "inputs": {                 "authentication": {                   "type": "Raw",                   "value": "@json(decodeBase64(triggerOutputs().headers['X-MS-APIM-Tokens']))['$ConnectionKey']"                 },                 "host": {                   "apiId": "/providers/Microsoft.PowerApps/apis/shared_commondataserviceforapps",                   "connectionName": "shared_commondataserviceforapps_1",                   "operationId": "ListRecords"                 },                 "parameters": {                   "$filter": "admin_name eq  'shared_onedriveforbusiness'",                   "$select": "admin_name",                   "entityName": "admin_innovationbacklogtools"                 }               },               "runAfter": {                 "Mark_Common_-_XL": [                   "Succeeded",                   "Failed"                 ]               },               "runtimeConfiguration": {                 "paginationPolicy": {                   "minimumItemCount": 5000                 }               },               "type": "OpenApiConnection"             },             "Get_Connector_-_PBI": {               "inputs": {                 "authentication": {                   "type": "Raw",                   "value": "@json(decodeBase64(triggerOutputs().headers['X-MS-APIM-Tokens']))['$ConnectionKey']"                 },                 "host": {                   "apiId": "/providers/Microsoft.PowerApps/apis/shared_commondataserviceforapps",                   "connectionName": "shared_commondataserviceforapps_1",                   "operationId": "ListRecords"                 },                 "parameters": {                   "$filter": "admin_name eq  'shared_powerbi'",                   "$select": "admin_name",                   "entityName": "admin_innovationbacklogtools"                 }               },               "runAfter": {                 "Mark_Common_-_ODB": [                   "Succeeded",                   "Failed"                 ]               },               "runtimeConfiguration": {                 "paginationPolicy": {                   "minimumItemCount": 5000                 }               },               "type": "OpenApiConnection"             },             "Get_Connector_-_SPO": {               "inputs": {                 "authentication": {                   "type": "Raw",                   "value": "@json(decodeBase64(triggerOutputs().headers['X-MS-APIM-Tokens']))['$ConnectionKey']"                 },                 "host": {                   "apiId": "/providers/Microsoft.PowerApps/apis/shared_commondataserviceforapps",                   "connectionName": "shared_commondataserviceforapps_1",                   "operationId": "ListRecords"                 },                 "parameters": {                   "$filter": "admin_name eq  'shared_sharepointonline'",                   "$select": "admin_name",                   "entityName": "admin_innovationbacklogtools"                 }               },               "runAfter": {                 "Mark_Common_-_Herding_Cats": [                   "Succeeded",                   "Failed"                 ]               },               "runtimeConfiguration": {                 "paginationPolicy": {                   "minimumItemCount": 5000                 }               },               "type": "OpenApiConnection"             },             "Get_Connector_-_SQL": {               "inputs": {                 "authentication": {                   "type": "Raw",                   "value": "@json(decodeBase64(triggerOutputs().headers['X-MS-APIM-Tokens']))['$ConnectionKey']"                 },                 "host": {                   "apiId": "/providers/Microsoft.PowerApps/apis/shared_commondataserviceforapps",                   "connectionName": "shared_commondataserviceforapps_1",                   "operationId": "ListRecords"                 },                 "parameters": {                   "$filter": "admin_name eq  'shared_sql'",                   "$select": "admin_name",                   "entityName": "admin_innovationbacklogtools"                 }               },               "runAfter": {                 "Mark_Common_-_PBI": [                   "Succeeded",                   "Failed"                 ]               },               "runtimeConfiguration": {                 "paginationPolicy": {                   "minimumItemCount": 5000                 }               },               "type": "OpenApiConnection"             },             "Get_Connector_-_XL": {               "inputs": {                 "authentication": {                   "type": "Raw",                   "value": "@json(decodeBase64(triggerOutputs().headers['X-MS-APIM-Tokens']))['$ConnectionKey']"                 },                 "host": {                   "apiId": "/providers/Microsoft.PowerApps/apis/shared_commondataserviceforapps",                   "connectionName": "shared_commondataserviceforapps_1",                   "operationId": "ListRecords"                 },                 "parameters": {                   "$filter": "admin_name eq  'shared_excel'",                   "$select": "admin_name",                   "entityName": "admin_innovationbacklogtools"                 }               },               "runAfter": {                 "Mark_Common_-_SPO": [                   "Succeeded",                   "Failed"                 ]               },               "runtimeConfiguration": {                 "paginationPolicy": {                   "minimumItemCount": 5000                 }               },               "type": "OpenApiConnection"             },             "Mark_Common_-_Herding_Cats": {               "inputs": {                 "authentication": {                   "type": "Raw",                   "value": "@json(decodeBase64(triggerOutputs().headers['X-MS-APIM-Tokens']))['$ConnectionKey']"                 },                 "host": {                   "apiId": "/providers/Microsoft.PowerApps/apis/shared_commondataserviceforapps",                   "connectionName": "shared_commondataserviceforapps_1",                   "operationId": "UpdateRecord"                 },                 "parameters": {                   "entityName": "admin_innovationbacklogtools",                   "item/admin_mostcommonlyused": true,                   "recordId": "@first(outputs('Get_Connector_-_Herding_Cats')?['body/value'])?['admin_innovationbacklogtoolid']"                 },                 "retryPolicy": {                   "count": 10,                   "interval": "PT10S",                   "type": "exponential"                 }               },               "runAfter": {                 "Get_Connector_-_Herding_Cats": [                   "Succeeded"                 ]               },               "type": "OpenApiConnection"             },             "Mark_Common_-_O365": {               "inputs": {                 "authentication": {                   "type": "Raw",                   "value": "@json(decodeBase64(triggerOutputs().headers['X-MS-APIM-Tokens']))['$ConnectionKey']"                 },                 "host": {                   "apiId": "/providers/Microsoft.PowerApps/apis/shared_commondataserviceforapps",                   "connectionName": "shared_commondataserviceforapps_1",                   "operationId": "UpdateRecord"                 },                 "parameters": {                   "entityName": "admin_innovationbacklogtools",                   "item/admin_mostcommonlyused": true,                   "recordId": "@first(outputs('Get_Connector_-_O365')?['body/value'])?['admin_innovationbacklogtoolid']"                 },                 "retryPolicy": {                   "count": 10,                   "interval": "PT10S",                   "type": "exponential"                 }               },               "runAfter": {                 "Get_Connector_-_O365": [                   "Succeeded"                 ]               },               "type": "OpenApiConnection"             },             "Mark_Common_-_ODB": {               "inputs": {                 "authentication": {                   "type": "Raw",                   "value": "@json(decodeBase64(triggerOutputs().headers['X-MS-APIM-Tokens']))['$ConnectionKey']"                 },                 "host": {                   "apiId": "/providers/Microsoft.PowerApps/apis/shared_commondataserviceforapps",                   "connectionName": "shared_commondataserviceforapps_1",                   "operationId": "UpdateRecord"                 },                 "parameters": {                   "entityName": "admin_innovationbacklogtools",                   "item/admin_mostcommonlyused": true,                   "recordId": "@first(outputs('Get_Connector_-_ODB')?['body/value'])?['admin_innovationbacklogtoolid']"                 },                 "retryPolicy": {                   "count": 10,                   "interval": "PT10S",                   "type": "exponential"                 }               },               "runAfter": {                 "Get_Connector_-_ODB": [                   "Succeeded"                 ]               },               "type": "OpenApiConnection"             },             "Mark_Common_-_PBI": {               "inputs": {                 "authentication": {                   "type": "Raw",                   "value": "@json(decodeBase64(triggerOutputs().headers['X-MS-APIM-Tokens']))['$ConnectionKey']"                 },                 "host": {                   "apiId": "/providers/Microsoft.PowerApps/apis/shared_commondataserviceforapps",                   "connectionName": "shared_commondataserviceforapps_1",                   "operationId": "UpdateRecord"                 },                 "parameters": {                   "entityName": "admin_innovationbacklogtools",                   "item/admin_mostcommonlyused": true,                   "recordId": "@first(outputs('Get_Connector_-_PBI')?['body/value'])?['admin_innovationbacklogtoolid']"                 },                 "retryPolicy": {                   "count": 10,                   "interval": "PT10S",                   "type": "exponential"                 }               },               "runAfter": {                 "Get_Connector_-_PBI": [                   "Succeeded"                 ]               },               "type": "OpenApiConnection"             },             "Mark_Common_-_SPO": {               "inputs": {                 "authentication": {                   "type": "Raw",                   "value": "@json(decodeBase64(triggerOutputs().headers['X-MS-APIM-Tokens']))['$ConnectionKey']"                 },                 "host": {                   "apiId": "/providers/Microsoft.PowerApps/apis/shared_commondataserviceforapps",                   "connectionName": "shared_commondataserviceforapps_1",                   "operationId": "UpdateRecord"                 },                 "parameters": {                   "entityName": "admin_innovationbacklogtools",                   "item/admin_mostcommonlyused": true,                   "recordId": "@first(outputs('Get_Connector_-_SPO')?['body/value'])?['admin_innovationbacklogtoolid']"                 },                 "retryPolicy": {                   "count": 10,                   "interval": "PT10S",                   "type": "exponential"                 }               },               "runAfter": {                 "Get_Connector_-_SPO": [                   "Succeeded"                 ]               },               "type": "OpenApiConnection"             },             "Mark_Common_-_SQL": {               "inputs": {                 "authentication": {                   "type": "Raw",                   "value": "@json(decodeBase64(triggerOutputs().headers['X-MS-APIM-Tokens']))['$ConnectionKey']"                 },                 "host": {                   "apiId": "/providers/Microsoft.PowerApps/apis/shared_commondataserviceforapps",                   "connectionName": "shared_commondataserviceforapps_1",                   "operationId": "UpdateRecord"                 },                 "parameters": {                   "entityName": "admin_innovationbacklogtools",                   "item/admin_mostcommonlyused": true,                   "recordId": "@first(outputs('Get_Connector_-_SQL')?['body/value'])?['admin_innovationbacklogtoolid']"                 },                 "retryPolicy": {                   "count": 10,                   "interval": "PT10S",                   "type": "exponential"                 }               },               "runAfter": {                 "Get_Connector_-_SQL": [                   "Succeeded"                 ]               },               "type": "OpenApiConnection"             },             "Mark_Common_-_XL": {               "inputs": {                 "authentication": {                   "type": "Raw",                   "value": "@json(decodeBase64(triggerOutputs().headers['X-MS-APIM-Tokens']))['$ConnectionKey']"                 },                 "host": {                   "apiId": "/providers/Microsoft.PowerApps/apis/shared_commondataserviceforapps",                   "connectionName": "shared_commondataserviceforapps_1",                   "operationId": "UpdateRecord"                 },                 "parameters": {                   "entityName": "admin_innovationbacklogtools",                   "item/admin_mostcommonlyused": true,                   "recordId": "@first(outputs('Get_Connector_-_XL')?['body/value'])?['admin_innovationbacklogtoolid']"                 },                 "retryPolicy": {                   "count": 10,                   "interval": "PT10S",                   "type": "exponential"                 }               },               "runAfter": {                 "Get_Connector_-_XL": [                   "Succeeded"                 ]               },               "type": "OpenApiConnection"             }           },           "description": "For now this scope is static, but over time it will start to read those tools actually used most commonly in your organization",           "runAfter": {             "Add_common_non-software": [               "Succeeded"             ]           },           "type": "Scope"         }       },       "contentVersion": "1.0.0.0",       "outputs": {},       "parameters": {         "$authentication": {           "defaultValue": {},           "type": "SecureObject"         },         "$connections": {           "defaultValue": {},           "type": "Object"         }       },       "triggers": {         "manual": {           "inputs": {             "schema": {               "properties": {},               "required": [],               "type": "object"             }           },           "kind": "Button",           "type": "Request"         }       }     }   },   "schemaVersion": "1.0.0.0" }
