<environmentvariabledefinition schemaname="cat_DependentEnvironmentUserId">
  <defaultvalue>meganb@pplatform.onmicrosoft.com</defaultvalue>
  <description default="Dependent Environment User Id ">
    <label description="Dependent Environment User Id " languagecode="1033" />
  </description>
  <displayname default="DependentEnvironmentUserId">
    <label description="DependentEnvironmentUserId" languagecode="1033" />
  </displayname>
  <introducedversion>1.0.0.76</introducedversion>
  <iscustomizable>1</iscustomizable>
  <isrequired>0</isrequired>
  <type>100000000</type>
</environmentvariabledefinition>