{"properties":{"connectionReferences":{"shared_commondataserviceforapps":{"runtimeSource":"embedded","connection":{"connectionReferenceLogicalName":"admin_CoECoreDataverse2"},"api":{"name":"shared_commondataserviceforapps"}}},"definition":{"$schema":"https://schema.management.azure.com/providers/Microsoft.Logic/schemas/2016-06-01/workflowdefinition.json#","contentVersion":"1.0.0.0","parameters":{"$connections":{"defaultValue":{},"type":"Object"},"$authentication":{"defaultValue":{},"type":"SecureObject"}},"triggers":{"When_a_Custom_Connector_Approval_BPF_is_completed":{"metadata":{"operationMetadataId":"71e6ba60-25b1-4223-80e5-4da0d37927ad"},"type":"OpenApiConnectionWebhook","inputs":{"host":{"connectionName":"shared_commondataserviceforapps","operationId":"SubscribeWebhookTrigger","apiId":"/providers/Microsoft.PowerApps/apis/shared_commondataserviceforapps"},"parameters":{"subscriptionRequest/message":3,"subscriptionRequest/entityname":"new_customconnecterapprovalbpf","subscriptionRequest/scope":4,"subscriptionRequest/name":"dcd2ff9d-0936-ec11-b6e6-000d3a5574a2"},"authentication":"@parameters('$authentication')"}}},"actions":{"If_completed,_update_connector_with_that_information":{"actions":{"Mark_connector_as_risk_assessment_complete":{"runAfter":{},"metadata":{"operationMetadataId":"851182b5-cf97-42c6-a0ac-1e19fd7f1dcc"},"type":"OpenApiConnection","inputs":{"host":{"connectionName":"shared_commondataserviceforapps","operationId":"UpdateRecord","apiId":"/providers/Microsoft.PowerApps/apis/shared_commondataserviceforapps"},"parameters":{"entityName":"admin_connectors","recordId":"@triggerOutputs()?['body/_bpf_admin_connectorid_value']","item/admin_adminrequirementriskassessmentstate":597910003},"authentication":"@parameters('$authentication')"}}},"runAfter":{},"expression":{"not":{"equals":["@triggerOutputs()?['body/completedon']","@null"]}},"metadata":{"operationMetadataId":"7a5df8d4-917e-4842-a66e-6ed4e562d1d8"},"type":"If"}}}},"schemaVersion":"1.0.0.0"}