{"properties":{"connectionReferences":{"shared_commondataserviceforapps":{"runtimeSource":"embedded","connection":{"connectionReferenceLogicalName":"admin_CoECoreDataverse"},"api":{"name":"shared_commondataserviceforapps"}},"shared_flowmanagement_1":{"runtimeSource":"embedded","connection":{"connectionReferenceLogicalName":"admin_CoECorePowerAutomateManagement"},"api":{"name":"shared_flowmanagement"}}},"definition":{"$schema":"https://schema.management.azure.com/providers/Microsoft.Logic/schemas/2016-06-01/workflowdefinition.json#","contentVersion":"1.0.0.0","parameters":{"$connections":{"defaultValue":{},"type":"Object"},"$authentication":{"defaultValue":{},"type":"SecureObject"},"FullInventory":{"defaultValue":true,"type":"Bool","metadata":{"schemaName":"admin_FullInventory","description":"Determines if you want to only update objects that have changed, or all objects. Defaults to No. Switching to Yes will cause the flows to inventory every single app/flow/etc in the tenant and make the flows long running "}},"Power Automate Environment Variable":{"defaultValue":"https://us.flow.microsoft.com/manage/environments/","type":"String","metadata":{"schemaName":"admin_PowerAutomateEnvironmentVariable","description":"Environment, including geographic location, for Power Automate - Ex for commercial: https://flow.microsoft.com/manage/environments/"}}},"triggers":{"When_a_record_is_created_or_updated":{"metadata":{"operationMetadataId":"66fdab40-85dc-4444-b816-9727e6081759"},"type":"OpenApiConnectionWebhook","inputs":{"host":{"connectionName":"shared_commondataserviceforapps","operationId":"SubscribeWebhookTrigger","apiId":"/providers/Microsoft.PowerApps/apis/shared_commondataserviceforapps"},"parameters":{"subscriptionRequest/message":4,"subscriptionRequest/entityname":"admin_environment","subscriptionRequest/scope":4},"authentication":"@parameters('$authentication')"}}},"actions":{"Check_if_Environment_Deleted,_terminate_if_true":{"actions":{"Terminate_for_environments_marked_deleted":{"runAfter":{},"metadata":{"operationMetadataId":"70bf5c19-e561-4e08-bb4e-23399899e3e8"},"type":"Terminate","inputs":{"runStatus":"Succeeded"}}},"runAfter":{},"expression":{"equals":["@triggerOutputs()?['body/admin_environmentdeleted']","@true"]},"metadata":{"operationMetadataId":"0f37f758-6ead-4a0d-abfd-75336cc84aa2"},"type":"If"},"Get_Flow_fails_-_Error_Handling":{"actions":{"Create_a_new_record_-_Sync_Flow_Errors":{"runAfter":{},"metadata":{"operationMetadataId":"e6b87d52-603e-43cf-87de-8e080fb188a6"},"type":"OpenApiConnection","inputs":{"host":{"connectionName":"shared_commondataserviceforapps","operationId":"CreateRecord","apiId":"/providers/Microsoft.PowerApps/apis/shared_commondataserviceforapps"},"parameters":{"entityName":"admin_syncflowerrorses","item/admin_name":"Admin | Sync Template v3 (Flows)","item/admin_environmentname":"@triggerBody()?['admin_displayname']","item/admin_flowinstanceurl":"@concat(variables('flowEnvironment'), workflow()?['tags']['environmentName'], '/flows/', workflow()?['name'], '/runs/', workflow()?['run']['name'])"},"authentication":"@parameters('$authentication')","retryPolicy":{"type":"exponential","count":10,"interval":"PT10S"}}},"Terminate":{"runAfter":{"Create_a_new_record_-_Sync_Flow_Errors":["Succeeded"]},"metadata":{"operationMetadataId":"deb06edb-a683-40fd-8053-23a47ee5aff1"},"type":"Terminate","inputs":{"runStatus":"Failed","runError":{"code":"500","message":"Get Flows Failed"}}}},"runAfter":{"Get_Flows_and_store_them_in_CoE_CDS_Entity":["Failed"]},"metadata":{"operationMetadataId":"98d08d9a-10b1-4a99-a369-52aee5183144"},"type":"Scope"},"Get_Flows_and_store_them_in_CoE_CDS_Entity":{"actions":{"Apply_to_each_Flow":{"foreach":"@body('Filter_Flows')","actions":{"Get_Flow_from_CoE":{"runAfter":{"Reset_hasBadConnections":["Succeeded"]},"metadata":{"operationMetadataId":"59b699a2-fedd-48a3-aef3-11a8103762b5"},"type":"OpenApiConnection","inputs":{"host":{"connectionName":"shared_commondataserviceforapps","operationId":"GetItem","apiId":"/providers/Microsoft.PowerApps/apis/shared_commondataserviceforapps"},"parameters":{"entityName":"admin_flows","recordId":"@items('Apply_to_each_Flow')?['name']","$select":"admin_flowid,admin_flowmodifiedon, _admin_derivedowner_value"},"authentication":"@parameters('$authentication')","retryPolicy":{"type":"exponential","count":10,"interval":"PT10S"}}},"Reset_hasBadConnections":{"runAfter":{"Reset_updateInCoe":["Succeeded"]},"metadata":{"operationMetadataId":"4ffd3976-55c7-48bb-a277-9320c17e5b74"},"type":"SetVariable","inputs":{"name":"hasBadConnections","value":"@false"}},"Reset_isNewToCoE":{"runAfter":{},"metadata":{"operationMetadataId":"438fda27-1f47-464d-ac6b-296b354ee258"},"type":"SetVariable","inputs":{"name":"isNewToCoE","value":"@false"}},"Reset_updateInCoe":{"runAfter":{"Reset_isNewToCoE":["Succeeded"]},"metadata":{"operationMetadataId":"2020672d-4d92-4700-891a-abe0d099ca40"},"type":"SetVariable","inputs":{"name":"updateInCoe","value":"@false"}},"See_if_flow_already_in_CoE":{"actions":{"Catch_case_where_coe_last_modified_date_is_null_":{"runAfter":{"LastDateModfiedCoE":["Failed"]},"metadata":{"operationMetadataId":"24aa89e6-700e-41c7-aefc-6455c00792db"},"type":"SetVariable","inputs":{"name":"updateInCoe","value":"@true"}},"Catch_case_where_product_last_modified_date_is_null":{"runAfter":{"LastDateModifiedProduct":["Failed"]},"metadata":{"operationMetadataId":"5eac97a6-c08c-481e-8755-3f8d389a3114"},"type":"SetVariable","inputs":{"name":"updateInCoe","value":"@true"}},"LastDateModfiedCoE":{"runAfter":{"Catch_case_where_product_last_modified_date_is_null":["Succeeded","Skipped"]},"metadata":{"operationMetadataId":"6c0f33e7-17eb-4564-9377-b919aaae4d3f"},"type":"Compose","inputs":"@coalesce(formatDateTime(outputs('Get_Flow_from_CoE')?['body/admin_flowmodifiedon'], 'yyyy-MM-dd HH:mm:ss'), '')"},"LastDateModifiedProduct":{"runAfter":{},"metadata":{"operationMetadataId":"f6163f44-94fe-4f98-9880-431cdeb7fc08"},"type":"Compose","inputs":"@formatDateTime(items('Apply_to_each_Flow')?['properties/lastModifiedTime'], 'yyy-MM-dd HH:mm:ss')"},"Only_proceed_if_changed_since_last_updated_in_CoE_or_FullInventory":{"actions":{"Get_Flow_as_Admin":{"runAfter":{},"metadata":{"operationMetadataId":"cc7dd8ea-11b9-4fdb-8e8c-160a6a8ee9f4"},"type":"OpenApiConnection","inputs":{"host":{"connectionName":"shared_flowmanagement_1","operationId":"AdminGetFlow","apiId":"/providers/Microsoft.PowerApps/apis/shared_flowmanagement"},"parameters":{"environmentName":"@triggerOutputs()?['body/admin_environmentname']","flowName":"@items('Apply_to_each_Flow')?['name']"},"authentication":"@parameters('$authentication')","retryPolicy":{"type":"exponential","count":10,"interval":"PT10S"}}},"Get_Updated_Flow_Owner":{"actions":{"If_DerivedOwner_is_null,_set_to_Creator":{"actions":{"Maker_Check_-_Derived_Owner":{"runAfter":{},"metadata":{"operationMetadataId":"3c0b9e98-422c-4e10-a347-b637a3cd7418"},"type":"Workflow","inputs":{"host":{"workflowReferenceName":"9301f01a-cb40-ec11-8c62-00224829b4c1"},"body":{"text":"@outputs('Get_Flow_as_Admin')?['body/properties/creator/objectId']","boolean":false}}},"Update_Derived_owner_to_Creator_if_not_orphaned":{"actions":{"Update_Derived_Owner_to_Creator":{"runAfter":{},"metadata":{"operationMetadataId":"c489419b-7237-4393-9e37-0b66c388d57c"},"type":"OpenApiConnection","inputs":{"host":{"connectionName":"shared_commondataserviceforapps","operationId":"UpdateRecord","apiId":"/providers/Microsoft.PowerApps/apis/shared_commondataserviceforapps"},"parameters":{"entityName":"admin_flows","recordId":"@outputs('Get_Flow_from_CoE')?['body/admin_flowid']","item/admin_DerivedOwner@odata.bind":"admin_makers(@{outputs('Get_Flow_as_Admin')?['body/properties/creator/objectId']})"},"authentication":"@parameters('$authentication')"}},"Set_FlowOwnerID_to_Creator":{"runAfter":{"Update_Derived_Owner_to_Creator":["Succeeded"]},"metadata":{"operationMetadataId":"388cc8d7-a73b-4820-a489-8b57b2333d31"},"type":"SetVariable","inputs":{"name":"FlowOwnerID","value":"@outputs('Get_Flow_as_Admin')?['body/properties/creator/objectId']"}}},"runAfter":{"Maker_Check_-_Derived_Owner":["Succeeded"]},"expression":{"not":{"equals":["@outputs('Maker_Check_-_Derived_Owner')?['Body']?['userisorphan']","True"]}},"metadata":{"operationMetadataId":"bf826df0-89d1-4835-b20b-7ef372edcf1a"},"type":"If"}},"runAfter":{"Set_FlowOwnerID_to_Derived_Owner":["Succeeded"]},"expression":{"equals":["@outputs('Get_Flow_from_CoE')?['body/_admin_derivedowner_value']","@null"]},"metadata":{"operationMetadataId":"482f9b2a-b521-494b-b92a-0f2d4f9f1408"},"type":"If"},"Set_FlowOwnerID_to_Derived_Owner":{"runAfter":{},"metadata":{"operationMetadataId":"2dfd3e4f-d0d9-47a1-bcb8-b20505d5f487"},"type":"SetVariable","inputs":{"name":"FlowOwnerID","value":"@{outputs('Get_Flow_from_CoE')?['body/_admin_derivedowner_value']}"}}},"runAfter":{"Prepare_Connection_Information_edit":["Succeeded"]},"metadata":{"operationMetadataId":"45fedf9a-3549-4613-9d74-53692c5803ec"},"type":"Scope","description":"We augment the products concept of owner for flow in order to re-assign owners. So this scope is needed to get the identity we will use"},"Parse_JSON_2":{"runAfter":{"Get_Flow_as_Admin":["Succeeded"]},"metadata":{"operationMetadataId":"688cea10-ebfc-4a1a-b5d1-6f3b563c5082"},"type":"ParseJson","inputs":{"content":"@body('Get_Flow_as_Admin')","schema":{"properties":{"id":{"type":"string"},"name":{"type":"string"},"properties":{"properties":{"apiId":{"type":"string"},"connectionReferences":{"type":"array"},"createdTime":{"type":"string"},"creator":{"properties":{"objectId":{"type":"string"},"tenantId":{"type":"string"},"userId":{"type":"string"},"userType":{"type":"string"}},"type":"object"},"definitionSummary":{"properties":{"actions":{"items":{"properties":{"kind":{"type":"string"},"type":{"type":"string"}},"type":"object"},"type":"array"},"description":{"type":"string"},"triggers":{"items":{"properties":{"kind":{"type":"string"},"type":{"type":"string"}},"type":"object"},"type":"array"}},"type":"object"},"displayName":{"type":"string"},"environment":{"properties":{"id":{"type":"string"},"name":{"type":"string"},"type":{"type":"string"}},"type":"object"},"flowFailureAlertSubscribed":{"type":"boolean"},"flowSuspensionReason":{"type":"string"},"lastModifiedTime":{"type":"string"},"provisioningMethod":{"type":"string"},"referencedResources":{"type":"array"},"sharingType":{"type":"string"},"state":{"type":"string"},"triggerSchema":{"properties":{"properties":{"type":"object"},"type":{"type":"string"}},"type":"object"},"userType":{"type":"string"},"workflowEntityId":{"type":"string"}},"type":"object"},"type":{"type":"string"}},"type":"object"}}},"Prepare_Connection_Information_edit":{"actions":{"Select":{"runAfter":{},"metadata":{"operationMetadataId":"fe4a6a63-c900-412e-ab56-ec7a6ac89c4f"},"type":"Select","inputs":{"from":"@body('Parse_JSON_2')?['properties']?['definitionSummary']?['actions']","select":"@item()?['type']"}},"add_HTTP_Webhook_edit":{"runAfter":{"add_HTTP_edit":["Succeeded"]},"metadata":{"operationMetadataId":"39421be2-1c60-4e91-aadd-bdfb8807fb6b"},"type":"Compose","inputs":"@if(contains(body('Select'), 'HttpWebhook'), ',HTTP Webhook', '')"},"add_HTTP_edit":{"runAfter":{"Select_triggers":["Succeeded"]},"metadata":{"operationMetadataId":"56c398a7-bb69-414c-b192-d1fa9a946eae"},"type":"Compose","inputs":"@if(contains(body('Select'), 'Http'), ',HTTP', '')"},"check_if_connection_reference_edit_exist":{"actions":{"Compose_edit_comma_separated_connector_list":{"runAfter":{"Select_Connector_Display_Name_edit":["Succeeded"]},"metadata":{"operationMetadataId":"080b7d68-d39d-46a9-ae07-afc68b2e8572"},"type":"Compose","inputs":"@concat(join(body('Select_Connector_Display_Name_edit'), ','), outputs('add_HTTP_Webhook_edit'), outputs('add_HTTP_edit'), outputs('add_HTTP_trigger'))"},"Parse_Connection_JSON":{"runAfter":{},"metadata":{"operationMetadataId":"9a887e7e-0e27-4aad-8863-db267ee8cf66"},"type":"ParseJson","inputs":{"content":"@outputs('Get_Flow_as_Admin')?['body/properties/connectionReferences']","schema":{"items":{"properties":{"apiDefinition":{"properties":{"id":{"type":"string"},"name":{"type":"string"},"properties":{"properties":{"capabilities":{"items":{"type":"string"},"type":"array"},"changedTime":{"type":"string"},"connectionParameters":{"properties":{"token":{"properties":{"oAuthSettings":{"properties":{"clientId":{"type":"string"},"customParameters":{"properties":{"loginUri":{"properties":{"value":{"type":"string"}},"type":"object"},"loginUriAAD":{"properties":{"value":{"type":"string"}},"type":"object"},"resourceUri":{"properties":{"value":{"type":"string"}},"type":"object"}},"type":"object"},"identityProvider":{"type":"string"},"properties":{"properties":{"AzureActiveDirectoryResourceId":{"type":"string"},"IsFirstParty":{"type":"string"}},"type":"object"},"redirectMode":{"type":"string"},"redirectUrl":{"type":"string"},"scopes":{"type":"array"}},"type":"object"},"type":{"type":"string"}},"type":"object"}},"type":"object"},"createdTime":{"type":"string"},"description":{"type":"string"},"displayName":{"type":"string"},"iconUri":{"type":"string"},"isCustomApi":{"type":"boolean"},"metadata":{"properties":{"brandColor":{"type":"string"},"source":{"type":"string"},"version":{"properties":{"current":{"type":"string"},"previous":{"type":"string"}},"type":"object"}},"type":"object"},"primaryRuntimeUrl":{"type":"string"},"purpose":{"type":"string"},"runtimeUrls":{"items":{"type":"string"},"type":"array"},"scopes":{"properties":{"will":{"type":"array"},"wont":{"type":"array"}},"type":"object"},"tier":{"type":"string"}},"type":"object"},"type":{"type":"string"}},"type":"object"},"connectionName":{"type":"string"},"displayName":{"type":"string"},"id":{"type":"string"}},"required":["id"],"type":"object"},"type":"array"}}},"Select_Connector_Display_Name_edit":{"runAfter":{"Parse_Connection_JSON":["Succeeded"]},"metadata":{"operationMetadataId":"e91c1cf9-856a-4676-a11b-a84d45f935d5"},"type":"Select","inputs":{"from":"@body('Parse_Connection_JSON')","select":"@item()?['displayName']"}}},"runAfter":{"add_HTTP_trigger":["Succeeded"]},"expression":{"not":{"equals":["@outputs('Get_Flow_as_Admin')?['body/properties/connectionReferences']","@null"]}},"metadata":{"operationMetadataId":"2856e571-8957-4143-864f-3dea6c42f9c2"},"type":"If"},"Select_triggers":{"runAfter":{"Select":["Succeeded"]},"metadata":{"operationMetadataId":"7a129d07-7d97-4ffa-ac83-2e49b1bc32d8"},"type":"Select","inputs":{"from":"@body('Parse_JSON_2')?['properties']?['definitionSummary']?['triggers']","select":"@item()?['kind']"}},"add_HTTP_trigger":{"runAfter":{"add_HTTP_Webhook_edit":["Succeeded"]},"metadata":{"operationMetadataId":"7b07f2a2-f0cb-4dd9-9405-676f3479cdec"},"type":"Compose","inputs":"@if(contains(body('Select_triggers'), 'Http'), ',When a HTTP request is received', '')"}},"runAfter":{"Delete_Existing_Connections":["Succeeded"]},"metadata":{"operationMetadataId":"97ef54da-bd17-492e-8a6b-483969811acc"},"type":"Scope"},"Store_Flow_Connection_References":{"actions":{"Check_if_Flow_Connection_References_are_not_null":{"actions":{"Apply_to_each_Flow_Connection_Reference":{"foreach":"@body('Filter_id_not_null')","actions":{"Connecor_Name":{"runAfter":{"split_on_slash":["Succeeded"]},"metadata":{"operationMetadataId":"2bdbfecf-4cc5-4f4b-b923-4009359b61a3"},"type":"Compose","inputs":"@last(outputs('split_on_slash'))"},"ConnectorID":{"runAfter":{},"metadata":{"operationMetadataId":"7126bffd-0070-4260-99c2-f6876f1812a4"},"type":"Compose","inputs":"@items('Apply_to_each_Flow_Connection_Reference')?['id']"},"Filter_current_flow_Connector":{"runAfter":{"Connecor_Name":["Succeeded"]},"metadata":{"operationMetadataId":"897c293f-3821-492e-b77e-c2531cb3263d"},"type":"Query","inputs":{"from":"@outputs('List_Connectors')?['body/value']","where":"@equals(item()?['admin_name'], outputs('Connecor_Name'))"}},"mark_broken_connector_or_insert_connection_reference":{"actions":{"Create_a_new_Flow_Connection_Reference":{"runAfter":{},"metadata":{"operationMetadataId":"547e63be-5baa-4934-b4a8-87ea02003c9f"},"type":"OpenApiConnection","inputs":{"host":{"connectionName":"shared_commondataserviceforapps","operationId":"CreateRecord","apiId":"/providers/Microsoft.PowerApps/apis/shared_commondataserviceforapps"},"parameters":{"entityName":"admin_connectionreferences","item/admin_displayname":"@{coalesce(items('Apply_to_each_Flow_Connection_Reference')?['displayName'], 'No Display Name For Connector')}@{parameters('FullInventory')}","item/admin_Connector@odata.bind":"admin_connectors(@{first(body('Filter_current_flow_Connector'))?['admin_connectorid']})","item/admin_Flow@odata.bind":"admin_flows(@{items('Apply_to_each_Flow')?['name']})"},"authentication":"@parameters('$authentication')","retryPolicy":{"type":"exponential","count":10,"interval":"PT10S"}}}},"runAfter":{"Filter_current_flow_Connector":["Succeeded"]},"else":{"actions":{"Set_hasBadConnections_true":{"runAfter":{},"metadata":{"operationMetadataId":"bc0b1e7a-4908-4978-a625-5d967212c901"},"type":"SetVariable","inputs":{"name":"hasBadConnections","value":"@true"}}}},"expression":{"greater":["@length(body('Filter_current_flow_Connector'))",0]},"metadata":{"operationMetadataId":"e202458e-a803-4b59-9bea-3fece377334f"},"type":"If"},"split_on_slash":{"runAfter":{"ConnectorID":["Succeeded"]},"metadata":{"operationMetadataId":"d5ba4b3e-2901-45d6-8c33-8128951eb6e4"},"type":"Compose","inputs":"@split(outputs('ConnectorID'), '/')"}},"runAfter":{"Filter_id_not_null":["Succeeded"]},"metadata":{"operationMetadataId":"f38f07cc-348e-496e-8d32-4ce233c4a8b7"},"type":"Foreach"},"Filter_id_not_null":{"runAfter":{},"metadata":{"operationMetadataId":"6222ff27-7396-4d1d-b57e-c8459a2410a5"},"type":"Query","inputs":{"from":"@body('Parse_Connection_JSON')","where":"@not(equals(item()?['id'], null))"}},"if_found_bad_connection,_mark_in_flow_record":{"actions":{"Mark_flow_as_having_broken_connections":{"runAfter":{},"metadata":{"operationMetadataId":"2cc858d3-4826-4284-83a6-daaee12137cc"},"type":"OpenApiConnection","inputs":{"host":{"connectionName":"shared_commondataserviceforapps","operationId":"UpdateRecord","apiId":"/providers/Microsoft.PowerApps/apis/shared_commondataserviceforapps"},"parameters":{"entityName":"admin_flows","recordId":"@items('Apply_to_each_Flow')?['name']","item/admin_flowcontainsbrokenconnections":true},"authentication":"@parameters('$authentication')"}}},"runAfter":{"Apply_to_each_Flow_Connection_Reference":["Succeeded"]},"expression":{"equals":["@variables('hasBadConnections')","@true"]},"metadata":{"operationMetadataId":"b067c2f5-3f08-410a-8dbf-1a0b13bb3277"},"type":"If"}},"runAfter":{},"expression":{"not":{"equals":["@outputs('Get_Flow_as_Admin')?['body/properties/connectionReferences']","@null"]}},"metadata":{"operationMetadataId":"56abebe1-caad-475c-849a-b3c794bc007f"},"type":"If"},"Insert_Specialty_Connectors":{"actions":{"Check_Http":{"actions":{"Create_http-_Flow_Connection_Reference":{"runAfter":{},"metadata":{"operationMetadataId":"547e63be-5baa-4934-b4a8-87ea02003c9f"},"type":"OpenApiConnection","inputs":{"host":{"connectionName":"shared_commondataserviceforapps","operationId":"CreateRecord","apiId":"/providers/Microsoft.PowerApps/apis/shared_commondataserviceforapps"},"parameters":{"entityName":"admin_connectionreferences","item/admin_displayname":"Http","item/admin_Connector@odata.bind":"admin_connectors(@{outputs('GUID_Http')})","item/admin_Flow@odata.bind":"admin_flows(@{items('Apply_to_each_Flow')?['name']})"},"authentication":"@parameters('$authentication')","retryPolicy":{"type":"exponential","count":10,"interval":"PT10S"}}}},"runAfter":{},"expression":{"greater":["@length(outputs('add_HTTP_edit'))",0]},"metadata":{"operationMetadataId":"99dfa93a-d1a6-4ac1-a930-b41fc056fde1"},"type":"If"},"Check_Http_Webhook":{"actions":{"Create_http-_Flow_Connection_Reference_2":{"runAfter":{},"metadata":{"operationMetadataId":"547e63be-5baa-4934-b4a8-87ea02003c9f"},"type":"OpenApiConnection","inputs":{"host":{"connectionName":"shared_commondataserviceforapps","operationId":"CreateRecord","apiId":"/providers/Microsoft.PowerApps/apis/shared_commondataserviceforapps"},"parameters":{"entityName":"admin_connectionreferences","item/admin_displayname":"Http Webhook","item/admin_Connector@odata.bind":"admin_connectors(@{outputs('GUID_HttpWebhook')})","item/admin_Flow@odata.bind":"admin_flows(@{items('Apply_to_each_Flow')?['name']})"},"authentication":"@parameters('$authentication')","retryPolicy":{"type":"exponential","count":10,"interval":"PT10S"}}}},"runAfter":{"Check_Http":["Succeeded"]},"expression":{"greater":["@length(outputs('add_HTTP_Webhook_edit'))",0]},"metadata":{"operationMetadataId":"f445fa2e-c40d-4f24-b081-559c5dedeffc"},"type":"If"},"Check_Http_Request_Received":{"actions":{"Create_http-_Flow_Connection_Reference_3":{"runAfter":{},"metadata":{"operationMetadataId":"547e63be-5baa-4934-b4a8-87ea02003c9f"},"type":"OpenApiConnection","inputs":{"host":{"connectionName":"shared_commondataserviceforapps","operationId":"CreateRecord","apiId":"/providers/Microsoft.PowerApps/apis/shared_commondataserviceforapps"},"parameters":{"entityName":"admin_connectionreferences","item/admin_displayname":"Http Request Received","item/admin_Connector@odata.bind":"admin_connectors(@{outputs('GUID_HttpRequestReceived')})","item/admin_Flow@odata.bind":"admin_flows(@{items('Apply_to_each_Flow')?['name']})"},"authentication":"@parameters('$authentication')","retryPolicy":{"type":"exponential","count":10,"interval":"PT10S"}}}},"runAfter":{"Check_Http_Webhook":["Succeeded"]},"expression":{"greater":["@length(outputs('add_HTTP_trigger'))",0]},"metadata":{"operationMetadataId":"8a261dcd-33f8-439a-94ea-b08fa30a534c"},"type":"If"}},"runAfter":{"Check_if_Flow_Connection_References_are_not_null":["Succeeded"]},"metadata":{"operationMetadataId":"199e1038-75bb-464f-bf13-d06599b26523"},"type":"Scope"}},"runAfter":{"Upsert_Flow_Details":["Succeeded"]},"metadata":{"operationMetadataId":"ecf3d359-d8d1-4215-b0a9-ccb8266c38ef"},"type":"Scope"},"Upsert_Flow_Details":{"actions":{"Maker_Check_-_Edit":{"runAfter":{},"metadata":{"operationMetadataId":"ffeec4fb-a4fa-41fb-97a5-1902167c6cb7"},"type":"Workflow","inputs":{"host":{"workflowReferenceName":"9301f01a-cb40-ec11-8c62-00224829b4c1"},"body":{"text":"@variables('FlowOwnerID')","boolean":false}}},"Check_if_Orphan_-_Edit":{"actions":{"Update_Flow_record_(creator_not_found)":{"runAfter":{},"metadata":{"operationMetadataId":"b386ea50-ad86-421e-b61d-65e66a333b32"},"type":"OpenApiConnection","inputs":{"host":{"connectionName":"shared_commondataserviceforapps","operationId":"UpdateRecord","apiId":"/providers/Microsoft.PowerApps/apis/shared_commondataserviceforapps"},"parameters":{"entityName":"admin_flows","recordId":"@items('Apply_to_each_Flow')?['name']","item/admin_displayname":"@items('Apply_to_each_Flow')?['properties/displayName']","item/admin_FlowEnvironment@odata.bind":"admin_environments(@{triggerBody()?['admin_environmentid']})","item/admin_department":"@outputs('Maker_Check_-_Edit')?['Body']?['userdepartment']","item/admin_flowconnections":"@outputs('Compose_edit_comma_separated_connector_list')","item/admin_flowcontainsbrokenconnections":false,"item/admin_flowcreatedon":"@items('Apply_to_each_Flow')?['properties']?['createdTime']","item/admin_flowcreatorupn":"@body('Get_Flow_as_Admin')?['properties']?['creator']?['userId']","item/admin_flowdeleted":false,"item/admin_flowdescription":"@body('Parse_JSON_2')?['properties']?['definitionSummary']?['description']","item/admin_flowenvironmentdisplayname":"@triggerBody()?['admin_displayname']","item/admin_flowenvironmentid":"@triggerOutputs()?['body/admin_environmentname']","item/cr5d5_flowisorphaned":"yes","item/admin_flowmodifiedon":"@items('Apply_to_each_Flow')?['properties']?['lastModifiedTime']","item/admin_flowstate":"@body('Get_Flow_as_Admin')['properties']['state']","item/admin_flowidstring":"@items('Apply_to_each_Flow')?['name']","item/admin_workflowentityid":"@body('Parse_JSON_2')?['properties']?['workflowEntityId']"},"authentication":"@parameters('$authentication')","retryPolicy":{"type":"exponential","count":10,"interval":"PT10S"}}}},"runAfter":{"Maker_Check_-_Edit":["Succeeded"]},"else":{"actions":{"Update_Flow_record":{"runAfter":{},"metadata":{"operationMetadataId":"7a9fef20-beda-49eb-b6c5-ff5c6c52486c"},"type":"OpenApiConnection","inputs":{"host":{"connectionName":"shared_commondataserviceforapps","operationId":"UpdateRecord","apiId":"/providers/Microsoft.PowerApps/apis/shared_commondataserviceforapps"},"parameters":{"entityName":"admin_flows","recordId":"@items('Apply_to_each_Flow')?['name']","item/admin_displayname":"@items('Apply_to_each_Flow')?['properties/displayName']","item/admin_FlowEnvironment@odata.bind":"admin_environments(@{triggerBody()?['admin_environmentid']})","item/admin_city":"@outputs('Maker_Check_-_Edit')?['Body']?['usercity']","item/admin_company":"@outputs('Maker_Check_-_Edit')?['Body']?['usercompany']","item/admin_country":"@outputs('Maker_Check_-_Edit')?['Body']?['usercountry']","item/admin_department":"@outputs('Maker_Check_-_Edit')?['Body']?['userdepartment']","item/admin_DerivedOwner@odata.bind":"admin_makers(@{variables('FlowOwnerID')})","item/admin_flowconnections":"@outputs('Compose_edit_comma_separated_connector_list')","item/admin_flowcontainsbrokenconnections":false,"item/admin_flowcreatedon":"@items('Apply_to_each_Flow')?['properties']?['createdTime']","item/admin_flowcreatorupn":"@body('Get_Flow_as_Admin')?['properties']?['creator']?['userId']","item/admin_flowdeleted":false,"item/admin_flowdescription":"@body('Parse_JSON_2')?['properties']?['definitionSummary']?['description']","item/admin_flowenvironmentdisplayname":"@triggerBody()?['admin_displayname']","item/admin_flowenvironmentid":"@triggerOutputs()?['body/admin_environmentname']","item/cr5d5_flowisorphaned":"no","item/admin_flowmakerdisplayname":"@outputs('Maker_Check_-_Edit')?['Body']?['userdisplayname']","item/admin_flowmodifiedon":"@items('Apply_to_each_Flow')?['properties']?['lastModifiedTime']","item/admin_flowstate":"@body('Get_Flow_as_Admin')['properties']['state']","item/admin_flowidstring":"@items('Apply_to_each_Flow')?['name']","item/admin_FlowCreator@odata.bind":"admin_makers(@{variables('FlowOwnerID')})","item/admin_workflowentityid":"@body('Parse_JSON_2')?['properties']?['workflowEntityId']"},"authentication":"@parameters('$authentication')","retryPolicy":{"type":"exponential","count":10,"interval":"PT10S"}}}}},"expression":{"equals":["@outputs('Maker_Check_-_Edit')?['Body']?['userisorphan']","True"]},"metadata":{"operationMetadataId":"b35d0e17-ee5b-492e-a12b-b0d65f1fec87"},"type":"If"}},"runAfter":{"Get_Updated_Flow_Owner":["Succeeded"]},"metadata":{"operationMetadataId":"b60b7461-053a-4abb-8689-fb8b768a27bd"},"type":"Scope"},"Delete_Existing_Connections":{"actions":{"List_This_Flow_Existing_Connection_References":{"runAfter":{},"metadata":{"operationMetadataId":"accf2a9b-aa9e-4c5f-8d89-0e67935357a5"},"type":"OpenApiConnection","inputs":{"host":{"connectionName":"shared_commondataserviceforapps","operationId":"ListRecords","apiId":"/providers/Microsoft.PowerApps/apis/shared_commondataserviceforapps"},"parameters":{"entityName":"admin_connectionreferences","$select":"admin_connectionreferenceid","$filter":"_admin_flow_value eq '@{items('Apply_to_each_Flow')?['name']}'"},"authentication":"@parameters('$authentication')","retryPolicy":{"type":"exponential","count":10,"interval":"PT10S"}},"runtimeConfiguration":{"paginationPolicy":{"minimumItemCount":100000}}},"Delete_this_flows_existing_connection_references":{"foreach":"@outputs('List_This_Flow_Existing_Connection_References')?['body/value']","actions":{"Delete_this_record":{"runAfter":{},"metadata":{"operationMetadataId":"aa12b1bc-8e70-4dc8-a673-29835d438bd2"},"type":"OpenApiConnection","inputs":{"host":{"connectionName":"shared_commondataserviceforapps","operationId":"DeleteRecord","apiId":"/providers/Microsoft.PowerApps/apis/shared_commondataserviceforapps"},"parameters":{"entityName":"admin_connectionreferences","recordId":"@items('Delete_this_flows_existing_connection_references')?['admin_connectionreferenceid']"},"authentication":"@parameters('$authentication')","retryPolicy":{"type":"exponential","count":10,"interval":"PT10S"}}}},"runAfter":{"List_This_Flow_Existing_Connection_References":["Succeeded"]},"metadata":{"operationMetadataId":"aaca116a-bca9-479f-bd2c-8cde2a0cebfd"},"type":"Foreach"}},"runAfter":{"Parse_JSON_2":["Succeeded"]},"metadata":{"operationMetadataId":"a7c73201-f27f-4814-8479-b8eecafe27d5"},"type":"Scope"}},"runAfter":{"Catch_case_where_coe_last_modified_date_is_null_":["Succeeded","Skipped"]},"expression":{"or":[{"equals":["@variables('fullinventory')","True"]},{"equals":["@variables('updateInCoe')","@true"]},{"less":["@outputs('LastDateModfiedCoE')","@outputs('LastDateModifiedProduct')"]}]},"metadata":{"operationMetadataId":"b88089ef-cf3b-4165-9500-9802aa02ea76"},"type":"If"}},"runAfter":{"Set_isNewToCoE_to_true":["Succeeded","Skipped"]},"else":{"actions":{"Get_New_Flow_as_Admin":{"runAfter":{},"metadata":{"operationMetadataId":"34924b4d-57c6-4ff1-b464-aa2f932bfa75"},"type":"OpenApiConnection","inputs":{"host":{"connectionName":"shared_flowmanagement_1","operationId":"AdminGetFlow","apiId":"/providers/Microsoft.PowerApps/apis/shared_flowmanagement"},"parameters":{"environmentName":"@triggerBody()?['admin_environmentname']","flowName":"@items('Apply_to_each_Flow')?['name']"},"authentication":"@parameters('$authentication')","retryPolicy":{"type":"exponential","count":10,"interval":"PT10S"}}},"Insert_New_Flow_Details":{"actions":{"Maker_Check_-_New":{"runAfter":{},"metadata":{"operationMetadataId":"166a4447-56df-418d-8ced-2edc5ff60b27"},"type":"Workflow","inputs":{"host":{"workflowReferenceName":"9301f01a-cb40-ec11-8c62-00224829b4c1"},"body":{"text":"@outputs('Get_New_Flow_as_Admin')?['body/properties/creator/objectId']","boolean":false}}},"Check_if_Orphan_-_New":{"actions":{"Insert_New_Flow_record_(creator_not_found)":{"runAfter":{},"metadata":{"operationMetadataId":"94b49e51-db32-4928-b559-38219413fe27"},"type":"OpenApiConnection","inputs":{"host":{"connectionName":"shared_commondataserviceforapps","operationId":"CreateRecord","apiId":"/providers/Microsoft.PowerApps/apis/shared_commondataserviceforapps"},"parameters":{"entityName":"admin_flows","item/admin_displayname":"@outputs('Get_New_Flow_as_Admin')?['body/properties/displayName']","item/admin_FlowEnvironment@odata.bind":"admin_environments(@{triggerBody()?['admin_environmentid']})","item/admin_flowid":"@outputs('Get_New_Flow_as_Admin')?['body/name']","item/admin_flowconnections":"@outputs('Compose_new_comma_separated_connector_list')","item/admin_flowcontainsbrokenconnections":false,"item/admin_flowcreatedon":"@outputs('Get_New_Flow_as_Admin')?['body/properties/createdTime']","item/admin_flowcreatorupn":"@outputs('Get_New_Flow_as_Admin')?['body/properties/creator/userId']","item/admin_flowdeleted":false,"item/admin_flowdescription":"@body('Parse_New_Flow_JSON')?['properties']?['definitionSummary']?['description']","item/admin_flowenvironmentdisplayname":"@triggerOutputs()?['body/admin_displayname']","item/admin_flowenvironmentid":"@triggerOutputs()?['body/admin_environmentname']","item/admin_flowexcusedfromarchival":false,"item/cr5d5_flowisorphaned":"yes","item/admin_flowmodifiedon":"@outputs('Get_New_Flow_as_Admin')?['body/properties/lastModifiedTime']","item/admin_flowstate":"@outputs('Get_New_Flow_as_Admin')?['body/properties/state']","item/admin_flowidstring":"@outputs('Get_New_Flow_as_Admin')?['body/name']","item/admin_workflowentityid":"@body('Parse_New_Flow_JSON')?['properties']?['workflowEntityId']"},"authentication":"@parameters('$authentication')","retryPolicy":{"type":"exponential","count":10,"interval":"PT10S"}}}},"runAfter":{"Maker_Check_-_New":["Succeeded"]},"else":{"actions":{"Insert_Flow_record":{"runAfter":{},"metadata":{"operationMetadataId":"709ce6f7-34fe-4a4d-afcf-a5629faadd86"},"type":"OpenApiConnection","inputs":{"host":{"connectionName":"shared_commondataserviceforapps","operationId":"CreateRecord","apiId":"/providers/Microsoft.PowerApps/apis/shared_commondataserviceforapps"},"parameters":{"entityName":"admin_flows","item/admin_displayname":"@outputs('Get_New_Flow_as_Admin')?['body/properties/displayName']","item/admin_FlowEnvironment@odata.bind":"admin_environments(@{triggerBody()?['admin_environmentid']})","item/admin_city":"@outputs('Maker_Check_-_New')?['Body']?['usercity']","item/admin_company":"@outputs('Maker_Check_-_New')?['Body']?['usercompany']","item/admin_country":"@outputs('Maker_Check_-_New')?['Body']?['usercountry']","item/admin_department":"@outputs('Maker_Check_-_New')?['Body']?['userdepartment']","item/admin_DerivedOwner@odata.bind":"admin_makers(@{outputs('Get_New_Flow_as_Admin')?['body/properties/creator/objectId']})","item/admin_flowid":"@outputs('Get_New_Flow_as_Admin')?['body/name']","item/admin_flowconnections":"@outputs('Compose_new_comma_separated_connector_list')","item/admin_flowcontainsbrokenconnections":false,"item/admin_flowcreatedon":"@outputs('Get_New_Flow_as_Admin')?['body/properties/createdTime']","item/admin_flowcreatorupn":"@outputs('Get_New_Flow_as_Admin')?['body/properties/creator/userId']","item/admin_flowdeleted":false,"item/admin_flowdescription":"@body('Parse_New_Flow_JSON')?['properties']?['definitionSummary']?['description']","item/admin_flowenvironmentdisplayname":"@triggerOutputs()?['body/admin_displayname']","item/admin_flowenvironmentid":"@triggerOutputs()?['body/admin_environmentname']","item/admin_flowexcusedfromarchival":false,"item/cr5d5_flowisorphaned":"no","item/admin_flowmakerdisplayname":"@outputs('Maker_Check_-_New')?['Body']?['userdisplayname']","item/admin_flowmodifiedon":"@outputs('Get_New_Flow_as_Admin')?['body/properties/lastModifiedTime']","item/admin_flowstate":"@outputs('Get_New_Flow_as_Admin')?['body/properties/state']","item/admin_flowidstring":"@outputs('Get_New_Flow_as_Admin')?['body/name']","item/admin_FlowCreator@odata.bind":"admin_makers(@{outputs('Get_New_Flow_as_Admin')?['body/properties/creator/objectId']})","item/admin_workflowentityid":"@body('Parse_New_Flow_JSON')?['properties']?['workflowEntityId']"},"authentication":"@parameters('$authentication')","retryPolicy":{"type":"exponential","count":10,"interval":"PT10S"}}}}},"expression":{"equals":["@outputs('Maker_Check_-_New')?['Body']?['userisorphan']","True"]},"metadata":{"operationMetadataId":"17a0a81e-8d73-48c7-ad7b-e9fb362a21f3"},"type":"If"}},"runAfter":{"Prepare_Connection_Information_new":["Succeeded"]},"metadata":{"operationMetadataId":"8b89ddc1-6c00-44ca-8d90-d6e4b83d783e"},"type":"Scope"},"Parse_New_Flow_JSON":{"runAfter":{"Get_New_Flow_as_Admin":["Succeeded"]},"metadata":{"operationMetadataId":"08107dec-f09e-40fd-979a-90511050c926"},"type":"ParseJson","inputs":{"content":"@body('Get_New_Flow_as_Admin')","schema":{"properties":{"id":{"type":"string"},"name":{"type":"string"},"properties":{"properties":{"apiId":{"type":"string"},"connectionReferences":{"type":"array"},"createdTime":{"type":"string"},"creator":{"properties":{"objectId":{"type":"string"},"tenantId":{"type":"string"},"userId":{"type":"string"},"userType":{"type":"string"}},"type":"object"},"definitionSummary":{"properties":{"actions":{"items":{"properties":{"kind":{"type":"string"},"type":{"type":"string"}},"type":"object"},"type":"array"},"description":{"type":"string"},"triggers":{"items":{"properties":{"kind":{"type":"string"},"type":{"type":"string"}},"type":"object"},"type":"array"}},"type":"object"},"displayName":{"type":"string"},"environment":{"properties":{"id":{"type":"string"},"name":{"type":"string"},"type":{"type":"string"}},"type":"object"},"flowFailureAlertSubscribed":{"type":"boolean"},"flowSuspensionReason":{"type":"string"},"lastModifiedTime":{"type":"string"},"provisioningMethod":{"type":"string"},"referencedResources":{"type":"array"},"sharingType":{"type":"string"},"state":{"type":"string"},"triggerSchema":{"properties":{"properties":{"type":"object"},"type":{"type":"string"}},"type":"object"},"userType":{"type":"string"},"workflowEntityId":{"type":"string"}},"type":"object"},"type":{"type":"string"}},"type":"object"}}},"Prepare_Connection_Information_new":{"actions":{"Add_HTTP":{"runAfter":{"Select_3":["Succeeded"]},"metadata":{"operationMetadataId":"6788c3d2-8713-4e30-b98c-6c590a26b800"},"type":"Compose","inputs":"@if(contains(body('Select_2'), 'Http'), ',HTTP', '')","description":"if(contains(body('Select_2'), 'Http'), ',HTTP', '')"},"Add_HTTP_Webhook":{"runAfter":{"Add_HTTP":["Succeeded"]},"metadata":{"operationMetadataId":"aed46b5d-2315-4a88-82dd-1051e35c6726"},"type":"Compose","inputs":"@if(contains(body('Select_2'), 'HttpWebhook'), ',HTTP Webhook', '')","description":"if(contains(body('Select_2'), 'HttpWebhook'), ',HTTP Webhook', '')"},"Select_2":{"runAfter":{},"metadata":{"operationMetadataId":"b5aeb247-9f43-43f7-a0aa-1fd775424522"},"type":"Select","inputs":{"from":"@body('Parse_New_Flow_JSON')?['properties']?['definitionSummary']?['actions']","select":"@item()?['type']"}},"check_if_connection_reference_new_exist":{"actions":{"Compose_new_comma_separated_connector_list":{"runAfter":{"Select_new_connector_display_name":["Succeeded"]},"metadata":{"operationMetadataId":"9a21b2c6-c2b0-4e43-9ff7-e28f056de7b1"},"type":"Compose","inputs":"@concat(join(body('Select_new_connector_display_name'), ','), outputs('Add_HTTP_Webhook'), outputs('Add_HTTP'), outputs('Add_HTTP_Request'))"},"Parse_JSON":{"runAfter":{},"metadata":{"operationMetadataId":"fa8128d8-a509-4fc0-bdca-9f45e8991469"},"type":"ParseJson","inputs":{"content":"@outputs('Get_New_Flow_as_Admin')?['body/properties/connectionReferences']","schema":{"items":{"properties":{"apiDefinition":{"properties":{"id":{"type":"string"},"name":{"type":"string"},"properties":{"properties":{"capabilities":{"items":{"type":"string"},"type":"array"},"changedTime":{"type":"string"},"connectionParameters":{"properties":{"token":{"properties":{"oAuthSettings":{"properties":{"clientId":{"type":"string"},"customParameters":{"properties":{"loginUri":{"properties":{"value":{"type":"string"}},"type":"object"},"loginUriAAD":{"properties":{"value":{"type":"string"}},"type":"object"},"resourceUri":{"properties":{"value":{"type":"string"}},"type":"object"}},"type":"object"},"identityProvider":{"type":"string"},"properties":{"properties":{"AzureActiveDirectoryResourceId":{"type":"string"},"IsFirstParty":{"type":"string"}},"type":"object"},"redirectMode":{"type":"string"},"redirectUrl":{"type":"string"},"scopes":{"type":"array"}},"type":"object"},"type":{"type":"string"}},"type":"object"}},"type":"object"},"createdTime":{"type":"string"},"description":{"type":"string"},"displayName":{"type":"string"},"iconUri":{"type":"string"},"isCustomApi":{"type":"boolean"},"metadata":{"properties":{"brandColor":{"type":"string"},"source":{"type":"string"},"version":{"properties":{"current":{"type":"string"},"previous":{"type":"string"}},"type":"object"}},"type":"object"},"primaryRuntimeUrl":{"type":"string"},"purpose":{"type":"string"},"runtimeUrls":{"items":{"type":"string"},"type":"array"},"scopes":{"properties":{"will":{"type":"array"},"wont":{"type":"array"}},"type":"object"},"tier":{"type":"string"}},"type":"object"},"type":{"type":"string"}},"type":"object"},"connectionName":{"type":"string"},"displayName":{"type":"string"},"id":{"type":"string"}},"required":["id"],"type":"object"},"type":"array"}}},"Select_new_connector_display_name":{"runAfter":{"Parse_JSON":["Succeeded"]},"metadata":{"operationMetadataId":"3ce60594-a326-4ab6-95ea-4b3cb45dc6d7"},"type":"Select","inputs":{"from":"@body('Parse_JSON')","select":"@item()?['displayName']"}}},"runAfter":{"Add_HTTP_Request":["Succeeded"]},"expression":{"not":{"equals":["@outputs('Get_New_Flow_as_Admin')?['body/properties/connectionReferences']","@null"]}},"metadata":{"operationMetadataId":"6cee1e53-cb2d-4af8-b810-4d0fbe26ecfe"},"type":"If"},"Select_3":{"runAfter":{"Select_2":["Succeeded"]},"metadata":{"operationMetadataId":"a00aaaa5-ee91-4bac-9cb7-e1d9c49bd8e0"},"type":"Select","inputs":{"from":"@body('Parse_New_Flow_JSON')?['properties']?['definitionSummary']?['triggers']","select":"@item()?['kind']"}},"Add_HTTP_Request":{"runAfter":{"Add_HTTP_Webhook":["Succeeded"]},"metadata":{"operationMetadataId":"595ee5b0-ce1a-4c15-9087-208541d1b405"},"type":"Compose","inputs":"@if(contains(body('Select_3'), 'Http'), ',When a HTTP request is received', '')","description":"if(contains(body('Select_3'), 'Http'), ',HTTP Request', '')"}},"runAfter":{"Delete_Existing_Connections_New":["Succeeded"]},"metadata":{"operationMetadataId":"08a0528c-ffcc-4e35-8b9f-ca77cd34ee16"},"type":"Scope"},"Store_Flow_Connection_References_New":{"actions":{"Check_if_Flow_Connection_References_are_not_null_2":{"actions":{"Apply_to_each_Flow_Connection_Reference_2":{"foreach":"@body('Filter_id_not_null_2')","actions":{"Connecor_Name_2":{"runAfter":{"split_on_slash_2":["Succeeded"]},"metadata":{"operationMetadataId":"64e6fbfd-d605-4dbd-ac48-7b663c9c108c"},"type":"Compose","inputs":"@last(outputs('split_on_slash_2'))"},"ConnectorID_2":{"runAfter":{},"metadata":{"operationMetadataId":"35c97abc-a72d-4395-820d-35df5ef98b29"},"type":"Compose","inputs":"@items('Apply_to_each_Flow_Connection_Reference_2')?['id']"},"Filter_current_flow_Connector_2":{"runAfter":{"Connecor_Name_2":["Succeeded"]},"metadata":{"operationMetadataId":"2ad7f336-365c-40c3-ad83-27030af44edc"},"type":"Query","inputs":{"from":"@outputs('List_Connectors')?['body/value']","where":"@equals(item()?['admin_name'], outputs('Connecor_Name_2'))"}},"mark_broken_connector_or_insert_connection_reference_2":{"actions":{"Create_a_new_Flow_Connection_Reference_2":{"runAfter":{},"metadata":{"operationMetadataId":"926b5494-fb65-45c0-8b16-9de5f389ca55"},"type":"OpenApiConnection","inputs":{"host":{"connectionName":"shared_commondataserviceforapps","operationId":"CreateRecord","apiId":"/providers/Microsoft.PowerApps/apis/shared_commondataserviceforapps"},"parameters":{"entityName":"admin_connectionreferences","item/admin_displayname":"@coalesce(items('Apply_to_each_Flow_Connection_Reference_2')?['displayName'], 'No Display Name For Connector')","item/admin_Connector@odata.bind":"admin_connectors(@{first(body('Filter_current_flow_Connector_2'))?['admin_connectorid']})","item/admin_Flow@odata.bind":"admin_flows(@{items('Apply_to_each_Flow')?['name']})"},"authentication":"@parameters('$authentication')","retryPolicy":{"type":"exponential","count":10,"interval":"PT10S"}}}},"runAfter":{"Filter_current_flow_Connector_2":["Succeeded"]},"else":{"actions":{"Set_hasBadConnections_true_2":{"runAfter":{},"metadata":{"operationMetadataId":"8362a5db-0c8b-45e7-8132-b63f47abf124"},"type":"SetVariable","inputs":{"name":"hasBadConnections","value":"@true"}}}},"expression":{"greater":["@length(body('Filter_current_flow_Connector_2'))",0]},"metadata":{"operationMetadataId":"99614a75-1c93-4e49-bbd2-d774f1888155"},"type":"If"},"split_on_slash_2":{"runAfter":{"ConnectorID_2":["Succeeded"]},"metadata":{"operationMetadataId":"5bc614e3-ba91-4cfb-a614-ec9ed0b01df5"},"type":"Compose","inputs":"@split(outputs('ConnectorID_2'), '/')"}},"runAfter":{"Filter_id_not_null_2":["Succeeded"]},"metadata":{"operationMetadataId":"914029fd-f2a9-4581-8850-59f68db4741a"},"type":"Foreach"},"Filter_id_not_null_2":{"runAfter":{},"metadata":{"operationMetadataId":"02d565fe-2e28-4238-8d92-2787b8f971e7"},"type":"Query","inputs":{"from":"@body('Parse_JSON')","where":"@not(equals(item()?['id'], null))"}},"if_found_bad_connection,_mark_in_flow_record_2":{"actions":{"Mark_flow_as_having_broken_connections_2":{"runAfter":{},"metadata":{"operationMetadataId":"f2bb38bf-189d-4fe7-bd64-73478ca9aae3"},"type":"OpenApiConnection","inputs":{"host":{"connectionName":"shared_commondataserviceforapps","operationId":"UpdateRecord","apiId":"/providers/Microsoft.PowerApps/apis/shared_commondataserviceforapps"},"parameters":{"entityName":"admin_flows","recordId":"@items('Apply_to_each_Flow')?['name']","item/admin_flowcontainsbrokenconnections":true},"authentication":"@parameters('$authentication')"}}},"runAfter":{"Apply_to_each_Flow_Connection_Reference_2":["Succeeded"]},"expression":{"equals":["@variables('hasBadConnections')","@true"]},"metadata":{"operationMetadataId":"ec4ddd43-45d7-40ca-aa91-28046e51b622"},"type":"If"}},"runAfter":{},"expression":{"not":{"equals":["@outputs('Get_New_Flow_as_Admin')?['body/properties/connectionReferences']","@null"]}},"metadata":{"operationMetadataId":"0f14f934-871e-4521-9bd0-1b1799c37e61"},"type":"If"},"Insert_Specialty_Connectors_2":{"actions":{"Check_Http_2":{"actions":{"Create_http-_Flow_Connection_Reference_4":{"runAfter":{},"metadata":{"operationMetadataId":"547e63be-5baa-4934-b4a8-87ea02003c9f"},"type":"OpenApiConnection","inputs":{"host":{"connectionName":"shared_commondataserviceforapps","operationId":"CreateRecord","apiId":"/providers/Microsoft.PowerApps/apis/shared_commondataserviceforapps"},"parameters":{"entityName":"admin_connectionreferences","item/admin_displayname":"Http","item/admin_Connector@odata.bind":"admin_connectors(@{outputs('GUID_Http')})","item/admin_Flow@odata.bind":"admin_flows(@{items('Apply_to_each_Flow')?['name']})"},"authentication":"@parameters('$authentication')","retryPolicy":{"type":"exponential","count":10,"interval":"PT10S"}}}},"runAfter":{},"expression":{"greater":["@length(outputs('add_HTTP'))",0]},"metadata":{"operationMetadataId":"99dfa93a-d1a6-4ac1-a930-b41fc056fde1"},"type":"If"},"Check_Http_Webhook_2":{"actions":{"Create_http-_Flow_Connection_Reference_5":{"runAfter":{},"metadata":{"operationMetadataId":"547e63be-5baa-4934-b4a8-87ea02003c9f"},"type":"OpenApiConnection","inputs":{"host":{"connectionName":"shared_commondataserviceforapps","operationId":"CreateRecord","apiId":"/providers/Microsoft.PowerApps/apis/shared_commondataserviceforapps"},"parameters":{"entityName":"admin_connectionreferences","item/admin_displayname":"Http Webhook","item/admin_Connector@odata.bind":"admin_connectors(@{outputs('GUID_HttpWebhook')})","item/admin_Flow@odata.bind":"admin_flows(@{items('Apply_to_each_Flow')?['name']})"},"authentication":"@parameters('$authentication')","retryPolicy":{"type":"exponential","count":10,"interval":"PT10S"}}}},"runAfter":{"Check_Http_2":["Succeeded"]},"expression":{"greater":["@length(outputs('add_HTTP_Webhook'))",0]},"metadata":{"operationMetadataId":"f445fa2e-c40d-4f24-b081-559c5dedeffc"},"type":"If"},"Check_Http_Request_Received_2":{"actions":{"Create_http-_Flow_Connection_Reference_6":{"runAfter":{},"metadata":{"operationMetadataId":"547e63be-5baa-4934-b4a8-87ea02003c9f"},"type":"OpenApiConnection","inputs":{"host":{"connectionName":"shared_commondataserviceforapps","operationId":"CreateRecord","apiId":"/providers/Microsoft.PowerApps/apis/shared_commondataserviceforapps"},"parameters":{"entityName":"admin_connectionreferences","item/admin_displayname":"Http Request Received","item/admin_Connector@odata.bind":"admin_connectors(@{outputs('GUID_HttpRequestReceived')})","item/admin_Flow@odata.bind":"admin_flows(@{items('Apply_to_each_Flow')?['name']})"},"authentication":"@parameters('$authentication')","retryPolicy":{"type":"exponential","count":10,"interval":"PT10S"}}}},"runAfter":{"Check_Http_Webhook_2":["Succeeded"]},"expression":{"greater":["@length(outputs('Add_HTTP_Request'))",0]},"metadata":{"operationMetadataId":"8a261dcd-33f8-439a-94ea-b08fa30a534c"},"type":"If"}},"runAfter":{"Check_if_Flow_Connection_References_are_not_null_2":["Succeeded"]},"metadata":{"operationMetadataId":"199e1038-75bb-464f-bf13-d06599b26523"},"type":"Scope"}},"runAfter":{"Insert_New_Flow_Details":["Succeeded"]},"metadata":{"operationMetadataId":"ef630930-7fdb-496a-9d92-0dd0f5522a50"},"type":"Scope"},"Delete_Existing_Connections_New":{"actions":{"List_This_Flow_Existing_Connection_References_2":{"runAfter":{},"metadata":{"operationMetadataId":"3afa385e-eb89-431b-864e-48110d1ca31e"},"type":"OpenApiConnection","inputs":{"host":{"connectionName":"shared_commondataserviceforapps","operationId":"ListRecords","apiId":"/providers/Microsoft.PowerApps/apis/shared_commondataserviceforapps"},"parameters":{"entityName":"admin_connectionreferences","$select":"admin_connectionreferenceid","$filter":"_admin_flow_value eq '@{items('Apply_to_each_Flow')?['name']}'"},"authentication":"@parameters('$authentication')","retryPolicy":{"type":"exponential","count":10,"interval":"PT10S"}},"runtimeConfiguration":{"paginationPolicy":{"minimumItemCount":100000}}},"Delete_this_flows_existing_connection_references_2":{"foreach":"@outputs('List_This_Flow_Existing_Connection_References_2')?['body/value']","actions":{"Delete_this_record_2":{"runAfter":{},"metadata":{"operationMetadataId":"f114195e-c9d8-4ff8-962c-da0d741e8cab"},"type":"OpenApiConnection","inputs":{"host":{"connectionName":"shared_commondataserviceforapps","operationId":"DeleteRecord","apiId":"/providers/Microsoft.PowerApps/apis/shared_commondataserviceforapps"},"parameters":{"entityName":"admin_connectionreferences","recordId":"@items('Delete_this_flows_existing_connection_references_2')?['admin_connectionreferenceid']"},"authentication":"@parameters('$authentication')","retryPolicy":{"type":"exponential","count":10,"interval":"PT10S"}}}},"runAfter":{"List_This_Flow_Existing_Connection_References_2":["Succeeded"]},"metadata":{"operationMetadataId":"0421eba9-b731-41b9-8144-1e76d7cd7601"},"type":"Foreach"}},"runAfter":{"Parse_New_Flow_JSON":["Succeeded"]},"metadata":{"operationMetadataId":"0c67532b-40cf-430a-882d-f89a6c9172cf"},"type":"Scope"}}},"expression":{"equals":["@variables('isNewToCoE')","@false"]},"metadata":{"operationMetadataId":"749ee81a-08a4-49b6-9455-5c60c3d4a478"},"type":"If"},"Set_isNewToCoE_to_true":{"runAfter":{"Get_Flow_from_CoE":["Failed"]},"metadata":{"operationMetadataId":"4c1c7484-3dce-496e-8361-59180f74d563"},"type":"SetVariable","inputs":{"name":"isNewToCoE","value":"@true"}}},"runAfter":{"Filter_Flows":["Succeeded"]},"metadata":{"operationMetadataId":"2c003c22-00fa-4331-a991-de3e1412d297"},"type":"Foreach"},"List_Flows_as_Admin":{"runAfter":{"Get_Connectors":["Succeeded"]},"metadata":{"operationMetadataId":"6ee9db06-ac81-4d35-a875-9f27061e054c"},"type":"OpenApiConnection","inputs":{"host":{"connectionName":"shared_flowmanagement_1","operationId":"ListFlowsInEnvironment","apiId":"/providers/Microsoft.PowerApps/apis/shared_flowmanagement"},"parameters":{"environmentName":"@triggerOutputs()?['body/admin_environmentname']"},"authentication":"@parameters('$authentication')","retryPolicy":{"type":"exponential","count":10,"interval":"PT10S"}},"runtimeConfiguration":{"paginationPolicy":{"minimumItemCount":100000}}},"Get_Connectors":{"actions":{"List_Connectors":{"runAfter":{},"metadata":{"operationMetadataId":"04a4cbe3-6883-49b0-a362-9d604275e2a5"},"type":"OpenApiConnection","inputs":{"host":{"connectionName":"shared_commondataserviceforapps","operationId":"ListRecords","apiId":"/providers/Microsoft.PowerApps/apis/shared_commondataserviceforapps"},"parameters":{"entityName":"admin_connectors","$select":"admin_displayname,admin_connectorid,admin_id,admin_name"},"authentication":"@parameters('$authentication')","retryPolicy":{"type":"exponential","count":10,"interval":"PT10S"}},"runtimeConfiguration":{"paginationPolicy":{"minimumItemCount":100000}}},"Specialty_Connectors":{"actions":{"List_Http":{"runAfter":{},"metadata":{"operationMetadataId":"ee734f72-173b-4708-8fd1-e88f10195826"},"type":"OpenApiConnection","inputs":{"host":{"connectionName":"shared_commondataserviceforapps","operationId":"ListRecords","apiId":"/providers/Microsoft.PowerApps/apis/shared_commondataserviceforapps"},"parameters":{"entityName":"admin_connectors","$select":"admin_connectorid","$filter":"admin_id eq 'Http'","$top":1},"authentication":"@parameters('$authentication')"}},"List_HttpWebhook":{"runAfter":{"GUID_Http":["Succeeded"]},"metadata":{"operationMetadataId":"7a39cd19-d939-4096-bfa4-e65155ef439b"},"type":"OpenApiConnection","inputs":{"host":{"connectionName":"shared_commondataserviceforapps","operationId":"ListRecords","apiId":"/providers/Microsoft.PowerApps/apis/shared_commondataserviceforapps"},"parameters":{"entityName":"admin_connectors","$select":"admin_connectorid","$filter":"admin_id eq 'HttpWebhook'","$top":1},"authentication":"@parameters('$authentication')"}},"List_HttpRequestReceived":{"runAfter":{"GUID_HttpWebhook":["Succeeded"]},"metadata":{"operationMetadataId":"7f9ab01b-be8a-47b6-b309-6d861d8c66ef"},"type":"OpenApiConnection","inputs":{"host":{"connectionName":"shared_commondataserviceforapps","operationId":"ListRecords","apiId":"/providers/Microsoft.PowerApps/apis/shared_commondataserviceforapps"},"parameters":{"entityName":"admin_connectors","$select":"admin_connectorid","$filter":"admin_id eq 'HttpRequestReceived'","$top":1},"authentication":"@parameters('$authentication')"}},"GUID_Http":{"runAfter":{"List_Http":["Succeeded"]},"metadata":{"operationMetadataId":"797a9016-a837-4227-9b1f-97a5ab9c3a45"},"type":"Compose","inputs":"@first(outputs('List_Http')?['body/value'])?['admin_connectorid']"},"GUID_HttpWebhook":{"runAfter":{"List_HttpWebhook":["Succeeded"]},"metadata":{"operationMetadataId":"02224a36-f5e6-4cc3-83a6-d0eb96350a51"},"type":"Compose","inputs":"@first(outputs('List_HttpWebhook')?['body/value'])?['admin_connectorid']"},"GUID_HttpRequestReceived":{"runAfter":{"List_HttpRequestReceived":["Succeeded"]},"metadata":{"operationMetadataId":"22da2648-aa52-4ba2-9d40-5c689ec1d2e6"},"type":"Compose","inputs":"@first(outputs('List_HttpRequestReceived')?['body/value'])?['admin_connectorid']"}},"runAfter":{"List_Connectors":["Succeeded"]},"metadata":{"operationMetadataId":"b330093d-15a0-4eab-af9a-467e3a1e56c5"},"type":"Scope"}},"runAfter":{},"metadata":{"operationMetadataId":"56473474-da9d-4b6e-b82c-a40f81b78bfe"},"type":"Scope"},"Filter_Flows":{"runAfter":{"List_Flows_as_Admin":["Succeeded"]},"metadata":{"operationMetadataId":"a45c03b3-2db9-44fc-adfa-6b39530a3bbf"},"type":"Query","inputs":{"from":"@outputs('List_Flows_as_Admin')?['body/value']","where":"@or(greater(item()?['properties/createdTime'], body('Get_past_time')), greater(item()?['properties/lastModifiedTime'], body('Get_past_time')), equals(item()?['properties/lastModifiedTime'], null))"}}},"runAfter":{"Get_past_time":["Succeeded"]},"metadata":{"operationMetadataId":"b0ec5400-3789-46e4-a8e6-458960b56988"},"type":"Scope"},"Initialize_hasBadConnections":{"runAfter":{"Initialize_variable_FlowOwnerID":["Succeeded"]},"metadata":{"operationMetadataId":"aee9429d-e744-40f0-adb3-f247e40e7694"},"type":"InitializeVariable","inputs":{"variables":[{"name":"hasBadConnections","type":"boolean","value":"@false"}]}},"Initialize_updateInCoe":{"runAfter":{"Initialize_variable_isNewToCoE":["Succeeded"]},"metadata":{"operationMetadataId":"8bce7e34-16fe-4043-8ad7-2a48c3b01500"},"type":"InitializeVariable","inputs":{"variables":[{"name":"updateInCoe","type":"boolean","value":"@false"}]}},"Initialize_variable_EmptyArray":{"runAfter":{"Initialize_variable_flowEnvironment":["Succeeded"]},"metadata":{"operationMetadataId":"755d73fc-ae85-48fe-9b70-10090ad0804c"},"type":"InitializeVariable","inputs":{"variables":[{"name":"EmptyArray","type":"array"}]}},"Initialize_variable_FlowOwnerID":{"runAfter":{"Initialize_updateInCoe":["Succeeded"]},"metadata":{"operationMetadataId":"74890118-f6a1-4c4e-a69f-d69be0aabafc"},"type":"InitializeVariable","inputs":{"variables":[{"name":"FlowOwnerID","type":"string"}]}},"Initialize_variable_flowEnvironment":{"runAfter":{"Initialize_variable_today":["Succeeded"]},"metadata":{"operationMetadataId":"9a4a822b-b51a-4c2f-a34e-8312d301617b"},"type":"InitializeVariable","inputs":{"variables":[{"name":"flowEnvironment","type":"string","value":"@parameters('Power Automate Environment Variable')"}]},"description":"Environment location specific Flow URL - remember / at the end"},"Initialize_variable_fullinventory":{"runAfter":{"Check_if_Environment_Deleted,_terminate_if_true":["Succeeded"]},"metadata":{"operationMetadataId":"59c257bf-8762-4dac-a023-98fcf704c65d"},"type":"InitializeVariable","inputs":{"variables":[{"name":"fullinventory","type":"string","value":"@{parameters('FullInventory')}"}]}},"Initialize_variable_isNewToCoE":{"runAfter":{"Initialize_variable_fullinventory":["Succeeded"]},"metadata":{"operationMetadataId":"870a3af5-c833-462b-9f58-494bbfa7099b"},"type":"InitializeVariable","inputs":{"variables":[{"name":"isNewToCoE","type":"boolean","value":false}]}},"Initialize_variable_today":{"runAfter":{"Initialize_hasBadConnections":["Succeeded"]},"metadata":{"operationMetadataId":"b1527ba0-e343-4f38-a74c-670b139a557f"},"type":"InitializeVariable","inputs":{"variables":[{"name":"today","type":"string","value":"@{utcNow()}"}]}},"Get_past_time":{"runAfter":{"See_if_need_to_force_full_inventory":["Succeeded"]},"metadata":{"operationMetadataId":"214bd6fa-e96e-4732-9380-2b5f1f449478"},"type":"Expression","kind":"GetPastTime","inputs":{"interval":"@if(equals(variables('fullinventory'), 'True'), 150, 1)","timeUnit":"@{if(equals(variables('fullinventory'), 'True'), 'Month', 'Week')}"},"description":"If full inventory, go back 150 months, else 1 week"},"See_if_need_to_force_full_inventory":{"actions":{"See_if_inventory_already_exists":{"runAfter":{},"metadata":{"operationMetadataId":"1dbab27e-6230-45da-995c-e3fa3c63088c"},"type":"OpenApiConnection","inputs":{"host":{"connectionName":"shared_commondataserviceforapps","operationId":"ListRecords","apiId":"/providers/Microsoft.PowerApps/apis/shared_commondataserviceforapps"},"parameters":{"entityName":"admin_flows","$select":"admin_flowid","$filter":"_admin_flowenvironment_value eq @{triggerOutputs()?['body/admin_environmentid']}","$top":1},"authentication":"@parameters('$authentication')"}},"If_no_flows_for_this_envt_set_full_inventory_true":{"actions":{"Set_fullinventory_true":{"runAfter":{},"metadata":{"operationMetadataId":"114d1554-133e-4033-ac9c-c700aaa83595"},"type":"SetVariable","inputs":{"name":"fullinventory","value":"@{true}"}}},"runAfter":{"See_if_inventory_already_exists":["Succeeded"]},"expression":{"equals":["@length(outputs('See_if_inventory_already_exists')?['body/value'])",0]},"metadata":{"operationMetadataId":"acf11783-abe5-46fa-a037-c2a12539ebd5"},"type":"If"}},"runAfter":{"Initialize_variable_EmptyArray":["Succeeded"]},"metadata":{"operationMetadataId":"801b772f-c2bd-486a-9aee-266d053a922e"},"type":"Scope"}},"outputs":{}}},"schemaVersion":"1.0.0.0"}