{"properties":{"connectionReferences":{"shared_powerappsforadmins":{"runtimeSource":"invoker","connection":{"connectionReferenceLogicalName":"admin_CoECorePowerAppsAdmin"},"api":{"name":"shared_powerappsforadmins"}},"shared_teams_1":{"runtimeSource":"invoker","connection":{"connectionReferenceLogicalName":"admin_CoECoreTeams"},"api":{"name":"shared_teams"}}},"definition":{"$schema":"https://schema.management.azure.com/providers/Microsoft.Logic/schemas/2016-06-01/workflowdefinition.json#","contentVersion":"1.0.0.0","parameters":{"$connections":{"defaultValue":{},"type":"Object"},"$authentication":{"defaultValue":{},"type":"SecureObject"}},"triggers":{"manual":{"metadata":{"operationMetadataId":"2f1633da-42a9-447e-9574-e6ad8911b9da"},"type":"Request","kind":"PowerApp","inputs":{"schema":{"type":"object","properties":{"EditAppRoleAssignmentasAdmin_EnvironmentName":{"type":"string","description":"Name field of the Environment.","x-ms-powerflows-param-ispartial":false},"EditAppRoleAssignmentasAdmin_PowerAppName":{"type":"string","description":"Name field of the PowerApp.","x-ms-powerflows-param-ispartial":false},"PostachoiceofoptionsastheFlowbottoauser_Recipient":{"type":"string","description":"Add an email address. This parameter is used as part of \"66517C98-FBCE-4C36-BCC3-293C0597DE45\"","x-ms-powerflows-param-ispartial":true},"PostachoiceofoptionsastheFlowbottoauser_Message":{"type":"string","description":". This parameter is used as part of \"C62EF9F2-FA51-43E4-81F8-4C4212A563B1\"","x-ms-powerflows-param-ispartial":true},"PostachoiceofoptionsastheFlowbottoauser_Message_1":{"type":"string"},"EditAppRoleAssignmentasAdmin_putPrincipalEmail-1":{"type":"string"}},"required":["EditAppRoleAssignmentasAdmin_EnvironmentName","EditAppRoleAssignmentasAdmin_PowerAppName","PostachoiceofoptionsastheFlowbottoauser_Recipient","PostachoiceofoptionsastheFlowbottoauser_Message","PostachoiceofoptionsastheFlowbottoauser_Message_1","EditAppRoleAssignmentasAdmin_putPrincipalEmail-1"]}}}},"actions":{"Condition":{"actions":{"Edit_App_Role_Assignment_as_Admin":{"runAfter":{},"metadata":{"operationMetadataId":"8f383150-fd59-40fe-82fa-5b1dcac63c01"},"type":"OpenApiConnection","inputs":{"host":{"apiId":"/providers/Microsoft.PowerApps/apis/shared_powerappsforadmins","connectionName":"shared_powerappsforadmins","operationId":"Edit-AdminAppRoleAssignment"},"parameters":{"environment":"@triggerBody()['EditAppRoleAssignmentasAdmin_EnvironmentName']","app":"@triggerBody()['EditAppRoleAssignmentasAdmin_PowerAppName']","api-version":"2016-11-01","body/put":[{"properties/roleName":"CanView","properties/NotifyShareTargetOption":"Notify","properties/principal/email":"@triggerBody()['EditAppRoleAssignmentasAdmin_putPrincipalEmail-1']"}]},"authentication":{"value":"@json(decodeBase64(triggerOutputs().headers['X-MS-APIM-Tokens']))['$ConnectionKey']","type":"Raw"}}}},"runAfter":{"Post_a_choice_of_options_as_the_Flow_bot_to_a_user":["Succeeded"]},"else":{"actions":{"Post_adaptive_card_in_a_chat_or_channel":{"runAfter":{},"metadata":{"operationMetadataId":"655e6162-2766-4e92-94e6-de147160c341"},"type":"OpenApiConnection","inputs":{"host":{"apiId":"/providers/Microsoft.PowerApps/apis/shared_teams","connectionName":"shared_teams_1","operationId":"PostCardToConversation"},"parameters":{"poster":"Flow bot","location":"Chat with Flow bot","body/recipient":"@{triggerBody()['EditAppRoleAssignmentasAdmin_putPrincipalEmail-1']};","body/messageBody":"Your access request to @{triggerBody()['PostachoiceofoptionsastheFlowbottoauser_Message_1']}has been rejected by the app owner."},"authentication":{"value":"@json(decodeBase64(triggerOutputs().headers['X-MS-APIM-Tokens']))['$ConnectionKey']","type":"Raw"}}}}},"expression":{"equals":["@outputs('Post_a_choice_of_options_as_the_Flow_bot_to_a_user')?['body/selectedOption']","Grant Access"]},"metadata":{"operationMetadataId":"e82a04a4-2081-4408-805a-29d75da4ceef"},"type":"If"},"Post_a_choice_of_options_as_the_Flow_bot_to_a_user":{"runAfter":{},"metadata":{"operationMetadataId":"e219b567-20f9-483c-b04c-c14493d17744"},"type":"OpenApiConnectionWebhook","inputs":{"host":{"apiId":"/providers/Microsoft.PowerApps/apis/shared_teams","connectionName":"shared_teams_1","operationId":"SubscribeUserMessageWithOptions"},"parameters":{"UserMessageWithOptionsSubscriptionRequest/body/options":["Grant Access","Reject"],"UserMessageWithOptionsSubscriptionRequest/body/recipient/to":"@{triggerBody()['PostachoiceofoptionsastheFlowbottoauser_Recipient']};","UserMessageWithOptionsSubscriptionRequest/body/messageBody":" @{triggerBody()['PostachoiceofoptionsastheFlowbottoauser_Message']} has requested access to @{triggerBody()['PostachoiceofoptionsastheFlowbottoauser_Message_1']}. If you select Grant Access, they will be granted read-only permissions to this app. If you select Reject, they will be notified via Teams. ","UserMessageWithOptionsSubscriptionRequest/body/messageTitle":"Power App access request"},"authentication":{"value":"@json(decodeBase64(triggerOutputs().headers['X-MS-APIM-Tokens']))['$ConnectionKey']","type":"Raw"}}}}}},"schemaVersion":"1.0.0.0"}