{"properties":{"connectionReferences":{"shared_commondataserviceforapps":{"runtimeSource":"embedded","connection":{"connectionReferenceLogicalName":"admin_CoECoreDataverse2"},"api":{"name":"shared_commondataserviceforapps"}}},"definition":{"$schema":"https://schema.management.azure.com/providers/Microsoft.Logic/schemas/2016-06-01/workflowdefinition.json#","contentVersion":"1.0.0.0","parameters":{"$connections":{"defaultValue":{},"type":"Object"},"$authentication":{"defaultValue":{},"type":"SecureObject"},"Power Automate Environment Variable":{"defaultValue":"https://us.flow.microsoft.com/manage/environments/","type":"String","metadata":{"schemaName":"admin_PowerAutomateEnvironmentVariable","description":"Environment, including geographic location, for Power Automate - Ex for commercial: https://flow.microsoft.com/manage/environments/"}}},"triggers":{"Recurrence":{"recurrence":{"frequency":"Day","interval":1},"metadata":{"operationMetadataId":"9ea14700-14e3-4033-8dbe-ab373f616aed"},"type":"Recurrence"}},"actions":{"Delete_Bad_Data":{"actions":{"Delete_Apps_without_Environments":{"foreach":"@outputs('List_Apps_with_No_Environment')?['body/value']","actions":{"Delete_app_without_environment":{"runAfter":{},"metadata":{"operationMetadataId":"dc126169-c330-492a-b00a-8daa4d2a1ab9"},"type":"OpenApiConnection","inputs":{"host":{"connectionName":"shared_commondataserviceforapps","operationId":"DeleteRecord","apiId":"/providers/Microsoft.PowerApps/apis/shared_commondataserviceforapps"},"parameters":{"entityName":"admin_apps","recordId":"@items('Delete_Apps_without_Environments')?['admin_appid']"},"authentication":"@parameters('$authentication')","retryPolicy":{"type":"exponential","count":10,"interval":"PT10S"}}}},"runAfter":{"List_Apps_with_No_Environment":["Succeeded"]},"metadata":{"operationMetadataId":"8dd95172-956f-4eea-b3b8-54ed2a82e270"},"type":"Foreach","runtimeConfiguration":{"concurrency":{"repetitions":50}}},"Delete_CoE_Connection_References_with_neither_app_nor_flow":{"foreach":"@outputs('List_CoE_Connection_References_with_neither_app_nor_flow')?['body/value']","actions":{"Delete_connection_reference_2":{"runAfter":{},"metadata":{"operationMetadataId":"677810dd-3534-435e-8133-34f992d476c9"},"type":"OpenApiConnection","inputs":{"host":{"connectionName":"shared_commondataserviceforapps","operationId":"DeleteRecord","apiId":"/providers/Microsoft.PowerApps/apis/shared_commondataserviceforapps"},"parameters":{"entityName":"admin_connectionreferences","recordId":"@items('Delete_CoE_Connection_References_with_neither_app_nor_flow')?['admin_connectionreferenceid']"},"authentication":"@parameters('$authentication')","retryPolicy":{"type":"exponential","count":10,"interval":"PT10S"}}}},"runAfter":{"List_CoE_Connection_References_with_neither_app_nor_flow":["Succeeded"]},"metadata":{"operationMetadataId":"35591c09-578c-4b91-8ae4-c60b314b9f34"},"type":"Foreach","runtimeConfiguration":{"concurrency":{"repetitions":50}}},"Delete_CoE_Connection_References_with_no_Connection":{"foreach":"@outputs('List_CoE_Connection_References_with_no_Connection')?['body/value']","actions":{"Delete_connection_reference":{"runAfter":{},"metadata":{"operationMetadataId":"853a98fa-3b6c-4a0b-8564-db0faed9278d"},"type":"OpenApiConnection","inputs":{"host":{"connectionName":"shared_commondataserviceforapps","operationId":"DeleteRecord","apiId":"/providers/Microsoft.PowerApps/apis/shared_commondataserviceforapps"},"parameters":{"entityName":"admin_connectionreferences","recordId":"@items('Delete_CoE_Connection_References_with_no_Connection')?['admin_connectionreferenceid']"},"authentication":"@parameters('$authentication')","retryPolicy":{"type":"exponential","count":10,"interval":"PT10S"}}}},"runAfter":{"List_CoE_Connection_References_with_no_Connection":["Succeeded"]},"metadata":{"operationMetadataId":"fc46dc85-83f1-45f5-bc7e-69c00ee54e23"},"type":"Foreach","runtimeConfiguration":{"concurrency":{"repetitions":50}}},"Delete_Custom_Connection_with_no_Environmnet":{"foreach":"@outputs('List_Custom_Connection_with_no_Environment')?['body/value']","actions":{"Delete_custom_connection":{"runAfter":{},"metadata":{"operationMetadataId":"69aadfd8-3d26-4edf-9a36-26522eeede35"},"type":"OpenApiConnection","inputs":{"host":{"connectionName":"shared_commondataserviceforapps","operationId":"DeleteRecord","apiId":"/providers/Microsoft.PowerApps/apis/shared_commondataserviceforapps"},"parameters":{"entityName":"admin_connectors","recordId":"@items('Delete_Custom_Connection_with_no_Environmnet')?['admin_connectorid']"},"authentication":"@parameters('$authentication')","retryPolicy":{"type":"exponential","count":10,"interval":"PT10S"}}}},"runAfter":{"List_Custom_Connection_with_no_Environment":["Succeeded"]},"metadata":{"operationMetadataId":"e66f5aeb-4fc1-4ed1-843c-4abffd52eb9c"},"type":"Foreach","runtimeConfiguration":{"concurrency":{"repetitions":50}}},"Delete_Desktop_Flows_without_Environments":{"foreach":"@outputs('List_Desktop_Flows_with_No_Environment')?['body/value']","actions":{"Delete_desktop_flow_without_environment":{"runAfter":{},"metadata":{"operationMetadataId":"31bbf152-4690-47be-bd6e-012bd414a7b3"},"type":"OpenApiConnection","inputs":{"host":{"connectionName":"shared_commondataserviceforapps","operationId":"DeleteRecord","apiId":"/providers/Microsoft.PowerApps/apis/shared_commondataserviceforapps"},"parameters":{"entityName":"admin_rpas","recordId":"@items('Delete_Desktop_Flows_without_Environments')?['admin_rpaid']"},"authentication":"@parameters('$authentication')"}}},"runAfter":{"List_Desktop_Flows_with_No_Environment":["Succeeded"]},"metadata":{"operationMetadataId":"47576a0d-e1ab-489c-81ee-afd97f469d4b"},"type":"Foreach","runtimeConfiguration":{"concurrency":{"repetitions":50}}},"Delete_Flow_Actions_with_no_Flow_or_Envt":{"foreach":"@outputs('List_Flow_Actions_with_no_Flow_or_no_Envt')?['body/value']","actions":{"Delete_flow_action_detail":{"runAfter":{},"metadata":{"operationMetadataId":"55ee5804-bf70-4ca2-b71d-7176a2d127eb"},"type":"OpenApiConnection","inputs":{"host":{"connectionName":"shared_commondataserviceforapps","operationId":"DeleteRecord","apiId":"/providers/Microsoft.PowerApps/apis/shared_commondataserviceforapps"},"parameters":{"entityName":"admin_flowactiondetails","recordId":"@items('Delete_Flow_Actions_with_no_Flow_or_Envt')?['admin_flowactiondetailid']"},"authentication":"@parameters('$authentication')","retryPolicy":{"type":"exponential","count":10,"interval":"PT10S"}}}},"runAfter":{"List_Flow_Actions_with_no_Flow_or_no_Envt":["Succeeded"]},"metadata":{"operationMetadataId":"6bd64752-f597-4d22-9b99-581461917cd6"},"type":"Foreach","runtimeConfiguration":{"concurrency":{"repetitions":50}}},"Delete_Flows_without_Environments":{"foreach":"@outputs('List_Flow_with_No_Environment')?['body/value']","actions":{"Delete_flow_without_environment":{"runAfter":{},"metadata":{"operationMetadataId":"5af39d79-131f-4f6f-82ee-fd5c4ca032fd"},"type":"OpenApiConnection","inputs":{"host":{"connectionName":"shared_commondataserviceforapps","operationId":"DeleteRecord","apiId":"/providers/Microsoft.PowerApps/apis/shared_commondataserviceforapps"},"parameters":{"entityName":"admin_flows","recordId":"@items('Delete_Flows_without_Environments')?['admin_flowid']"},"authentication":"@parameters('$authentication')","retryPolicy":{"type":"exponential","count":10,"interval":"PT10S"}}}},"runAfter":{"List_Flow_with_No_Environment":["Succeeded"]},"metadata":{"operationMetadataId":"a73b3d78-661c-47ab-a7c1-e563525d4c1b"},"type":"Foreach","runtimeConfiguration":{"concurrency":{"repetitions":50}}},"List_Apps_with_No_Environment":{"runAfter":{},"metadata":{"operationMetadataId":"3b50cd16-059b-4dcc-ba77-081a5e1ca69a"},"type":"OpenApiConnection","inputs":{"host":{"connectionName":"shared_commondataserviceforapps","operationId":"ListRecords","apiId":"/providers/Microsoft.PowerApps/apis/shared_commondataserviceforapps"},"parameters":{"entityName":"admin_apps","$select":"admin_appid","$filter":"_admin_appenvironment_value eq null"},"authentication":"@parameters('$authentication')","retryPolicy":{"type":"exponential","count":10,"interval":"PT10S"}},"runtimeConfiguration":{"paginationPolicy":{"minimumItemCount":100000}}},"List_CoE_Connection_References_with_neither_app_nor_flow":{"runAfter":{"Delete_CoE_Connection_References_with_no_Connection":["Succeeded"]},"metadata":{"operationMetadataId":"685cbe77-a9fe-432f-a4dc-afd1d7f57d4b"},"type":"OpenApiConnection","inputs":{"host":{"connectionName":"shared_commondataserviceforapps","operationId":"ListRecords","apiId":"/providers/Microsoft.PowerApps/apis/shared_commondataserviceforapps"},"parameters":{"entityName":"admin_connectionreferences","$select":"admin_connectionreferenceid","$filter":"_admin_app_value eq null and _admin_flow_value eq null"},"authentication":"@parameters('$authentication')","retryPolicy":{"type":"exponential","count":10,"interval":"PT10S"}},"runtimeConfiguration":{"paginationPolicy":{"minimumItemCount":100000}}},"List_CoE_Connection_References_with_no_Connection":{"runAfter":{"Delete_Flows_without_Environments":["Succeeded"]},"metadata":{"operationMetadataId":"b5858547-3b35-4706-ac91-482fbebfe538"},"type":"OpenApiConnection","inputs":{"host":{"connectionName":"shared_commondataserviceforapps","operationId":"ListRecords","apiId":"/providers/Microsoft.PowerApps/apis/shared_commondataserviceforapps"},"parameters":{"entityName":"admin_connectionreferences","$select":"admin_connectionreferenceid","$filter":"_admin_connector_value eq null"},"authentication":"@parameters('$authentication')","retryPolicy":{"type":"exponential","count":10,"interval":"PT10S"}},"runtimeConfiguration":{"paginationPolicy":{"minimumItemCount":100000}}},"List_Custom_Connection_with_no_Environment":{"runAfter":{"Delete_CoE_Connection_References_with_neither_app_nor_flow":["Succeeded"]},"metadata":{"operationMetadataId":"a822f38c-1864-4a13-84a8-37e5c41c1f10"},"type":"OpenApiConnection","inputs":{"host":{"connectionName":"shared_commondataserviceforapps","operationId":"ListRecords","apiId":"/providers/Microsoft.PowerApps/apis/shared_commondataserviceforapps"},"parameters":{"entityName":"admin_connectors","$select":"admin_connectorid","$filter":"_admin_environmentcustomconnector_value eq null and admin_iscustomapi eq true"},"authentication":"@parameters('$authentication')","retryPolicy":{"type":"exponential","count":10,"interval":"PT10S"}},"runtimeConfiguration":{"paginationPolicy":{"minimumItemCount":100000}}},"List_Desktop_Flows_with_No_Environment":{"runAfter":{"Delete_Apps_without_Environments":["Succeeded"]},"metadata":{"operationMetadataId":"d1a6b2aa-e468-4af4-93d2-71a890b16cfb"},"type":"OpenApiConnection","inputs":{"host":{"connectionName":"shared_commondataserviceforapps","operationId":"ListRecords","apiId":"/providers/Microsoft.PowerApps/apis/shared_commondataserviceforapps"},"parameters":{"entityName":"admin_rpas","$select":"admin_rpaid","$filter":"_admin_desktopflowenvironment_value eq null"},"authentication":"@parameters('$authentication')"}},"List_Flow_Actions_with_no_Flow_or_no_Envt":{"runAfter":{"Delete_Custom_Connection_with_no_Environmnet":["Succeeded"]},"metadata":{"operationMetadataId":"35f74863-4032-41bb-9853-83c6fdfc3f98"},"type":"OpenApiConnection","inputs":{"host":{"connectionName":"shared_commondataserviceforapps","operationId":"ListRecords","apiId":"/providers/Microsoft.PowerApps/apis/shared_commondataserviceforapps"},"parameters":{"entityName":"admin_flowactiondetails","$select":"admin_flowactiondetailid","$filter":"_admin_flow_value eq null or _admin_flowactiondetailenvrinment_value eq null"},"authentication":"@parameters('$authentication')","retryPolicy":{"type":"exponential","count":10,"interval":"PT10S"}},"runtimeConfiguration":{"paginationPolicy":{"minimumItemCount":100000}}},"List_Flow_with_No_Environment":{"runAfter":{"Delete_Desktop_Flows_without_Environments":["Succeeded"]},"metadata":{"operationMetadataId":"709748e0-aa9b-4929-9686-9c3219628faf"},"type":"OpenApiConnection","inputs":{"host":{"connectionName":"shared_commondataserviceforapps","operationId":"ListRecords","apiId":"/providers/Microsoft.PowerApps/apis/shared_commondataserviceforapps"},"parameters":{"entityName":"admin_flows","$select":"admin_flowid","$filter":"_admin_flowenvironment_value eq null"},"authentication":"@parameters('$authentication')","retryPolicy":{"type":"exponential","count":10,"interval":"PT10S"}},"runtimeConfiguration":{"paginationPolicy":{"minimumItemCount":100000}}},"List_Environment_Capacities_with_No_Environment":{"runAfter":{"Delete_Flow_Actions_with_no_Flow_or_Envt":["Succeeded"]},"metadata":{"operationMetadataId":"1ef1e7bf-102f-418f-b028-ea0bbf08d221"},"type":"OpenApiConnection","inputs":{"host":{"connectionName":"shared_commondataserviceforapps","operationId":"ListRecords","apiId":"/providers/Microsoft.PowerApps/apis/shared_commondataserviceforapps"},"parameters":{"entityName":"admin_environmentcapacities","$select":"admin_environmentcapacityid","$filter":"_admin_environment_value eq null"},"authentication":"@parameters('$authentication')","retryPolicy":{"type":"exponential","count":10,"interval":"PT10S"}},"runtimeConfiguration":{"paginationPolicy":{"minimumItemCount":100000}}},"Delete_Environment_Capacities_with_no_Envt":{"foreach":"@outputs('List_Environment_Capacities_with_No_Environment')?['body/value']","actions":{"Delete_Environment_Capacity":{"runAfter":{},"metadata":{"operationMetadataId":"e3c34082-eb82-4e96-a593-d058d910d37d"},"type":"OpenApiConnection","inputs":{"host":{"connectionName":"shared_commondataserviceforapps","operationId":"DeleteRecord","apiId":"/providers/Microsoft.PowerApps/apis/shared_commondataserviceforapps"},"parameters":{"entityName":"admin_environmentcapacities","recordId":"@items('Delete_Environment_Capacities_with_no_Envt')?['admin_environmentcapacityid']"},"authentication":"@parameters('$authentication')","retryPolicy":{"type":"exponential","count":10,"interval":"PT10S"}}}},"runAfter":{"List_Environment_Capacities_with_No_Environment":["Succeeded"]},"metadata":{"operationMetadataId":"abdf3ded-beef-4b54-b625-289adb2439b6"},"type":"Foreach","runtimeConfiguration":{"concurrency":{"repetitions":50}}},"List_incorrectly_named_specialty_connectors":{"runAfter":{"Delete_Environment_Capacities_with_no_Envt":["Succeeded"]},"metadata":{"operationMetadataId":"89c5b5e7-da34-4249-9c63-c989c6919842"},"type":"OpenApiConnection","inputs":{"host":{"connectionName":"shared_commondataserviceforapps","operationId":"ListRecords","apiId":"/providers/Microsoft.PowerApps/apis/shared_commondataserviceforapps"},"parameters":{"entityName":"admin_connectors","$select":"admin_connectorid","$filter":"admin_name eq 'admin_http' or admin_name eq 'admin_httpwebhook' or admin_name eq 'shared_microsoftspatialservices'"},"authentication":"@parameters('$authentication')"},"description":"for https://github.com/microsoft/coe-starter-kit/issues/1641"},"Delete_incorrectly_named_specialty_connectors":{"foreach":"@outputs('List_incorrectly_named_specialty_connectors')?['body/value']","actions":{"Delete_incorrectly_named_specialty_connector":{"runAfter":{},"metadata":{"operationMetadataId":"983b1005-4cac-41d2-9690-2b06bd0a4c2c"},"type":"OpenApiConnection","inputs":{"host":{"connectionName":"shared_commondataserviceforapps","operationId":"DeleteRecord","apiId":"/providers/Microsoft.PowerApps/apis/shared_commondataserviceforapps"},"parameters":{"entityName":"admin_connectors","recordId":"@items('Delete_incorrectly_named_specialty_connectors')?['admin_connectorid']"},"authentication":"@parameters('$authentication')","retryPolicy":{"type":"exponential","count":10,"interval":"PT10S"}}}},"runAfter":{"List_incorrectly_named_specialty_connectors":["Succeeded"]},"metadata":{"operationMetadataId":"6a291358-9fe1-4dd9-9ef0-42c1b24ff4b2"},"type":"Foreach"}},"runAfter":{"Initialize_variable_flowEnvironment":["Succeeded"]},"metadata":{"operationMetadataId":"2ef5c264-64e7-475b-ba13-72c01946ca0e"},"type":"Scope","description":"We will build to this clean up over time. For now just a few to get it started"},"Delete_Bad_Data_fails_-_Error_Handling":{"actions":{"Create_a_new_record_-_Sync_Flow_Errors":{"runAfter":{},"metadata":{"operationMetadataId":"d0d3fa63-1389-489b-b06c-e0b6d9f662fe"},"type":"OpenApiConnection","inputs":{"host":{"connectionName":"shared_commondataserviceforapps","operationId":"CreateRecord","apiId":"/providers/Microsoft.PowerApps/apis/shared_commondataserviceforapps"},"parameters":{"entityName":"admin_syncflowerrorses","item/admin_name":"CLEANUP - Admin | Sync Template v3 (Delete Bad Data)","item/admin_flowinstanceurl":"@concat(variables('flowEnvironment'), workflow()?['tags']['environmentName'], '/flows/', workflow()?['name'], '/runs/', workflow()?['run']['name'])"},"authentication":"@parameters('$authentication')","retryPolicy":{"type":"exponential","count":10,"interval":"PT10S"}}},"Terminate":{"runAfter":{"Create_a_new_record_-_Sync_Flow_Errors":["Succeeded"]},"metadata":{"operationMetadataId":"b424ce9b-0ed5-4b3f-ae8b-d2d73e65de9b"},"type":"Terminate","inputs":{"runStatus":"Failed","runError":{"code":"500","message":"Delete Bad Data Failed"}}}},"runAfter":{"Delete_Bad_Data":["Failed"]},"metadata":{"operationMetadataId":"db004319-0e84-4fa9-8339-14c67f1e97b5"},"type":"Scope"},"Initialize_variable_flowEnvironment":{"runAfter":{},"metadata":{"operationMetadataId":"ec77f66a-62c5-44cb-951d-60749199ff32"},"type":"InitializeVariable","inputs":{"variables":[{"name":"flowEnvironment","type":"string","value":"@parameters('Power Automate Environment Variable')"}]},"description":"Environment location specific Flow URL - remember / at the end"}},"outputs":{}}},"schemaVersion":"1.0.0.0"}