{"properties":{"connectionReferences":{},"definition":{"$schema":"https://schema.management.azure.com/providers/Microsoft.Logic/schemas/2016-06-01/workflowdefinition.json#","contentVersion":"1.0.0.0","parameters":{"$authentication":{"defaultValue":{},"type":"SecureObject"}},"triggers":{"manual":{"type":"Request","kind":"Button","inputs":{"schema":{"type":"object","properties":{"text":{"title":"newOwner","type":"string","x-ms-dynamically-added":true,"description":"Please enter your input","x-ms-content-hint":"TEXT"},"text_1":{"title":"objectName","type":"string","x-ms-dynamically-added":true,"description":"Please enter your input","x-ms-content-hint":"TEXT"},"text_2":{"title":"envName","type":"string","x-ms-dynamically-added":true,"description":"Please enter your input","x-ms-content-hint":"TEXT"},"text_3":{"title":"action","type":"string","x-ms-dynamically-added":true,"description":"Please enter your input","x-ms-content-hint":"TEXT"},"text_4":{"title":"objectType","type":"string","x-ms-dynamically-added":true,"description":"Please enter your input","x-ms-content-hint":"TEXT"}},"required":["text","text_1","text_2","text_3","text_4"]}}}},"actions":{"see_if_app_or_flow":{"actions":{"Run_App_Helper_Flow":{"runAfter":{},"type":"Workflow","inputs":{"host":{"workflowReferenceName":"41263d72-4dea-eb11-bacb-000d3a5786fb"},"body":{"text":"@triggerBody()['text']","text_1":"@triggerBody()['text_1']","text_2":"@triggerBody()['text_2']","text_3":"@triggerBody()['text_3']"}}},"Set_ReturnString_to_return_value_from_Run_App_Helper_Flow":{"runAfter":{"Run_App_Helper_Flow":["Failed"]},"type":"SetVariable","inputs":{"name":"ReturnString","value":"failed"}}},"runAfter":{"Initialize_ReturnString":["Succeeded"]},"else":{"actions":{"Run_Flow_Helper_Flow":{"runAfter":{},"type":"Workflow","inputs":{"host":{"workflowReferenceName":"6093b58a-4fea-eb11-bacb-000d3a578f6c"},"body":{"text":"@triggerBody()['text']","text_1":"@triggerBody()['text_1']","text_2":"@triggerBody()['text_2']","text_3":"@triggerBody()['text_3']"}}},"Set_ReturnString_to_return_value_from_Run_Flow_Helper_Flow":{"runAfter":{"Run_Flow_Helper_Flow":["Failed"]},"type":"SetVariable","inputs":{"name":"ReturnString","value":"failed"}}}},"expression":{"equals":["@triggerBody()['text_4']","app"]},"type":"If"},"Respond_to_a_PowerApp_or_flow":{"runAfter":{"see_if_app_or_flow":["Succeeded"]},"type":"Response","kind":"PowerApp","inputs":{"statusCode":200,"body":{"thereturnstring":"@variables('ReturnString')"},"schema":{"type":"object","properties":{"thereturnstring":{"title":"theReturnString","x-ms-dynamically-added":true,"type":"string"}}}}},"Initialize_ReturnString":{"runAfter":{},"type":"InitializeVariable","inputs":{"variables":[{"name":"ReturnString","type":"string","value":"pass"}]}}},"outputs":{}}},"schemaVersion":"1.0.0.0"}