<environmentvariabledefinition schemaname="admin_ComplianceAppsNumberLaunchesLast30Days">
  <defaultvalue>30</defaultvalue>
  <description default="If the app was launched at least this many times in the last 30, ask for business justification">
    <label description="If the app was launched at least this many times in the last 30, ask for business justification" languagecode="1033" />
  </description>
  <displayname default="Compliance – Apps – Number Launches Last 30 Days">
    <label description="Compliance – Apps – Number Launches Last 30 Days" languagecode="1033" />
  </displayname>
  <introducedversion>3.17.1</introducedversion>
  <iscustomizable>1</iscustomizable>
  <isrequired>0</isrequired>
  <type>100000001</type>
</environmentvariabledefinition>