﻿<?xml version="1.0" encoding="utf-8"?>
<ImportExportXml version="9.2.21122.157" SolutionPackageVersion="9.2" languagecode="1033" generatedBy="CrmLive" xmlns:xsi="http://www.w3.org/2001/XMLSchema-instance">
  <SolutionManifest>
    <UniqueName>CenterofExcellenceALMAccelerator</UniqueName>
    <LocalizedNames>
      <LocalizedName description="Center of Excellence - ALM Accelerator" languagecode="1033" />
    </LocalizedNames>
    <Descriptions />
    <Version>1.0.20220131.1</Version>
    <Managed>1</Managed>
    <Publisher>
      <UniqueName>catteam</UniqueName>
      <LocalizedNames>
        <LocalizedName description="Power CAT" languagecode="1033" />
      </LocalizedNames>
      <Descriptions />
      <EMailAddress xsi:nil="true"></EMailAddress>
      <SupportingWebsiteUrl xsi:nil="true"></SupportingWebsiteUrl>
      <CustomizationPrefix>cat</CustomizationPrefix>
      <CustomizationOptionValuePrefix>80906</CustomizationOptionValuePrefix>
      <Addresses>
        <Address>
          <AddressNumber>1</AddressNumber>
          <AddressTypeCode>1</AddressTypeCode>
          <City xsi:nil="true"></City>
          <County xsi:nil="true"></County>
          <Country xsi:nil="true"></Country>
          <Fax xsi:nil="true"></Fax>
          <FreightTermsCode xsi:nil="true"></FreightTermsCode>
          <ImportSequenceNumber xsi:nil="true"></ImportSequenceNumber>
          <Latitude xsi:nil="true"></Latitude>
          <Line1 xsi:nil="true"></Line1>
          <Line2 xsi:nil="true"></Line2>
          <Line3 xsi:nil="true"></Line3>
          <Longitude xsi:nil="true"></Longitude>
          <Name xsi:nil="true"></Name>
          <PostalCode xsi:nil="true"></PostalCode>
          <PostOfficeBox xsi:nil="true"></PostOfficeBox>
          <PrimaryContactName xsi:nil="true"></PrimaryContactName>
          <ShippingMethodCode>1</ShippingMethodCode>
          <StateOrProvince xsi:nil="true"></StateOrProvince>
          <Telephone1 xsi:nil="true"></Telephone1>
          <Telephone2 xsi:nil="true"></Telephone2>
          <Telephone3 xsi:nil="true"></Telephone3>
          <TimeZoneRuleVersionNumber xsi:nil="true"></TimeZoneRuleVersionNumber>
          <UPSZone xsi:nil="true"></UPSZone>
          <UTCOffset xsi:nil="true"></UTCOffset>
          <UTCConversionTimeZoneCode xsi:nil="true"></UTCConversionTimeZoneCode>
        </Address>
        <Address>
          <AddressNumber>2</AddressNumber>
          <AddressTypeCode>1</AddressTypeCode>
          <City xsi:nil="true"></City>
          <County xsi:nil="true"></County>
          <Country xsi:nil="true"></Country>
          <Fax xsi:nil="true"></Fax>
          <FreightTermsCode xsi:nil="true"></FreightTermsCode>
          <ImportSequenceNumber xsi:nil="true"></ImportSequenceNumber>
          <Latitude xsi:nil="true"></Latitude>
          <Line1 xsi:nil="true"></Line1>
          <Line2 xsi:nil="true"></Line2>
          <Line3 xsi:nil="true"></Line3>
          <Longitude xsi:nil="true"></Longitude>
          <Name xsi:nil="true"></Name>
          <PostalCode xsi:nil="true"></PostalCode>
          <PostOfficeBox xsi:nil="true"></PostOfficeBox>
          <PrimaryContactName xsi:nil="true"></PrimaryContactName>
          <ShippingMethodCode>1</ShippingMethodCode>
          <StateOrProvince xsi:nil="true"></StateOrProvince>
          <Telephone1 xsi:nil="true"></Telephone1>
          <Telephone2 xsi:nil="true"></Telephone2>
          <Telephone3 xsi:nil="true"></Telephone3>
          <TimeZoneRuleVersionNumber xsi:nil="true"></TimeZoneRuleVersionNumber>
          <UPSZone xsi:nil="true"></UPSZone>
          <UTCOffset xsi:nil="true"></UTCOffset>
          <UTCConversionTimeZoneCode xsi:nil="true"></UTCConversionTimeZoneCode>
        </Address>
      </Addresses>
    </Publisher>
    <RootComponents>
      <RootComponent type="1" schemaName="cat_appusersetting" behavior="0" />
      <RootComponent type="1" schemaName="cat_deploymentenvironment" behavior="0" />
      <RootComponent type="1" schemaName="cat_deploymentprofile" behavior="0" />
      <RootComponent type="1" schemaName="cat_deploymentrequest" behavior="0" />
      <RootComponent type="1" schemaName="cat_deploymentstep" behavior="0" />
      <RootComponent type="1" schemaName="cat_deploymentusersetting" behavior="0" />
      <RootComponent type="1" schemaName="cat_usersetting" behavior="0" />
      <RootComponent type="9" schemaName="cat_approvaltype" behavior="0" />
      <RootComponent type="9" schemaName="cat_deploymentrequesttype" behavior="0" />
      <RootComponent type="20" id="{6ae8df59-9041-ec11-8c62-000d3a4eb9d4}" behavior="0" />
      <RootComponent type="20" id="{8865c084-ca59-eb11-a812-000d3a8b34a0}" behavior="0" />
      <RootComponent type="29" id="{3c3a56b7-2c04-ec11-94ef-0022481de3bc}" behavior="0" />
      <RootComponent type="29" id="{47247be5-760a-ec11-b6e6-000d3a9c595b}" behavior="0" />
      <RootComponent type="29" id="{52750250-5900-ec11-94ef-000d3a199785}" behavior="0" />
      <RootComponent type="29" id="{55558f9d-f701-ec11-94ef-000d3a199bfb}" behavior="0" />
      <RootComponent type="29" id="{a2978aed-bec7-eb11-bacc-000d3a57e461}" behavior="0" />
      <RootComponent type="29" id="{a84ec31c-b905-ec11-94ef-0022481defc2}" behavior="0" />
      <RootComponent type="29" id="{b4705964-b409-ec11-b6e6-000d3a9c5165}" behavior="0" />
      <RootComponent type="29" id="{bd40f612-41ff-ea11-a815-000d3a1abe26}" behavior="0" />
      <RootComponent type="29" id="{be3e8c42-cf09-ec11-b6e6-000d3a9c5165}" behavior="0" />
      <RootComponent type="29" id="{e2efe137-4304-ec11-94ef-0022481de3bc}" behavior="0" />
      <RootComponent type="29" id="{f2536a22-fc30-ec11-b6e5-00224826d291}" behavior="0" />
      <RootComponent type="29" id="{fd15d021-181b-ec11-b6e6-002248279915}" behavior="0" />
      <RootComponent type="61" schemaName="cat_/images/aa4pp.png" behavior="0" />
      <RootComponent type="61" schemaName="cat_/images/checklist.svg" behavior="0" />
      <RootComponent type="61" schemaName="cat_/images/deploymentprofile.svg" behavior="0" />
      <RootComponent type="61" schemaName="cat_/images/deploymentusersettings.svg" behavior="0" />
      <RootComponent type="62" schemaName="cat_DeploymentProfiles" behavior="0" />
      <RootComponent type="80" schemaName="cat_DeploymentProfiles" behavior="0" />
      <RootComponent type="300" schemaName="cat_poweropsdevopsedition_7f3f4" behavior="0" />
      <RootComponent type="372" id="{37284777-a05f-4680-b0f9-1eb13e90fc71}" schemaName="cat_5Fcustomazuredevops" behavior="0" />
    </RootComponents>
    <MissingDependencies />
  </SolutionManifest>
</ImportExportXml>