<environmentvariabledefinition schemaname="cat_OrgName">
  <defaultvalue>SLAOUIORG</defaultvalue>
  <description default="Github Organisation name where Repo will be created">
    <label description="Github Organisation name where Repo will be created" languagecode="1033" />
  </description>
  <displayname default="OrgName">
    <label description="OrgName" languagecode="1033" />
  </displayname>
  <introducedversion>1.0.0.76</introducedversion>
  <iscustomizable>1</iscustomizable>
  <isrequired>0</isrequired>
  <type>100000000</type>
</environmentvariabledefinition>