<environmentvariabledefinition schemaname="cat_TemplateRepoName">
  <defaultvalue>poweralm/repotemplate</defaultvalue>
  <description default="This contains name of template repo which contains workflow files">
    <label description="This contains name of template repo which contains workflow files" languagecode="1033" />
  </description>
  <displayname default="Template Repo Name">
    <label description="Template Repo Name" languagecode="1033" />
  </displayname>
  <introducedversion>1.0.0.76</introducedversion>
  <iscustomizable>1</iscustomizable>
  <isrequired>0</isrequired>
  <type>100000000</type>
</environmentvariabledefinition>