<environmentvariabledefinition schemaname="admin_TimeIntervalUnit">
  <defaultvalue>Hour</defaultvalue>
  <description default="Specify the units for the chunks of time to fetch. Default is Hour, (for 1 hour). Options are those of the Add to time action's Time Unit Parameter">
    <label description="Specify the units for the chunks of time to fetch. Default is Hour, (for 1 hour). Options are those of the Add to time action's Time Unit Parameter" languagecode="1033" />
  </description>
  <displayname default="TimeInterval-Unit">
    <label description="TimeInterval-Unit" languagecode="1033" />
  </displayname>
  <introducedversion>1.3.9</introducedversion>
  <iscustomizable>1</iscustomizable>
  <isrequired>0</isrequired>
  <type>100000000</type>
</environmentvariabledefinition>