{
  "properties": {
    "connectionReferences": {
      "shared_sharepointonline": {
        "runtimeSource": "invoker",
        "connection": {
          "connectionReferenceLogicalName": "stj_sharedsharepointonline_b1c27"
        },
        "api": {
          "name": "shared_sharepointonline"
        }
      },
      "shared_flowpush": {
        "runtimeSource": "invoker",
        "connection": {
          "connectionReferenceLogicalName": "stj_sharedflowpush_e3345"
        },
        "api": {
          "name": "shared_flowpush"
        }
      }
    },
    "definition": {
      "$schema": "https://schema.management.azure.com/providers/Microsoft.Logic/schemas/2016-06-01/workflowdefinition.json#",
      "contentVersion": "1.0.0.0",
      "parameters": {
        "$connections": {
          "defaultValue": {},
          "type": "Object"
        },
        "$authentication": {
          "defaultValue": {},
          "type": "SecureObject"
        }
      },
      "triggers": {
        "manual": {
          "metadata": {
            "operationMetadataId": "505febbb-7fa5-4802-a341-f75edd713168"
          },
          "type": "Request",
          "kind": "Button",
          "inputs": {
            "schema": {
              "type": "object",
              "properties": {},
              "required": []
            }
          }
        }
      },
      "actions": {
        "Get_items": {
          "runAfter": {},
          "metadata": {
            "operationMetadataId": "7955f2be-ed21-4ed3-b9fa-5973db0a5ac7"
          },
          "type": "OpenApiConnection",
          "inputs": {
            "host": {
              "connectionName": "shared_sharepointonline",
              "operationId": "GetItems",
              "apiId": "/providers/Microsoft.PowerApps/apis/shared_sharepointonline"
            },
            "parameters": {
              "dataset": "https://stijnjanssen.sharepoint.com/",
              "table": "5ee39d79-6408-486b-a3da-77acd3d3e37c",
              "$filter": "Title eq 'Nieuwe vlucht'"
            },
            "authentication": {
              "type": "Raw",
              "value": "@json(decodeBase64(triggerOutputs().headers['X-MS-APIM-Tokens']))['$ConnectionKey']"
            }
          },
          "description": "ODATA Cheatsheet:  https://skyvia.com/blog/odata-cheat-sheet"
        },
        "Apply_to_each": {
          "foreach": "@outputs('Get_items')?['body/value']",
          "actions": {
            "Send_me_an_email_notification": {
              "runAfter": {},
              "metadata": {
                "operationMetadataId": "17ac089c-3506-4f8d-b87e-038240ce2942"
              },
              "type": "OpenApiConnection",
              "inputs": {
                "host": {
                  "connectionName": "shared_flowpush",
                  "operationId": "SendEmailNotification",
                  "apiId": "/providers/Microsoft.PowerApps/apis/shared_flowpush"
                },
                "parameters": {
                  "NotificationEmailDefinition/notificationSubject": "Sharepoint item opgezocht",
                  "NotificationEmailDefinition/notificationBody": "Met als title: @{items('Apply_to_each')?['Title']}"
                },
                "authentication": {
                  "type": "Raw",
                  "value": "@json(decodeBase64(triggerOutputs().headers['X-MS-APIM-Tokens']))['$ConnectionKey']"
                }
              }
            }
          },
          "runAfter": {
            "Get_items": [
              "Succeeded"
            ]
          },
          "metadata": {
            "operationMetadataId": "3ee25036-bcb2-4e36-bf4d-c4f27ad9ad94"
          },
          "type": "Foreach"
        }
      }
    }
  },
  "schemaVersion": "1.0.0.0"
}