{
  "properties": {
    "connectionReferences": {
      "shared_sharepointonline": {
        "runtimeSource": "invoker",
        "connection": {
          "connectionReferenceLogicalName": "stj_sharedsharepointonline_b1c27"
        },
        "api": {
          "name": "shared_sharepointonline"
        }
      },
      "shared_flowpush": {
        "runtimeSource": "invoker",
        "connection": {
          "connectionReferenceLogicalName": "stj_sharedflowpush_e3345"
        },
        "api": {
          "name": "shared_flowpush"
        }
      }
    },
    "definition": {
      "$schema": "https://schema.management.azure.com/providers/Microsoft.Logic/schemas/2016-06-01/workflowdefinition.json#",
      "contentVersion": "1.0.0.0",
      "parameters": {
        "$connections": {
          "defaultValue": {},
          "type": "Object"
        },
        "$authentication": {
          "defaultValue": {},
          "type": "SecureObject"
        }
      },
      "triggers": {
        "manual": {
          "metadata": {
            "operationMetadataId": "4f3e9e8d-85ae-4080-b189-fa5570335416"
          },
          "type": "Request",
          "kind": "Button",
          "inputs": {
            "schema": {
              "type": "object",
              "properties": {},
              "required": []
            }
          }
        }
      },
      "actions": {
        "Get_items": {
          "runAfter": {},
          "metadata": {
            "operationMetadataId": "7cb3a338-bcb8-4c90-af93-e901f9c5b42b"
          },
          "type": "OpenApiConnection",
          "inputs": {
            "host": {
              "connectionName": "shared_sharepointonline",
              "operationId": "GetItems",
              "apiId": "/providers/Microsoft.PowerApps/apis/shared_sharepointonline"
            },
            "parameters": {
              "dataset": "https://stijnjanssen.sharepoint.com/",
              "table": "5ee39d79-6408-486b-a3da-77acd3d3e37c"
            },
            "authentication": {
              "type": "Raw",
              "value": "@json(decodeBase64(triggerOutputs().headers['X-MS-APIM-Tokens']))['$ConnectionKey']"
            }
          }
        },
        "Apply_to_each": {
          "foreach": "@outputs('Get_items')?['body/value']",
          "actions": {
            "Condition": {
              "actions": {
                "Send_me_an_email_notification": {
                  "runAfter": {},
                  "metadata": {
                    "operationMetadataId": "f614efb0-6f90-42df-835c-5222e45492ce"
                  },
                  "type": "OpenApiConnection",
                  "inputs": {
                    "host": {
                      "connectionName": "shared_flowpush",
                      "operationId": "SendEmailNotification",
                      "apiId": "/providers/Microsoft.PowerApps/apis/shared_flowpush"
                    },
                    "parameters": {
                      "NotificationEmailDefinition/notificationSubject": "Sharepoint item gevonden",
                      "NotificationEmailDefinition/notificationBody": "Met als title: @{items('Apply_to_each')?['Title']}"
                    },
                    "authentication": {
                      "type": "Raw",
                      "value": "@json(decodeBase64(triggerOutputs().headers['X-MS-APIM-Tokens']))['$ConnectionKey']"
                    }
                  }
                }
              },
              "runAfter": {},
              "expression": {
                "equals": [
                  "@items('Apply_to_each')?['Title']",
                  "Nieuwe vlucht"
                ]
              },
              "metadata": {
                "operationMetadataId": "2c02d87e-502b-41d1-b597-eeeed40276d4"
              },
              "type": "If"
            }
          },
          "runAfter": {
            "Get_items": [
              "Succeeded"
            ]
          },
          "metadata": {
            "operationMetadataId": "8620eb3c-7867-4419-8f81-24e737b21876"
          },
          "type": "Foreach"
        }
      }
    }
  },
  "schemaVersion": "1.0.0.0"
}