{
  "properties": {
    "connectionReferences": {
      "shared_sharepointonline": {
        "runtimeSource": "embedded",
        "connection": {
          "connectionReferenceLogicalName": "stj_sharedsharepointonline_b1c27"
        },
        "api": {
          "name": "shared_sharepointonline"
        }
      },
      "shared_office365": {
        "runtimeSource": "embedded",
        "connection": {
          "connectionReferenceLogicalName": "bc_sharedoffice365_4b3d1"
        },
        "api": {
          "name": "shared_office365"
        }
      }
    },
    "definition": {
      "$schema": "https://schema.management.azure.com/providers/Microsoft.Logic/schemas/2016-06-01/workflowdefinition.json#",
      "contentVersion": "1.0.0.0",
      "parameters": {
        "$connections": {
          "defaultValue": {},
          "type": "Object"
        },
        "$authentication": {
          "defaultValue": {},
          "type": "SecureObject"
        }
      },
      "triggers": {
        "When_an_item_is_created": {
          "recurrence": {
            "interval": 1,
            "frequency": "Minute"
          },
          "splitOn": "@triggerOutputs()?['body/value']",
          "metadata": {
            "operationMetadataId": "b4e56fdb-2a33-4120-ba14-5b1b4ebf36b6"
          },
          "type": "OpenApiConnection",
          "inputs": {
            "host": {
              "connectionName": "shared_sharepointonline",
              "operationId": "GetOnNewItems",
              "apiId": "/providers/Microsoft.PowerApps/apis/shared_sharepointonline"
            },
            "parameters": {
              "dataset": "https://stijnjanssen.sharepoint.com/sites/VoorbeeldSite",
              "table": "0e0342f2-009a-4fcf-95af-dbe1ac5e5db5"
            },
            "authentication": "@parameters('$authentication')"
          }
        }
      },
      "actions": {
        "Get_attachments": {
          "runAfter": {
            "Delay": [
              "Succeeded"
            ]
          },
          "metadata": {
            "operationMetadataId": "2f778f4b-ed77-4018-b65e-315c28e4b73f"
          },
          "type": "OpenApiConnection",
          "inputs": {
            "host": {
              "connectionName": "shared_sharepointonline",
              "operationId": "GetItemAttachments",
              "apiId": "/providers/Microsoft.PowerApps/apis/shared_sharepointonline"
            },
            "parameters": {
              "dataset": "https://stijnjanssen.sharepoint.com/sites/VoorbeeldSite",
              "table": "0e0342f2-009a-4fcf-95af-dbe1ac5e5db5",
              "itemId": "@triggerOutputs()?['body/ID']"
            },
            "authentication": "@parameters('$authentication')"
          }
        },
        "Apply_to_each": {
          "foreach": "@body('Get_attachments')",
          "actions": {
            "Get_file_content_using_path": {
              "runAfter": {},
              "metadata": {
                "operationMetadataId": "65674f6e-309d-4ff5-a72c-1f761a917ed1"
              },
              "type": "OpenApiConnection",
              "inputs": {
                "host": {
                  "connectionName": "shared_sharepointonline",
                  "operationId": "GetFileContentByPath",
                  "apiId": "/providers/Microsoft.PowerApps/apis/shared_sharepointonline"
                },
                "parameters": {
                  "dataset": "https://stijnjanssen.sharepoint.com/sites/VoorbeeldSite",
                  "path": "@item()?['AbsoluteUri']",
                  "inferContentType": true
                },
                "authentication": "@parameters('$authentication')"
              }
            },
            "Send_an_email_(V2)": {
              "runAfter": {
                "Get_file_content_using_path": [
                  "Succeeded"
                ]
              },
              "metadata": {
                "operationMetadataId": "fdb2862b-5953-4911-b663-bb2507f6c771"
              },
              "type": "OpenApiConnection",
              "inputs": {
                "host": {
                  "connectionName": "shared_office365",
                  "operationId": "SendEmailV2",
                  "apiId": "/providers/Microsoft.PowerApps/apis/shared_office365"
                },
                "parameters": {
                  "emailMessage/To": "info@stijnjanssen.nl",
                  "emailMessage/Subject": "Er is een nieuwe afbeelding in Sharepoint gezet",
                  "emailMessage/Body": "<p>Zie bijlage voor de inhoud.<br>\n<br>\nLet op of het lukt i.v.m. uploadtijd van de file.</p>",
                  "emailMessage/Attachments": [
                    {
                      "Name": "@item()?['DisplayName']",
                      "ContentBytes": "@body('Get_file_content_using_path')"
                    }
                  ]
                },
                "authentication": "@parameters('$authentication')"
              }
            }
          },
          "runAfter": {
            "Get_attachments": [
              "Succeeded"
            ]
          },
          "metadata": {
            "operationMetadataId": "81eb666d-29b8-4dac-bb61-ce79c12e2508"
          },
          "type": "Foreach"
        },
        "Delay": {
          "runAfter": {},
          "metadata": {
            "operationMetadataId": "429c395f-7796-4c4f-b4a8-ca5110c6d0b1"
          },
          "type": "Wait",
          "inputs": {
            "interval": {
              "count": 5,
              "unit": "Minute"
            }
          },
          "description": "Deze vertraging is ingebouwd om eventueel grote file upload naar Sharepoint af te wachten."
        }
      }
    }
  },
  "schemaVersion": "1.0.0.0"
}