{
  "properties": {
    "connectionReferences": {
      "shared_office365": {
        "runtimeSource": "embedded",
        "connection": {},
        "api": {
          "name": "shared_office365"
        }
      },
      "shared_flowpush": {
        "runtimeSource": "embedded",
        "connection": {},
        "api": {
          "name": "shared_flowpush"
        }
      }
    },
    "definition": {
      "$schema": "https://schema.management.azure.com/providers/Microsoft.Logic/schemas/2016-06-01/workflowdefinition.json#",
      "contentVersion": "1.0.0.0",
      "parameters": {
        "$connections": {
          "defaultValue": {},
          "type": "Object"
        },
        "$authentication": {
          "defaultValue": {},
          "type": "SecureObject"
        }
      },
      "triggers": {
        "Server_verzoek_naar_SpaceX_API": {
          "recurrence": {
            "interval": 1,
            "frequency": "Minute"
          },
          "metadata": {
            "operationMetadataId": "65f59c7a-da18-4a1e-9388-28d88af5d0ae"
          },
          "type": "Http",
          "inputs": {
            "method": "GET",
            "uri": "https://api.spacexdata.com/v2/launches/"
          }
        }
      },
      "actions": {
        "Try": {
          "actions": {
            "Belangrijke_server_aanroep,_maar_URL_bestaat_niet": {
              "runAfter": {},
              "metadata": {
                "operationMetadataId": "d98a0b0f-6e71-4e6a-a56c-d49506ba5fad"
              },
              "type": "Http",
              "inputs": {
                "method": "GET",
                "uri": "https://www.nietbestaandeURL.nl"
              }
            }
          },
          "runAfter": {
            "Verwerken_API_gegevens_om_te_kunnen_gebruiken": [
              "Succeeded"
            ]
          },
          "metadata": {
            "operationMetadataId": "a01fcb58-378d-4e43-bbc9-182e214c0cdb"
          },
          "type": "Scope"
        },
        "Catch": {
          "actions": {
            "Send_an_email_(V2)": {
              "runAfter": {},
              "metadata": {
                "operationMetadataId": "ac6bf563-3767-4727-b2d2-86d498f2cfa1"
              },
              "type": "OpenApiConnection",
              "inputs": {
                "host": {
                  "connectionName": "shared_office365",
                  "operationId": "SendEmailV2",
                  "apiId": "/providers/Microsoft.PowerApps/apis/shared_office365"
                },
                "parameters": {
                  "emailMessage/To": "info@stijnjanssen.nl",
                  "emailMessage/Subject": "Let op: versturen server bericht niet gelukt",
                  "emailMessage/Body": "<p>En dat om: @{utcNow()}</p>"
                },
                "authentication": "@parameters('$authentication')"
              }
            }
          },
          "runAfter": {
            "Try": [
              "Failed",
              "TimedOut",
              "Skipped"
            ]
          },
          "metadata": {
            "operationMetadataId": "7fbfe145-d118-434e-b9c2-fd9f43a52a57"
          },
          "type": "Scope"
        },
        "Finally": {
          "actions": {
            "Send_me_a_mobile_notification": {
              "runAfter": {},
              "metadata": {
                "operationMetadataId": "edebd2b5-3648-4078-91b7-1a9a5805cd54"
              },
              "type": "OpenApiConnection",
              "inputs": {
                "host": {
                  "connectionName": "shared_flowpush",
                  "operationId": "SendNotification",
                  "apiId": "/providers/Microsoft.PowerApps/apis/shared_flowpush"
                },
                "parameters": {
                  "NotificationDefinition/notificationText": "Klaar hoor, alles even afronden en opruimen"
                },
                "authentication": "@parameters('$authentication')"
              }
            }
          },
          "runAfter": {
            "Catch": [
              "Succeeded",
              "Failed",
              "Skipped",
              "TimedOut"
            ]
          },
          "metadata": {
            "operationMetadataId": "8d491954-19dd-495f-87c3-b5afcfc63be1"
          },
          "type": "Scope"
        },
        "Verwerken_API_gegevens_om_te_kunnen_gebruiken": {
          "runAfter": {},
          "metadata": {
            "operationMetadataId": "6c9b3360-6fa0-48b0-a24e-878603589bb0"
          },
          "type": "ParseJson",
          "inputs": {
            "content": "@triggerBody()",
            "schema": {
              "type": "array",
              "items": {
                "type": "object",
                "properties": {
                  "flight_number": {
                    "type": "integer"
                  },
                  "mission_name": {
                    "type": "string"
                  },
                  "mission_id": {
                    "type": "array"
                  },
                  "upcoming": {
                    "type": "boolean"
                  },
                  "launch_year": {
                    "type": "string"
                  },
                  "launch_date_unix": {
                    "type": "integer"
                  },
                  "launch_date_utc": {
                    "type": "string"
                  },
                  "launch_date_local": {
                    "type": "string"
                  },
                  "is_tentative": {
                    "type": "boolean"
                  },
                  "tentative_max_precision": {
                    "type": "string"
                  },
                  "tbd": {
                    "type": "boolean"
                  },
                  "launch_window": {
                    "type": "integer"
                  },
                  "rocket": {
                    "type": "object",
                    "properties": {
                      "rocket_id": {
                        "type": "string"
                      },
                      "rocket_name": {
                        "type": "string"
                      },
                      "rocket_type": {
                        "type": "string"
                      },
                      "first_stage": {
                        "type": "object",
                        "properties": {
                          "cores": {
                            "type": "array",
                            "items": {
                              "type": "object",
                              "properties": {
                                "core_serial": {
                                  "type": "string"
                                },
                                "flight": {
                                  "type": "integer"
                                },
                                "block": {},
                                "gridfins": {
                                  "type": "boolean"
                                },
                                "legs": {
                                  "type": "boolean"
                                },
                                "reused": {
                                  "type": "boolean"
                                },
                                "land_success": {},
                                "landing_intent": {
                                  "type": "boolean"
                                },
                                "landing_type": {},
                                "landing_vehicle": {}
                              },
                              "required": [
                                "core_serial",
                                "flight",
                                "block",
                                "gridfins",
                                "legs",
                                "reused",
                                "land_success",
                                "landing_intent",
                                "landing_type",
                                "landing_vehicle"
                              ]
                            }
                          }
                        }
                      },
                      "second_stage": {
                        "type": "object",
                        "properties": {
                          "block": {
                            "type": "integer"
                          },
                          "payloads": {
                            "type": "array",
                            "items": {
                              "type": "object",
                              "properties": {
                                "payload_id": {
                                  "type": "string"
                                },
                                "norad_id": {
                                  "type": "array"
                                },
                                "reused": {
                                  "type": "boolean"
                                },
                                "customers": {
                                  "type": "array",
                                  "items": {
                                    "type": "string"
                                  }
                                },
                                "nationality": {
                                  "type": "string"
                                },
                                "manufacturer": {
                                  "type": "string"
                                },
                                "payload_type": {
                                  "type": "string"
                                },
                                "payload_mass_kg": {
                                  "type": "integer"
                                },
                                "payload_mass_lbs": {
                                  "type": "integer"
                                },
                                "orbit": {
                                  "type": "string"
                                },
                                "orbit_params": {
                                  "type": "object",
                                  "properties": {
                                    "reference_system": {
                                      "type": "string"
                                    },
                                    "regime": {
                                      "type": "string"
                                    },
                                    "longitude": {},
                                    "semi_major_axis_km": {},
                                    "eccentricity": {},
                                    "periapsis_km": {
                                      "type": "integer"
                                    },
                                    "apoapsis_km": {
                                      "type": "integer"
                                    },
                                    "inclination_deg": {
                                      "type": "integer"
                                    },
                                    "period_min": {},
                                    "lifespan_years": {},
                                    "epoch": {},
                                    "mean_motion": {},
                                    "raan": {},
                                    "arg_of_pericenter": {},
                                    "mean_anomaly": {}
                                  }
                                }
                              },
                              "required": [
                                "payload_id",
                                "norad_id",
                                "reused",
                                "customers",
                                "nationality",
                                "manufacturer",
                                "payload_type",
                                "payload_mass_kg",
                                "payload_mass_lbs",
                                "orbit",
                                "orbit_params"
                              ]
                            }
                          }
                        }
                      },
                      "fairings": {
                        "type": "object",
                        "properties": {
                          "reused": {
                            "type": "boolean"
                          },
                          "recovery_attempt": {
                            "type": "boolean"
                          },
                          "recovered": {
                            "type": "boolean"
                          },
                          "ship": {}
                        }
                      }
                    }
                  },
                  "ships": {
                    "type": "array"
                  },
                  "telemetry": {
                    "type": "object",
                    "properties": {
                      "flight_club": {}
                    }
                  },
                  "reuse": {
                    "type": "object",
                    "properties": {
                      "core": {
                        "type": "boolean"
                      },
                      "side_core1": {
                        "type": "boolean"
                      },
                      "side_core2": {
                        "type": "boolean"
                      },
                      "fairings": {
                        "type": "boolean"
                      },
                      "capsule": {
                        "type": "boolean"
                      }
                    }
                  },
                  "launch_site": {
                    "type": "object",
                    "properties": {
                      "site_id": {
                        "type": "string"
                      },
                      "site_name": {
                        "type": "string"
                      },
                      "site_name_long": {
                        "type": "string"
                      }
                    }
                  },
                  "launch_success": {
                    "type": "boolean"
                  },
                  "launch_failure_details": {
                    "type": "object",
                    "properties": {
                      "time": {
                        "type": "integer"
                      },
                      "altitude": {},
                      "reason": {
                        "type": "string"
                      }
                    }
                  },
                  "links": {
                    "type": "object",
                    "properties": {
                      "mission_patch": {
                        "type": "string"
                      },
                      "mission_patch_small": {
                        "type": "string"
                      },
                      "reddit_campaign": {},
                      "reddit_launch": {},
                      "reddit_recovery": {},
                      "reddit_media": {},
                      "presskit": {},
                      "article_link": {
                        "type": "string"
                      },
                      "wikipedia": {
                        "type": "string"
                      },
                      "video_link": {
                        "type": "string"
                      },
                      "youtube_id": {
                        "type": "string"
                      },
                      "flickr_images": {
                        "type": "array"
                      }
                    }
                  },
                  "details": {
                    "type": "string"
                  },
                  "static_fire_date_utc": {
                    "type": "string"
                  },
                  "static_fire_date_unix": {
                    "type": "integer"
                  },
                  "timeline": {
                    "type": "object",
                    "properties": {
                      "webcast_liftoff": {
                        "type": "integer"
                      }
                    }
                  },
                  "crew": {},
                  "last_date_update": {
                    "type": "string"
                  },
                  "last_ll_launch_date": {
                    "type": "string"
                  },
                  "last_ll_update": {
                    "type": "string"
                  },
                  "last_wiki_launch_date": {
                    "type": "string"
                  },
                  "last_wiki_revision": {
                    "type": "string"
                  },
                  "last_wiki_update": {
                    "type": "string"
                  },
                  "launch_date_source": {
                    "type": "string"
                  }
                },
                "required": [
                  "flight_number",
                  "mission_name",
                  "mission_id",
                  "upcoming",
                  "launch_year",
                  "launch_date_unix",
                  "launch_date_utc",
                  "launch_date_local",
                  "is_tentative",
                  "tentative_max_precision",
                  "tbd",
                  "launch_window",
                  "rocket",
                  "ships",
                  "telemetry",
                  "reuse",
                  "launch_site",
                  "launch_success",
                  "links",
                  "details",
                  "static_fire_date_utc",
                  "static_fire_date_unix",
                  "timeline",
                  "crew"
                ]
              }
            }
          }
        }
      },
      "outputs": {}
    }
  },
  "schemaVersion": "1.0.0.0"
}