{"properties":{"connectionReferences":{"shared_commondataserviceforapps_1":{"impersonation":{},"runtimeSource":"embedded","connection":{"connectionReferenceLogicalName":"admin_CoECoreDataverse"},"api":{"name":"shared_commondataserviceforapps"}},"shared_commondataservice":{"runtimeSource":"embedded","connection":{"connectionReferenceLogicalName":"admin_CoECoreDataverseLegacy"},"api":{"name":"shared_commondataservice"}}},"definition":{"$schema":"https://schema.management.azure.com/providers/Microsoft.Logic/schemas/2016-06-01/workflowdefinition.json#","contentVersion":"1.0.0.0","parameters":{"$connections":{"defaultValue":{},"type":"Object"},"$authentication":{"defaultValue":{},"type":"SecureObject"},"Power Automate Environment Variable":{"defaultValue":"https://us.flow.microsoft.com/manage/environments/","type":"String","metadata":{"schemaName":"admin_PowerAutomateEnvironmentVariable","description":"Environment, including geographic location, for Power Automate - Ex for US: https://us.flow.microsoft.com/manage/environments/"}}},"triggers":{"Recurrence":{"recurrence":{"frequency":"Day","interval":1},"metadata":{"operationMetadataId":"d576f37b-7535-4ffa-9342-a24080928f44"},"type":"Recurrence"}},"actions":{"Get_RPA_Sessions":{"actions":{"Apply_to_each_environment":{"foreach":"@outputs('List_Environments_from_CoE')?['body/value']","actions":{"Apply_to_each_session":{"foreach":"@outputs('List_RPA_Flow_Sessions')?['body/value']","actions":{"Add_RPA_Session_Record":{"runAfter":{"Update_RPA_Session_Record":["Failed"]},"metadata":{"operationMetadataId":"826d6e49-6a86-474e-8b2c-b9b2bc6a0e7a"},"type":"OpenApiConnection","inputs":{"host":{"apiId":"/providers/Microsoft.PowerApps/apis/shared_commondataserviceforapps","connectionName":"shared_commondataserviceforapps_1","operationId":"CreateRecord"},"parameters":{"entityName":"admin_rpasessionses","item/admin_name":"@items('Apply_to_each_session')?['flowsessionid']","item/admin_completedon":"@items('Apply_to_each_session')?['completedon']","item/admin_errorcode":"@items('Apply_to_each_session')?['errorcode']","item/admin_errormessage":"@items('Apply_to_each_session')?['errormessage']","item/admin_RPA@odata.bind":"admin_rpas(@{items('Apply_to_each_session')?['_regardingobjectid_value']})","item/admin_rpasessionsid":"@items('Apply_to_each_session')?['flowsessionid']","item/admin_RunTriggeredBy@odata.bind":"admin_powerplatformusers(@{outputs('Get_Azure_ID')})","item/admin_startedon":"@items('Apply_to_each_session')?['startedon']"},"retryPolicy":{"type":"exponential","count":10,"interval":"PT10S"},"authentication":"@parameters('$authentication')"}},"Get_Azure_ID":{"runAfter":{"Get_user_that_triggered_from_User_table":["Succeeded"]},"metadata":{"operationMetadataId":"5c92f8dd-f727-4094-96c5-f38c677f535b"},"type":"Compose","inputs":"@outputs('Get_user_that_triggered_from_User_table')?['body/azureactivedirectoryobjectid']"},"Get_user_that_triggered_from_User_table":{"runAfter":{},"metadata":{"operationMetadataId":"aad48434-c381-4c1a-adc2-dcff1d81fc48"},"type":"OpenApiConnection","inputs":{"host":{"apiId":"/providers/Microsoft.PowerApps/apis/shared_commondataservice","connectionName":"shared_commondataservice","operationId":"GetItem_V2"},"parameters":{"dataset":"@items('Apply_to_each_environment')?['admin_environmentcdsmetadataname']","table":"systemusers","id":"@items('Apply_to_each_session')['_createdby_value']"},"retryPolicy":{"type":"exponential","count":10,"interval":"PT10S"},"authentication":"@parameters('$authentication')"}},"If_had_an_azure_id,_make_sure_user_already_a_power_platform_user":{"actions":{"Validate_already_in_Power_Platform_Users":{"runAfter":{},"metadata":{"operationMetadataId":"b8d3c099-f045-470f-ad9d-710fe8ccdfb8"},"type":"OpenApiConnection","inputs":{"host":{"apiId":"/providers/Microsoft.PowerApps/apis/shared_commondataserviceforapps","connectionName":"shared_commondataserviceforapps_1","operationId":"GetItem"},"parameters":{"entityName":"admin_powerplatformusers","recordId":"@outputs('Get_Azure_ID')","$select":"admin_powerplatformuserid"},"retryPolicy":{"type":"exponential","count":10,"interval":"PT10S"},"authentication":"@parameters('$authentication')"}},"if_not_then_add":{"runAfter":{"Validate_already_in_Power_Platform_Users":["Failed"]},"metadata":{"operationMetadataId":"f5a59856-ac39-4293-9cc5-df06c58ad474"},"type":"OpenApiConnection","inputs":{"host":{"apiId":"/providers/Microsoft.PowerApps/apis/shared_commondataserviceforapps","connectionName":"shared_commondataserviceforapps_1","operationId":"CreateRecord"},"parameters":{"entityName":"admin_powerplatformusers","item/admin_displayname":"@outputs('Get_user_that_triggered_from_User_table')?['body/fullname']","item/admin_groupsize":1,"item/admin_powerplatformuserid":"@outputs('Get_Azure_ID')","item/admin_type":"User","item/admin_userprincipalname":"@outputs('Get_user_that_triggered_from_User_table')?['body/internalemailaddress']"},"retryPolicy":{"type":"exponential","count":10,"interval":"PT10S"},"authentication":"@parameters('$authentication')"}}},"runAfter":{"Get_Azure_ID":["Succeeded"]},"expression":{"not":{"equals":["@outputs('Get_Azure_ID')","@null"]}},"metadata":{"operationMetadataId":"36d56709-06f9-463e-922b-8d5e71a7cf4f"},"type":"If"},"Update_RPA_Session_Record":{"runAfter":{"If_had_an_azure_id,_make_sure_user_already_a_power_platform_user":["Succeeded"]},"metadata":{"operationMetadataId":"33ddf315-fcf8-4e85-a263-26cac58d15be"},"type":"OpenApiConnection","inputs":{"host":{"apiId":"/providers/Microsoft.PowerApps/apis/shared_commondataserviceforapps","connectionName":"shared_commondataserviceforapps_1","operationId":"UpdateRecord"},"parameters":{"entityName":"admin_rpasessionses","recordId":"@items('Apply_to_each_session')?['flowsessionid']","item/admin_name":"@items('Apply_to_each_session')?['flowsessionid']","item/admin_completedon":"@items('Apply_to_each_session')?['completedon']","item/admin_errorcode":"@items('Apply_to_each_session')?['errorcode']","item/admin_errormessage":"@items('Apply_to_each_session')?['errormessage']","item/admin_RPA@odata.bind":"admin_rpas(@{items('Apply_to_each_session')?['_regardingobjectid_value']})","item/admin_RunTriggeredBy@odata.bind":"admin_powerplatformusers(@{outputs('Get_Azure_ID')})","item/admin_startedon":"@items('Apply_to_each_session')?['startedon']"},"retryPolicy":{"type":"exponential","count":10,"interval":"PT10S"},"authentication":"@parameters('$authentication')"}}},"runAfter":{"Catch_Org_not_found":["Skipped"]},"metadata":{"operationMetadataId":"e441757c-77cf-4cee-aea7-2dd9d6dd04cd"},"type":"Foreach"},"Catch_Org_not_found":{"runAfter":{"List_RPA_Flow_Sessions":["Failed","TimedOut"]},"metadata":{"operationMetadataId":"579c703f-4482-4f42-ba13-f6c1cfc007bd"},"type":"Compose","inputs":"Org not found, continue loop"},"List_RPA_Flow_Sessions":{"runAfter":{},"metadata":{"operationMetadataId":"083cd9f4-7141-4d88-b081-89612b07d79b"},"type":"OpenApiConnection","inputs":{"host":{"apiId":"/providers/Microsoft.PowerApps/apis/shared_commondataservice","connectionName":"shared_commondataservice","operationId":"GetItems_V2"},"parameters":{"dataset":"@items('Apply_to_each_environment')?['admin_environmentcdsmetadataname']","table":"flowsessions","$filter":"createdon gt @{addDays(utcNow(), -2)}"},"authentication":"@parameters('$authentication')"},"runtimeConfiguration":{"paginationPolicy":{"minimumItemCount":100000}}}},"runAfter":{"List_Environments_from_CoE":["Succeeded"]},"metadata":{"operationMetadataId":"59ba5948-2f07-4922-b88c-5f7efb69da84"},"type":"Foreach"},"List_Environments_from_CoE":{"runAfter":{},"metadata":{"operationMetadataId":"2262a257-838f-44a7-917f-8a54676a5dac"},"type":"OpenApiConnection","inputs":{"host":{"apiId":"/providers/Microsoft.PowerApps/apis/shared_commondataserviceforapps","connectionName":"shared_commondataserviceforapps_1","operationId":"ListRecords"},"parameters":{"entityName":"admin_environments","$select":"admin_environmentcdsmetadataname","$filter":"admin_environmentdeleted eq false"},"authentication":"@parameters('$authentication')"},"runtimeConfiguration":{"paginationPolicy":{"minimumItemCount":100000}}}},"runAfter":{"Initialize_Flow_Environment_variable":["Succeeded"]},"metadata":{"operationMetadataId":"bc9837c5-7dd6-4ec6-8170-9dfca182071c"},"type":"Scope"},"Get_RPA_Sessions_fails_-_Error_Handling":{"actions":{"Create_new_Sync_Flow_Error":{"runAfter":{},"metadata":{"operationMetadataId":"c5adb591-4d37-4fb6-b8e1-f24b605b51ee"},"type":"OpenApiConnection","inputs":{"host":{"apiId":"/providers/Microsoft.PowerApps/apis/shared_commondataserviceforapps","connectionName":"shared_commondataserviceforapps_1","operationId":"CreateRecord"},"parameters":{"entityName":"admin_syncflowerrorses","item/admin_name":"Admin | Sync Template v3 (Desktop flow runs)","item/admin_flowinstanceurl":"@concat(variables('flowEnvironment'), workflow()?['tags']['environmentName'], '/flows/', workflow()?['name'], '/runs/', workflow()?['run']['name'])"},"retryPolicy":{"type":"exponential","count":10,"interval":"PT10S"},"authentication":"@parameters('$authentication')"}},"Terminate":{"runAfter":{"Create_new_Sync_Flow_Error":["Succeeded"]},"metadata":{"operationMetadataId":"a55c358e-0189-4fa4-b228-9f9d43249b2a"},"type":"Terminate","inputs":{"runStatus":"Failed","runError":{"code":"500","message":"Desktop Flow Runs failed"}}}},"runAfter":{"Get_RPA_Sessions":["Failed"]},"metadata":{"operationMetadataId":"f1c094d9-33db-478c-aa91-068892fa8d11"},"type":"Scope"},"Initialize_Flow_Environment_variable":{"runAfter":{"Initialize_today_variable":["Succeeded"]},"metadata":{"operationMetadataId":"3c848ea9-74cd-422a-a676-695c01cdbf3d"},"type":"InitializeVariable","inputs":{"variables":[{"name":"flowEnvironment","type":"string","value":"@parameters('Power Automate Environment Variable')"}]},"description":"Environment location specific Flow URL - remember / at the end"},"Initialize_today_variable":{"runAfter":{},"metadata":{"operationMetadataId":"37475e4e-6ac2-486a-a1bf-8856ab9ac197"},"type":"InitializeVariable","inputs":{"variables":[{"name":"today","type":"string","value":"@{utcNow()}"}]},"description":"Used to identify the 'Record Modified' field on all resource entities"}},"outputs":{}}},"schemaVersion":"1.0.0.0"}