{"properties":{"connectionReferences":{"shared_commondataserviceforapps_1":{"runtimeSource":"embedded","connection":{"connectionReferenceLogicalName":"admin_CoECoreDataverse"},"api":{"name":"shared_commondataserviceforapps"}}},"definition":{"$schema":"https://schema.management.azure.com/providers/Microsoft.Logic/schemas/2016-06-01/workflowdefinition.json#","contentVersion":"1.0.0.0","parameters":{"$connections":{"defaultValue":{},"type":"Object"},"$authentication":{"defaultValue":{},"type":"SecureObject"}},"triggers":{"When_a_support_environment_is_added_or_modified":{"metadata":{"operationMetadataId":"559f4bc2-8d47-4d95-8831-02e25a0265bc"},"type":"OpenApiConnectionWebhook","inputs":{"host":{"connectionName":"shared_commondataserviceforapps_1","operationId":"SubscribeWebhookTrigger","apiId":"/providers/Microsoft.PowerApps/apis/shared_commondataserviceforapps"},"parameters":{"subscriptionRequest/message":4,"subscriptionRequest/entityname":"admin_environment","subscriptionRequest/scope":4,"subscriptionRequest/filterexpression":"admin_environmentsku eq 'Support'"},"authentication":"@parameters('$authentication')"}}},"actions":{"Condition":{"actions":{"Excuse_from_Compliance_and_Archival_Flows":{"runAfter":{},"metadata":{"operationMetadataId":"8983aaf2-5e18-4b3b-8530-5e5fa733107f"},"type":"OpenApiConnection","inputs":{"host":{"connectionName":"shared_commondataserviceforapps_1","operationId":"UpdateRecord","apiId":"/providers/Microsoft.PowerApps/apis/shared_commondataserviceforapps"},"parameters":{"entityName":"admin_environments","recordId":"@triggerOutputs()?['body/admin_environmentid']","item/admin_excusefromarchivalflows":true,"item/admin_excusefromcomplianceflow":true},"authentication":"@parameters('$authentication')"}}},"runAfter":{},"expression":{"or":[{"equals":["@triggerOutputs()?['body/admin_excusefromarchivalflows']","@false"]},{"equals":["@triggerOutputs()?['body/admin_excusefromcomplianceflow']","@false"]}]},"metadata":{"operationMetadataId":"0902abcc-4f24-4f63-a95f-412e7179a8b7"},"type":"If"}},"outputs":{}}},"schemaVersion":"1.0.0.0"}