{"properties":{"connectionReferences":{"shared_office365groups":{"runtimeSource":"embedded","connection":{"connectionReferenceLogicalName":"admin_CoECoreO365Groups"},"api":{"name":"shared_office365groups"}},"shared_commondataserviceforapps_1":{"runtimeSource":"embedded","connection":{"connectionReferenceLogicalName":"admin_CoECoreDataverse"},"api":{"name":"shared_commondataserviceforapps"}}},"definition":{"$schema":"https://schema.management.azure.com/providers/Microsoft.Logic/schemas/2016-06-01/workflowdefinition.json#","contentVersion":"1.0.0.0","parameters":{"$connections":{"defaultValue":{},"type":"Object"},"$authentication":{"defaultValue":{},"type":"SecureObject"},"Power Platform Maker Group ID (admin_PowerPlatformMakeSecurityGroup)":{"defaultValue":"ac6c2c0b-9d2b-4bc0-8117-ec1a244dbfa4","type":"String","metadata":{"schemaName":"admin_PowerPlatformMakeSecurityGroup","description":"Enter the ID of the Microsoft 365 group which will contain all your Power Platform Makers.  It is needed to communicate and share apps with them."}}},"triggers":{"When_a_row_is_added":{"metadata":{"operationMetadataId":"f9599028-34b2-4d03-a03a-f0db581ba7c1"},"type":"OpenApiConnectionWebhook","inputs":{"host":{"connectionName":"shared_commondataserviceforapps_1","operationId":"SubscribeWebhookTrigger","apiId":"/providers/Microsoft.PowerApps/apis/shared_commondataserviceforapps"},"parameters":{"subscriptionRequest/message":1,"subscriptionRequest/entityname":"admin_maker","subscriptionRequest/scope":4},"authentication":"@parameters('$authentication')"}}},"actions":{"If_service_principle_then_exit_here":{"actions":{"Terminate_2":{"runAfter":{},"metadata":{"operationMetadataId":"84ba54a9-64b6-4ea3-8f5f-0dd739618d03"},"type":"Terminate","inputs":{"runStatus":"Succeeded"}}},"runAfter":{},"expression":{"equals":["@triggerOutputs()?['body/admin_userisserviceprinciple']","@true"]},"metadata":{"operationMetadataId":"12ce10c7-afc3-4767-bc7c-6e1ff51c2ce3"},"type":"If"},"List_group_members":{"runAfter":{"If_service_principle_then_exit_here":["Succeeded"]},"metadata":{"operationMetadataId":"5e25ddf9-c694-4161-8238-523dfd439c85"},"type":"OpenApiConnection","inputs":{"host":{"connectionName":"shared_office365groups","operationId":"ListGroupMembers","apiId":"/providers/Microsoft.PowerApps/apis/shared_office365groups"},"parameters":{"groupId":"@parameters('Power Platform Maker Group ID (admin_PowerPlatformMakeSecurityGroup)')"},"authentication":"@parameters('$authentication')"}},"Add_member_to_group":{"runAfter":{"List_group_members":["Succeeded"]},"metadata":{"operationMetadataId":"5911e9dd-380b-4725-bd48-e4f67de64be7"},"type":"OpenApiConnection","inputs":{"host":{"connectionName":"shared_office365groups","operationId":"AddMemberToGroup","apiId":"/providers/Microsoft.PowerApps/apis/shared_office365groups"},"parameters":{"groupId":"@parameters('Power Platform Make Office 365 Group')","userUpn":"@triggerOutputs()?['body/admin_userprincipalname']"},"authentication":"@parameters('$authentication')"}},"Catch:_Already_a_member":{"runAfter":{"Add_member_to_group":["Failed"]},"metadata":{"operationMetadataId":"0aa8c690-e099-45d6-8f68-24027c4acbec"},"type":"Compose","inputs":"Catch: Already a member"}},"outputs":{}}},"schemaVersion":"1.0.0.0"}