{"properties":{"connectionReferences":{"shared_commondataserviceforapps":{"runtimeSource":"embedded","connection":{"connectionReferenceLogicalName":"admin_CoECoreDataverse"},"api":{"name":"shared_commondataserviceforapps"}},"shared_flowmanagement":{"runtimeSource":"embedded","connection":{"connectionReferenceLogicalName":"admin_CoECorePowerAutomateManagement"},"api":{"name":"shared_flowmanagement"}},"shared_powerplatformforadmins_1":{"runtimeSource":"embedded","connection":{"connectionReferenceLogicalName":"admin_CoECorePowerPlatformforAdmins"},"api":{"name":"shared_powerplatformforadmins"}}},"definition":{"$schema":"https://schema.management.azure.com/providers/Microsoft.Logic/schemas/2016-06-01/workflowdefinition.json#","contentVersion":"1.0.0.0","parameters":{"$connections":{"defaultValue":{},"type":"Object"},"$authentication":{"defaultValue":{},"type":"SecureObject"},"FullInventory":{"defaultValue":true,"type":"Bool","metadata":{"schemaName":"admin_FullInventory","description":"Determines if you want to only update objects that have changed, or all objects. Defaults to No. Switching to Yes will cause the flows to inventory every single app/flow/etc in the tenant and make the flows long running "}},"Power Automate Environment Variable":{"defaultValue":"https://us.flow.microsoft.com/manage/environments/","type":"String","metadata":{"schemaName":"admin_PowerAutomateEnvironmentVariable","description":"Environment, including geographic location, for Power Automate - Ex for US: https://us.flow.microsoft.com/manage/environments/"}}},"triggers":{"Recurrence":{"recurrence":{"frequency":"Day","interval":1},"metadata":{"operationMetadataId":"da75da9e-1bf4-45e3-9a05-6f002cd4ebac"},"type":"Recurrence"}},"actions":{"Apply_to_each":{"foreach":"@outputs('List_Environments_as_Admin')?['body/value']","actions":{"Apply_to_each_Flow":{"foreach":"@outputs('List_Flows_as_Admin')?['body/value']","actions":{"Get_Flow_from_CoE":{"runAfter":{"ReSet_isNewToCoE":["Succeeded"]},"metadata":{"operationMetadataId":"a4023c12-67b5-45a2-ae16-45bb386b01a8"},"type":"OpenApiConnection","inputs":{"host":{"connectionName":"shared_commondataserviceforapps","operationId":"GetItem","apiId":"/providers/Microsoft.PowerApps/apis/shared_commondataserviceforapps"},"parameters":{"entityName":"admin_flows","recordId":"@items('Apply_to_each_Flow')?['name']"},"retryPolicy":{"type":"exponential","count":10,"interval":"PT10S"},"authentication":"@parameters('$authentication')"}},"ReSet_isNewToCoE":{"runAfter":{},"metadata":{"operationMetadataId":"2b58462b-2089-4434-a8b6-c48432e7bf16"},"type":"SetVariable","inputs":{"name":"isNewToCoE","value":"@false"}},"See_if_flow_already_in_CoE":{"actions":{"ActionLastModified":{"runAfter":{"List_Existing_Flow_Action_References":["Succeeded"]},"metadata":{"operationMetadataId":"7f9d331b-28fa-4c76-8075-021e58e6cf70"},"type":"Compose","inputs":"@coalesce(first(body('List_Existing_Flow_Action_References')?['value'])?['admin_flowdetailmodifiedon'], '')"},"FlowLastModified":{"runAfter":{"ActionLastModified":["Succeeded"]},"metadata":{"operationMetadataId":"4ab02b60-afa7-4ff0-9ce3-80629fc15657"},"type":"Compose","inputs":"@formatDateTime(items('Apply_to_each_Flow')?['properties/lastModifiedTime'], 'yyyy-MM-dd HH:mm:ss')"},"List_Existing_Flow_Action_References":{"runAfter":{},"metadata":{"operationMetadataId":"fc8f12f5-d911-4331-85eb-f7dab82e9c9b"},"type":"OpenApiConnection","inputs":{"host":{"connectionName":"shared_commondataserviceforapps","operationId":"ListRecords","apiId":"/providers/Microsoft.PowerApps/apis/shared_commondataserviceforapps"},"parameters":{"entityName":"admin_flowactiondetails","$select":"admin_flowdetailmodifiedon, admin_flowactiondetailid","$filter":"_admin_flow_value eq '@{items('Apply_to_each_Flow')?['name']}'"},"authentication":"@parameters('$authentication')"},"runtimeConfiguration":{"paginationPolicy":{"minimumItemCount":100000}}},"Only_proceed_if_changed_since_last_updated_in_CoE_or_FullInventory":{"actions":{"Combine_triggers,_actions,_and_remove_duplicates":{"runAfter":{"Create_array_of_triggers_for_this_flow":["Succeeded"]},"metadata":{"operationMetadataId":"3ac4b745-3b2f-49da-b6f4-cc27276cfe40"},"type":"Compose","inputs":"@union(body('Create_array_of_triggers_for_this_flow'), body('Create_array_of_actions_for_this_flow'), json('[]'))"},"Create_array_of_actions_for_this_flow":{"runAfter":{"Delete_existing_action_references":["Succeeded"]},"metadata":{"operationMetadataId":"7619be7a-c112-41b4-9f03-7feab7369035"},"type":"Select","inputs":{"from":"@items('Apply_to_each_Flow')?['properties']?['definitionSummary']?['actions']","select":{"ActionType":"@if(contains(item()['Type'], 'ApiConnection'), coalesce(item()?['api']?['properties']?['displayname'], item()['Type']), item()['Type'])","Operation":"@if(contains(item()['Type'], 'ApiConnection'), coalesce(item()?['swaggerOperationId'], ''), coalesce(item()?['Kind'], ''))","isTypeTrigger":"No"}}},"Create_array_of_triggers_for_this_flow":{"runAfter":{"Create_array_of_actions_for_this_flow":["Succeeded"]},"metadata":{"operationMetadataId":"42ecf67a-5eca-4974-914b-8f54bfff71ed"},"type":"Select","inputs":{"from":"@items('Apply_to_each_Flow')?['properties']?['definitionSummary']?['triggers']","select":{"ActionType":"@if(contains(item()['Type'], 'ApiConnection'), coalesce(item()?['api']?['properties']?['displayname'], item()['Type']), item()['Type'])","Operation":"@if(contains(item()['Type'], 'ApiConnection'), coalesce(item()?['swaggerOperationId'], ''), coalesce(item()?['Kind'], ''))","isTypeTrigger":"Yes"}}},"Delete_existing_action_references":{"foreach":"@outputs('List_Existing_Flow_Action_References')?['body/value']","actions":{"Delete_action_reference":{"runAfter":{},"metadata":{"operationMetadataId":"39ae1e13-7aaf-4be0-8aee-e6bf00dc72d9"},"type":"OpenApiConnection","inputs":{"host":{"connectionName":"shared_commondataserviceforapps","operationId":"DeleteRecord","apiId":"/providers/Microsoft.PowerApps/apis/shared_commondataserviceforapps"},"parameters":{"entityName":"admin_flowactiondetails","recordId":"@items('Delete_existing_action_references')?['admin_flowactiondetailid']"},"retryPolicy":{"type":"exponential","count":10,"interval":"PT10S"},"authentication":"@parameters('$authentication')"}}},"runAfter":{},"metadata":{"operationMetadataId":"b5ea39d1-25a7-4f86-8e22-473456bf3251"},"type":"Foreach"},"If_list_not_empty":{"actions":{"Apply_to_each_Flow_Action":{"foreach":"@body('Parse_Flow_Actions')","actions":{"Insert_Flow_Actions_Details":{"runAfter":{},"metadata":{"operationMetadataId":"affdc5dc-6061-4d5d-8f81-5236bd052f0d"},"type":"OpenApiConnection","inputs":{"host":{"connectionName":"shared_commondataserviceforapps","operationId":"CreateRecord","apiId":"/providers/Microsoft.PowerApps/apis/shared_commondataserviceforapps"},"parameters":{"entityName":"admin_flowactiondetails","item/admin_actiontype":"@items('Apply_to_each_Flow_Action')['ActionType']","item/admin_actioninformation":"@items('Apply_to_each_Flow_Action')?['Connector']","item/admin_Flow@odata.bind":"admin_flows(@{items('Apply_to_each_Flow')?['name']})","item/admin_flowactiondetaildeleted":false,"item/admin_FlowActionDetailEnvrinment@odata.bind":"admin_environments(@{substring(items('Apply_to_each')?['name'], sub(length(items('Apply_to_each')?['name']), 36), 36)})","item/admin_flowdetailmodifiedon":"@variables('today')","item/cr5d5_istypetrigger":"@items('Apply_to_each_Flow_Action')?['IsTypeTrigger']","item/admin_operation":"@items('Apply_to_each_Flow_Action')?['Operation']","item/overriddencreatedon":"@variables('today')"},"retryPolicy":{"type":"exponential","count":10,"interval":"PT10S"},"authentication":"@parameters('$authentication')"}}},"runAfter":{},"metadata":{"operationMetadataId":"d5490b7c-7bf5-4d09-8809-741470eaa318"},"type":"Foreach"},"See_if_trigger_action_had_operation":{"actions":{"Set_FlowTrigger":{"runAfter":{},"metadata":{"operationMetadataId":"6054acb8-dbb5-4eb0-a5aa-f4c6c1a9e7c8"},"type":"SetVariable","inputs":{"name":"flowTrigger","value":"@{first(body('Create_array_of_triggers_for_this_flow'))?['ActionType']}"}}},"runAfter":{"Apply_to_each_Flow_Action":["Succeeded"]},"else":{"actions":{"Set_FlowTriger_with_Operation":{"runAfter":{},"metadata":{"operationMetadataId":"4dbff773-bd28-4be4-89c2-db60a5742417"},"type":"SetVariable","inputs":{"name":"flowTrigger","value":"@{concat(first(body('Create_array_of_triggers_for_this_flow'))?['ActionType'], ' : ', first(body('Create_array_of_triggers_for_this_flow'))?['Operation'])}"}}}},"expression":{"equals":["@first(body('Create_array_of_triggers_for_this_flow'))['Operation']",""]},"metadata":{"operationMetadataId":"76a5b312-e324-48ad-b011-c69ae4b12e13"},"type":"If"},"Update_a_record":{"runAfter":{"See_if_trigger_action_had_operation":["Succeeded"]},"metadata":{"operationMetadataId":"970615a0-39ce-4e03-aae8-a141032026cd"},"type":"OpenApiConnection","inputs":{"host":{"connectionName":"shared_commondataserviceforapps","operationId":"UpdateRecord","apiId":"/providers/Microsoft.PowerApps/apis/shared_commondataserviceforapps"},"parameters":{"entityName":"admin_flows","recordId":"@items('Apply_to_each_Flow')?['name']","item/cr5d5_flowtrigger":"@variables('flowTrigger')"},"authentication":"@parameters('$authentication')"}}},"runAfter":{"Parse_Flow_Actions":["Succeeded"]},"expression":{"greater":["@length(body('Parse_Flow_Actions'))",0]},"metadata":{"operationMetadataId":"706ce8b3-071a-4211-a355-4376c24a3a51"},"type":"If"},"Parse_Flow_Actions":{"runAfter":{"Combine_triggers,_actions,_and_remove_duplicates":["Succeeded"]},"metadata":{"operationMetadataId":"b2f36769-2bf7-4137-8f8a-d0c244d1754b"},"type":"ParseJson","inputs":{"content":"@outputs('Combine_triggers,_actions,_and_remove_duplicates')","schema":{"items":{"properties":{"ActionType":{"type":"string"},"Connector":{"type":"string"},"IsTypeTrigger":{"type":"string"},"Operation":{"type":"string"}},"required":["ActionType"],"type":"object"},"type":"array"}}}},"runAfter":{"FlowLastModified":["Succeeded"]},"expression":{"or":[{"less":["@outputs('ActionLastModified')","@outputs('FlowLastModified')"]},{"equals":["@variables('fullInventory')","True"]}]},"metadata":{"operationMetadataId":"31ab0862-49ad-45c0-83a9-fc047df4090b"},"type":"If"}},"runAfter":{"Set_isNewToCoE_to_true":["Succeeded","Skipped"]},"expression":{"equals":["@variables('isNewToCoE')","@false"]},"metadata":{"operationMetadataId":"8c759dcb-9207-4f34-92f4-92f3e7d11dee"},"type":"If"},"Set_isNewToCoE_to_true":{"runAfter":{"Get_Flow_from_CoE":["Failed"]},"metadata":{"operationMetadataId":"f7f0e016-2a4c-4598-a3c5-003d8cff4939"},"type":"SetVariable","inputs":{"name":"isNewToCoE","value":"@true"}}},"runAfter":{"List_Flows_as_Admin":["Succeeded"]},"metadata":{"operationMetadataId":"06ce327b-0b94-4d62-9ee0-9436dbde28a9"},"type":"Foreach"},"List_Flows_as_Admin":{"runAfter":{},"metadata":{"operationMetadataId":"0b13fd29-18de-4d41-8232-582730ca744b"},"type":"OpenApiConnection","inputs":{"host":{"connectionName":"shared_flowmanagement","operationId":"ListFlowsInEnvironment","apiId":"/providers/Microsoft.PowerApps/apis/shared_flowmanagement"},"parameters":{"environmentName":"@items('Apply_to_each')?['name']"},"authentication":"@parameters('$authentication')","retryPolicy":{"type":"exponential","count":10,"interval":"PT10S"}},"runtimeConfiguration":{"paginationPolicy":{"minimumItemCount":100000}}}},"runAfter":{"List_Environments_as_Admin":["Succeeded"]},"metadata":{"operationMetadataId":"a038b06f-d859-4493-a264-6dd84d79a446"},"type":"Foreach"},"Flow_Action_Details_-_Error_Handling":{"actions":{"Create_a_new_record_-_Sync_Flow_Errors":{"runAfter":{},"metadata":{"operationMetadataId":"4cac75cc-0983-4450-8a2b-6c25e34e1616"},"type":"OpenApiConnection","inputs":{"host":{"connectionName":"shared_commondataserviceforapps","operationId":"CreateRecord","apiId":"/providers/Microsoft.PowerApps/apis/shared_commondataserviceforapps"},"parameters":{"entityName":"admin_syncflowerrorses","item/admin_name":"Admin | Sync Template v3 (Flow Action Details)","item/admin_flowinstanceurl":"@concat(variables('flowEnvironment'), workflow()?['tags']['environmentName'], '/flows/', workflow()?['name'], '/runs/', workflow()?['run']['name'])"},"retryPolicy":{"type":"exponential","count":10,"interval":"PT10S"},"authentication":"@parameters('$authentication')"}},"Terminate":{"runAfter":{"Create_a_new_record_-_Sync_Flow_Errors":["Succeeded"]},"metadata":{"operationMetadataId":"a9f0c051-0adc-48ef-9d22-7b09995266dd"},"type":"Terminate","inputs":{"runStatus":"Failed","runError":{"code":"500","message":"Flow Action Details Failed"}}}},"runAfter":{"Apply_to_each":["Failed"]},"metadata":{"operationMetadataId":"d6b669fc-cd79-4c68-ae55-d9a9201292c0"},"type":"Scope"},"Initialize_FlowTrigger":{"runAfter":{},"metadata":{"operationMetadataId":"86eeb9a3-dd95-4642-af85-89382c6ace49"},"type":"InitializeVariable","inputs":{"variables":[{"name":"flowTrigger","type":"string"}]}},"Initialize_variable_flowEnvironment":{"runAfter":{"Initialize_variable_today":["Succeeded"]},"metadata":{"operationMetadataId":"d07bb84d-0533-4587-9da5-10b73538d9b5"},"type":"InitializeVariable","inputs":{"variables":[{"name":"flowEnvironment","type":"string","value":"@parameters('Power Automate Environment Variable')"}]},"description":"Environment location specific Flow URL - remember / at the end"},"Initialize_variable_fullInventory":{"runAfter":{"Initialize_variable_flowEnvironment":["Succeeded"]},"metadata":{"operationMetadataId":"2d50f3a6-2298-4c38-93c3-de6dca39e9c7"},"type":"InitializeVariable","inputs":{"variables":[{"name":"fullInventory","type":"string","value":"@{parameters('FullInventory')}"}]},"description":"Environment location specific Flow URL - remember / at the end"},"Initialize_variable_isNewToCoE":{"runAfter":{"Initialize_FlowTrigger":["Succeeded"]},"metadata":{"operationMetadataId":"75e1ba78-0c3b-443a-9475-3da1e5514348"},"type":"InitializeVariable","inputs":{"variables":[{"name":"isNewToCoE","type":"boolean","value":"@false"}]}},"Initialize_variable_today":{"runAfter":{"Initialize_variable_isNewToCoE":["Succeeded"]},"metadata":{"operationMetadataId":"ca9aa0ec-751c-41de-be1f-b24d01980aa2"},"type":"InitializeVariable","inputs":{"variables":[{"name":"today","type":"string","value":"@{utcNow()}"}]}},"List_Environments_as_Admin":{"runAfter":{"Initialize_variable_fullInventory":["Succeeded"]},"metadata":{"operationMetadataId":"6f1c29ca-53a0-4e28-b477-167616843dfe"},"type":"OpenApiConnection","inputs":{"host":{"connectionName":"shared_powerplatformforadmins_1","operationId":"Get-AdminEnvironment","apiId":"/providers/Microsoft.PowerApps/apis/shared_powerplatformforadmins"},"parameters":{"api-version":"2018-10-01"},"authentication":"@parameters('$authentication')","retryPolicy":{"type":"exponential","count":10,"interval":"PT10S"}},"runtimeConfiguration":{"paginationPolicy":{"minimumItemCount":100000}}}},"outputs":{}}},"schemaVersion":"1.0.0.0"}