{"properties":{"connectionReferences":{"shared_commondataserviceforapps":{"runtimeSource":"embedded","connection":{"connectionReferenceLogicalName":"admin_CoECoreDataverse2"},"api":{"name":"shared_commondataserviceforapps"}},"shared_office365users_1":{"runtimeSource":"embedded","connection":{"connectionReferenceLogicalName":"admin_CoECoreO365Users"},"api":{"name":"shared_office365users"}}},"definition":{"$schema":"https://schema.management.azure.com/providers/Microsoft.Logic/schemas/2016-06-01/workflowdefinition.json#","contentVersion":"1.0.0.0","parameters":{"$connections":{"defaultValue":{},"type":"Object"},"$authentication":{"defaultValue":{},"type":"SecureObject"},"Power Automate Environment Variable":{"defaultValue":"https://us.flow.microsoft.com/manage/environments/","type":"String","metadata":{"schemaName":"admin_PowerAutomateEnvironmentVariable","description":"Environment, including geographic location, for Power Automate - Ex for commercial: https://flow.microsoft.com/manage/environments/"}}},"triggers":{"Recurrence":{"recurrence":{"frequency":"Week","interval":1,"schedule":{"weekDays":["Monday"],"hours":["1"]}},"metadata":{"operationMetadataId":"5af06e95-e1da-4ef7-8a95-b08c341fca85"},"type":"Recurrence"}},"actions":{"Apply_to_each_maker":{"foreach":"@outputs('List_Makers')?['body/value']","actions":{"See_if_now_orphaned":{"actions":{"Mark_all_objects_as_orphaned":{"actions":{"Update_Maker_record_(mark_as_orphaned)":{"runAfter":{"Apply_to_each_connector":["Succeeded"]},"metadata":{"operationMetadataId":"0e6b1341-7c60-4816-9193-4f0c5d2c122f"},"type":"OpenApiConnection","inputs":{"host":{"connectionName":"shared_commondataserviceforapps","operationId":"UpdateRecord","apiId":"/providers/Microsoft.PowerApps/apis/shared_commondataserviceforapps"},"parameters":{"entityName":"admin_makers","recordId":"@items('Apply_to_each_maker')?['admin_makerid']","item/admin_makerisorphaned":true},"authentication":"@parameters('$authentication')","retryPolicy":{"type":"exponential","count":10,"interval":"PT10S"}}},"Apply_to_each_connector":{"foreach":"@outputs('List_custom_connectors_of_maker')?['body/value']","actions":{"Update_Custom_Connector_(Mark_as_Orphaned)":{"runAfter":{},"metadata":{"operationMetadataId":"48bd9892-84e6-4f45-bfa8-502b5528ac46"},"type":"OpenApiConnection","inputs":{"host":{"connectionName":"shared_commondataserviceforapps","operationId":"UpdateRecord","apiId":"/providers/Microsoft.PowerApps/apis/shared_commondataserviceforapps"},"parameters":{"entityName":"admin_connectors","recordId":"@items('Apply_to_each_connector')?['admin_connectorid']","item/admin_appisorphaned":"Yes"},"authentication":"@parameters('$authentication')","retryPolicy":{"type":"exponential","count":10,"interval":"PT10S"}}}},"runAfter":{"List_custom_connectors_of_maker":["Succeeded"]},"metadata":{"operationMetadataId":"3c17c6ed-c564-4ef3-b8ad-23b9fceeb862"},"type":"Foreach","runtimeConfiguration":{"concurrency":{"repetitions":50}}},"List_custom_connectors_of_maker":{"runAfter":{"Apply_to_each_environment":["Succeeded"]},"metadata":{"operationMetadataId":"f420c595-bd4e-4bf5-a9aa-f293241209c9"},"type":"OpenApiConnection","inputs":{"host":{"connectionName":"shared_commondataserviceforapps","operationId":"ListRecords","apiId":"/providers/Microsoft.PowerApps/apis/shared_commondataserviceforapps"},"parameters":{"entityName":"admin_connectors","$select":"admin_connectorid","$filter":"_admin_maker_value eq @{items('Apply_to_each_maker')?['admin_makerid']}"},"authentication":"@parameters('$authentication')"},"runtimeConfiguration":{"paginationPolicy":{"minimumItemCount":100000}}},"Apply_to_each_environment":{"foreach":"@outputs('List_environments_of_maker')?['body/value']","actions":{"Update_Environment_(Mark_as_Orphaned)":{"runAfter":{},"metadata":{"operationMetadataId":"4ade1d3a-ae73-4cea-ab79-2a04b8dfee82"},"type":"OpenApiConnection","inputs":{"host":{"connectionName":"shared_commondataserviceforapps","operationId":"UpdateRecord","apiId":"/providers/Microsoft.PowerApps/apis/shared_commondataserviceforapps"},"parameters":{"entityName":"admin_environments","recordId":"@items('Apply_to_each_environment')?['admin_environmentid']","item/admin_environmentisorphaned":"Yes"},"authentication":"@parameters('$authentication')","retryPolicy":{"type":"exponential","count":10,"interval":"PT10S"}}}},"runAfter":{"List_environments_of_maker":["Succeeded"]},"metadata":{"operationMetadataId":"3962d28a-ede9-46e9-91d1-31f97e603192"},"type":"Foreach","runtimeConfiguration":{"concurrency":{"repetitions":50}}},"List_environments_of_maker":{"runAfter":{"Apply_to_each_UI_Flow":["Succeeded"]},"metadata":{"operationMetadataId":"f89c5fe3-ebb5-4cdb-ba39-95e8776311f3"},"type":"OpenApiConnection","inputs":{"host":{"connectionName":"shared_commondataserviceforapps","operationId":"ListRecords","apiId":"/providers/Microsoft.PowerApps/apis/shared_commondataserviceforapps"},"parameters":{"entityName":"admin_environments","$select":"admin_environmentid","$filter":"_admin_maker_value eq @{items('Apply_to_each_maker')?['admin_makerid']}"},"authentication":"@parameters('$authentication')"},"runtimeConfiguration":{"paginationPolicy":{"minimumItemCount":100000}}},"Apply_to_each_UI_Flow":{"foreach":"@outputs('List_UI_Flows_of_maker')?['body/value']","actions":{"Update_UI_Flow_(Mark_as_orphaned)":{"runAfter":{},"metadata":{"operationMetadataId":"d43d52a8-e6d6-4ef7-a72a-29d201841763"},"type":"OpenApiConnection","inputs":{"host":{"connectionName":"shared_commondataserviceforapps","operationId":"UpdateRecord","apiId":"/providers/Microsoft.PowerApps/apis/shared_commondataserviceforapps"},"parameters":{"entityName":"admin_rpas","recordId":"@items('Apply_to_each_UI_Flow')?['admin_rpaid']","item/admin_rpaisorphaned":"Yes"},"authentication":"@parameters('$authentication')","retryPolicy":{"type":"exponential","count":10,"interval":"PT10S"}}}},"runAfter":{"List_UI_Flows_of_maker":["Succeeded"]},"metadata":{"operationMetadataId":"bb3d9017-c8a5-4be5-9c6b-571f3d1da7c2"},"type":"Foreach","runtimeConfiguration":{"concurrency":{"repetitions":50}}},"List_UI_Flows_of_maker":{"runAfter":{"Apply_to_each_bot":["Succeeded"]},"metadata":{"operationMetadataId":"9c007250-6f52-4838-89a6-9f0d28666301"},"type":"OpenApiConnection","inputs":{"host":{"connectionName":"shared_commondataserviceforapps","operationId":"ListRecords","apiId":"/providers/Microsoft.PowerApps/apis/shared_commondataserviceforapps"},"parameters":{"entityName":"admin_rpas","$select":"admin_rpaid","$filter":"_admin_rpaowner_value eq @{items('Apply_to_each_maker')?['admin_makerid']}"},"authentication":"@parameters('$authentication')"},"runtimeConfiguration":{"paginationPolicy":{"minimumItemCount":100000}}},"Apply_to_each_bot":{"foreach":"@outputs('List_bots_of_maker')?['body/value']","actions":{"Update_bot_(Mark_as_orphaned)":{"runAfter":{},"metadata":{"operationMetadataId":"09560b67-6e3d-47b4-ab71-20650de445b1"},"type":"OpenApiConnection","inputs":{"host":{"connectionName":"shared_commondataserviceforapps","operationId":"UpdateRecord","apiId":"/providers/Microsoft.PowerApps/apis/shared_commondataserviceforapps"},"parameters":{"entityName":"admin_pvas","recordId":"@items('Apply_to_each_bot')?['admin_pvaid']","item/admin_pvaisorphaned":"Yes"},"authentication":"@parameters('$authentication')","retryPolicy":{"type":"exponential","count":10,"interval":"PT10S"}}}},"runAfter":{"List_bots_of_maker":["Succeeded"]},"metadata":{"operationMetadataId":"b3a037e0-aa06-4676-9b65-c4e6c945d94f"},"type":"Foreach","runtimeConfiguration":{"concurrency":{"repetitions":50}}},"List_bots_of_maker":{"runAfter":{"Apply_to_each_flow":["Succeeded"]},"metadata":{"operationMetadataId":"5d2f4977-25f0-4fab-b0c8-9b0f68d40b06"},"type":"OpenApiConnection","inputs":{"host":{"connectionName":"shared_commondataserviceforapps","operationId":"ListRecords","apiId":"/providers/Microsoft.PowerApps/apis/shared_commondataserviceforapps"},"parameters":{"entityName":"admin_pvas","$select":"admin_pvaid","$filter":"_admin_pvaowner_value eq @{items('Apply_to_each_maker')?['admin_makerid']}"},"authentication":"@parameters('$authentication')"},"runtimeConfiguration":{"paginationPolicy":{"minimumItemCount":100000}}},"Apply_to_each_flow":{"foreach":"@outputs('List_flows_of_maker')?['body/value']","actions":{"Update_Flow_(Mark_as_orphaned)":{"runAfter":{},"metadata":{"operationMetadataId":"ae6aa268-42df-4abf-8e1a-d3212ab0ab58"},"type":"OpenApiConnection","inputs":{"host":{"connectionName":"shared_commondataserviceforapps","operationId":"UpdateRecord","apiId":"/providers/Microsoft.PowerApps/apis/shared_commondataserviceforapps"},"parameters":{"entityName":"admin_flows","recordId":"@items('Apply_to_each_flow')?['admin_flowid']","item/cr5d5_flowisorphaned":"Yes"},"authentication":"@parameters('$authentication')","retryPolicy":{"type":"exponential","count":10,"interval":"PT10S"}}}},"runAfter":{"List_flows_of_maker":["Succeeded"]},"metadata":{"operationMetadataId":"3e239d3c-e82a-4194-8d11-22814521e68a"},"type":"Foreach","runtimeConfiguration":{"concurrency":{"repetitions":50}}},"List_flows_of_maker":{"runAfter":{"Apply_to_each_app":["Succeeded"]},"metadata":{"operationMetadataId":"63df4fee-f034-4bd3-8ec2-6ad959c6340d"},"type":"OpenApiConnection","inputs":{"host":{"connectionName":"shared_commondataserviceforapps","operationId":"ListRecords","apiId":"/providers/Microsoft.PowerApps/apis/shared_commondataserviceforapps"},"parameters":{"entityName":"admin_flows","$select":"admin_flowid","$filter":"(_admin_flowcreator_value eq @{items('Apply_to_each_maker')?['admin_makerid']} and _admin_derivedowner_value eq null) or _admin_derivedowner_value eq @{items('Apply_to_each_maker')?['admin_makerid']}"},"authentication":"@parameters('$authentication')"},"runtimeConfiguration":{"paginationPolicy":{"minimumItemCount":100000}}},"Apply_to_each_app":{"foreach":"@outputs('List_apps_of_maker')?['body/value']","actions":{"Update_App_(Mark_as_orphaned)":{"runAfter":{},"metadata":{"operationMetadataId":"77f1ff8b-e39f-4cf2-a9d5-b9376c6ffe39"},"type":"OpenApiConnection","inputs":{"host":{"connectionName":"shared_commondataserviceforapps","operationId":"UpdateRecord","apiId":"/providers/Microsoft.PowerApps/apis/shared_commondataserviceforapps"},"parameters":{"entityName":"admin_apps","recordId":"@items('Apply_to_each_app')?['admin_appid']","item/cr5d5_appisorphaned":"Yes"},"authentication":"@parameters('$authentication')","retryPolicy":{"type":"exponential","count":10,"interval":"PT10S"}}}},"runAfter":{"List_apps_of_maker":["Succeeded"]},"metadata":{"operationMetadataId":"b79a34f0-23b2-43d9-96cb-3c2d03f6a6ac"},"type":"Foreach","runtimeConfiguration":{"concurrency":{"repetitions":50}}},"List_apps_of_maker":{"runAfter":{},"metadata":{"operationMetadataId":"076f9f86-8841-415a-87d9-8aaceade987a"},"type":"OpenApiConnection","inputs":{"host":{"connectionName":"shared_commondataserviceforapps","operationId":"ListRecords","apiId":"/providers/Microsoft.PowerApps/apis/shared_commondataserviceforapps"},"parameters":{"entityName":"admin_apps","$select":"admin_appid","$filter":"_admin_appowner_value eq @{items('Apply_to_each_maker')?['admin_makerid']}"},"authentication":"@parameters('$authentication')"},"runtimeConfiguration":{"paginationPolicy":{"minimumItemCount":100000}}}},"runAfter":{},"metadata":{"operationMetadataId":"7ec95aa1-f97e-411c-a414-bc621c355011"},"type":"Scope"}},"runAfter":{"Get_Maker":["Succeeded"]},"else":{"actions":{"get_M1_info_if_not_null":{"actions":{"update_M1_and_get_M2_info_if_not_null":{"actions":{"Update_Maker_Manager_M1":{"runAfter":{},"metadata":{"operationMetadataId":"5f9b14c5-4afb-4eee-bc48-aa4c5a30c11b"},"type":"OpenApiConnection","inputs":{"host":{"connectionName":"shared_commondataserviceforapps","operationId":"UpdateRecord","apiId":"/providers/Microsoft.PowerApps/apis/shared_commondataserviceforapps"},"parameters":{"entityName":"admin_makers","recordId":"@items('Apply_to_each_maker')?['admin_makerid']","item/admin_makerisorphaned":false,"item/admin_managerid":"@outputs('Get_M1_manager')?['body/id']","item/admin_managerprinciplename":"@outputs('Get_M1_manager')?['body/userPrincipalName']"},"authentication":"@parameters('$authentication')","retryPolicy":{"type":"exponential","count":10,"interval":"PT10S"}}},"Get_M2_manager":{"runAfter":{"Update_Maker_Manager_M1":["Succeeded"]},"metadata":{"operationMetadataId":"f0fff3e6-617a-411b-aa79-827e71477622"},"type":"OpenApiConnection","inputs":{"host":{"connectionName":"shared_office365users_1","operationId":"Manager_V2","apiId":"/providers/Microsoft.PowerApps/apis/shared_office365users"},"parameters":{"id":"@outputs('Get_M1_manager')?['body/id']","$select":"id, userPrincipalName"},"authentication":"@parameters('$authentication')"}},"catch_no_M2":{"runAfter":{"Get_M2_manager":["Failed"]},"metadata":{"operationMetadataId":"37511043-7669-47aa-8ec5-d486c948ec8b"},"type":"Compose","inputs":"catch no M2"},"update_M2_info_if_not_null":{"actions":{"Update_Maker_Manager_M2":{"runAfter":{},"metadata":{"operationMetadataId":"9153585c-413c-43ff-860d-3954410a084d"},"type":"OpenApiConnection","inputs":{"host":{"connectionName":"shared_commondataserviceforapps","operationId":"UpdateRecord","apiId":"/providers/Microsoft.PowerApps/apis/shared_commondataserviceforapps"},"parameters":{"entityName":"admin_makers","recordId":"@items('Apply_to_each_maker')?['admin_makerid']","item/admin_m2managerprinciplename":"@outputs('Get_M2_manager')?['body/userPrincipalName']"},"authentication":"@parameters('$authentication')","retryPolicy":{"type":"exponential","count":10,"interval":"PT10S"}}}},"runAfter":{"catch_no_M2":["Succeeded","Skipped"]},"expression":{"not":{"equals":["@outputs('Get_M2_manager')?['body/id']","@null"]}},"metadata":{"operationMetadataId":"59a82464-b3ba-41e4-8bc0-3891e483502a"},"type":"If"}},"runAfter":{"catch_no_M1":["Succeeded","Skipped"]},"expression":{"not":{"equals":["@outputs('Get_M1_manager')?['body/id']","@null"]}},"metadata":{"operationMetadataId":"562e4720-5a0f-4498-8c8f-5ce8500f9ea2"},"type":"If"},"Get_M1_manager":{"runAfter":{},"metadata":{"operationMetadataId":"83ff4099-e870-45ab-b06f-0ee210edd1e2"},"type":"OpenApiConnection","inputs":{"host":{"connectionName":"shared_office365users_1","operationId":"Manager_V2","apiId":"/providers/Microsoft.PowerApps/apis/shared_office365users"},"parameters":{"id":"@items('Apply_to_each_maker')?['admin_makerid']","$select":"id, userPrincipalName"},"authentication":"@parameters('$authentication')"}},"catch_no_M1":{"runAfter":{"Get_M1_manager":["Failed"]},"metadata":{"operationMetadataId":"b0cf7566-390d-4455-a8de-facf8b1b0d6f"},"type":"Compose","inputs":"catch no M1"}},"runAfter":{},"expression":{"greater":["@length(outputs('Get_Maker')?['Body']?['usermanagerid'])",0]},"metadata":{"operationMetadataId":"c6b0b4d0-9fcc-4dee-b07d-d7efcd724277"},"type":"If"}}},"expression":{"equals":["@outputs('Get_Maker')?['Body']?['userisorphan']","True"]},"metadata":{"operationMetadataId":"0e03ac0e-d929-4633-a489-7328e33be887"},"type":"If"},"Get_Maker":{"runAfter":{},"metadata":{"operationMetadataId":"f610c4d0-eed5-4453-ad3b-43d6d3245460"},"type":"Workflow","inputs":{"host":{"workflowReferenceName":"9301f01a-cb40-ec11-8c62-00224829b4c1"},"body":{"text":"@items('Apply_to_each_maker')?['admin_makerid']","text_1":"@items('Apply_to_each_maker')?['admin_displayname']","boolean":true}}}},"runAfter":{"List_Makers":["Succeeded"]},"metadata":{"operationMetadataId":"032252cf-9686-47a9-bc4e-a154d2fb9339"},"type":"Foreach","runtimeConfiguration":{"concurrency":{"repetitions":50}}},"Initialize_Flow_Environment_variable":{"runAfter":{},"metadata":{"operationMetadataId":"1317eec2-490e-44ed-8782-626f3e887243"},"type":"InitializeVariable","inputs":{"variables":[{"name":"flowEnvironment","type":"String","value":"@parameters('Power Automate Environment Variable')"}]},"description":"Environment location specific Flow URL - remember / at the end"},"List_Makers":{"runAfter":{"Initialize_Flow_Environment_variable":["Succeeded"]},"metadata":{"operationMetadataId":"90b2ba83-c24a-4ece-9a1d-30aabe4b1d38"},"type":"OpenApiConnection","inputs":{"host":{"connectionName":"shared_commondataserviceforapps","operationId":"ListRecords","apiId":"/providers/Microsoft.PowerApps/apis/shared_commondataserviceforapps"},"parameters":{"entityName":"admin_makers","$select":"admin_makerid, admin_displayname","$filter":"admin_makerisorphaned ne true and admin_displayname ne 'SYSTEM'"},"authentication":"@parameters('$authentication')","retryPolicy":{"type":"exponential","count":10,"interval":"PT10S"}},"runtimeConfiguration":{"paginationPolicy":{"minimumItemCount":100000}}},"Orphan_Makers_-_Error_Handling":{"actions":{"Create_a_new_record_-_Sync_Flow_Errors":{"runAfter":{},"metadata":{"operationMetadataId":"0b009593-5797-43e6-9c77-d569fc4304bb"},"type":"OpenApiConnection","inputs":{"host":{"connectionName":"shared_commondataserviceforapps","operationId":"CreateRecord","apiId":"/providers/Microsoft.PowerApps/apis/shared_commondataserviceforapps"},"parameters":{"entityName":"admin_syncflowerrorses","item/admin_name":"Admin | Sync Template v3 (Orphaned Makers)","item/admin_flowinstanceurl":"@concat(variables('flowEnvironment'), workflow()?['tags']['environmentName'], '/flows/', workflow()?['name'], '/runs/', workflow()?['run']['name'])"},"authentication":"@parameters('$authentication')","retryPolicy":{"type":"exponential","count":10,"interval":"PT10S"}}},"Terminate":{"runAfter":{"Create_a_new_record_-_Sync_Flow_Errors":["Succeeded"]},"metadata":{"operationMetadataId":"37317aba-a6c8-44c7-ad2e-f78e0cfb94cc"},"type":"Terminate","inputs":{"runStatus":"Failed","runError":{"code":"500","message":"Orphan Makers Failed"}}}},"runAfter":{"Apply_to_each_maker":["Failed"]},"metadata":{"operationMetadataId":"e0179844-f2ce-403f-80ca-1e51f39beee5"},"type":"Scope"}},"outputs":{}}},"schemaVersion":"1.0.0.0"}