{"properties":{"connectionReferences":{"shared_commondataserviceforapps":{"impersonation":{},"runtimeSource":"embedded","connection":{"connectionReferenceLogicalName":"admin_CoECoreDataverse2"},"api":{"name":"shared_commondataserviceforapps"}},"shared_commondataservice":{"runtimeSource":"embedded","connection":{"connectionReferenceLogicalName":"admin_CoECoreDataverseLegacy"},"api":{"name":"shared_commondataservice"}}},"definition":{"$schema":"https://schema.management.azure.com/providers/Microsoft.Logic/schemas/2016-06-01/workflowdefinition.json#","contentVersion":"1.0.0.0","parameters":{"$connections":{"defaultValue":{},"type":"Object"},"$authentication":{"defaultValue":{},"type":"SecureObject"},"Power Automate Environment Variable":{"defaultValue":"https://us.flow.microsoft.com/manage/environments/","type":"String","metadata":{"schemaName":"admin_PowerAutomateEnvironmentVariable","description":"Environment, including geographic location, for Power Automate - Ex for US: https://us.flow.microsoft.com/manage/environments/"}}},"triggers":{"manual":{"metadata":{"operationMetadataId":"4db16364-2523-425e-844c-19933c426c18"},"type":"Request","kind":"Button","inputs":{"schema":{"type":"object","properties":{"text":{"title":"EnvtID","type":"string","x-ms-dynamically-added":true,"description":"Please enter your input","x-ms-content-hint":"TEXT"},"boolean":{"title":"CheckIfDeleted","type":"boolean","x-ms-dynamically-added":true,"description":"Please select yes or no","x-ms-content-hint":"BOOLEAN"},"boolean_1":{"title":"DeleteFromCoE","type":"boolean","x-ms-dynamically-added":true,"description":"Please select yes or no","x-ms-content-hint":"BOOLEAN"},"text_1":{"title":"EnvtName","type":"string","x-ms-dynamically-added":true,"description":"Please enter your input","x-ms-content-hint":"TEXT"}},"required":["text","boolean","boolean_1","text_1"]}}}},"actions":{"Initialize_returnValue":{"runAfter":{"Get_Envt_CDS_MetaDataName":["Succeeded"]},"metadata":{"operationMetadataId":"a5de9981-b290-471d-a36a-cb85a53190e5"},"type":"InitializeVariable","inputs":{"variables":[{"name":"returnValue","type":"string","value":"pass"}]}},"Check_Deleted_Scope":{"actions":{"List_Model_Driven_Apps":{"runAfter":{},"metadata":{"operationMetadataId":"be66251e-dbfd-4d85-9f10-21844ff88b31"},"type":"OpenApiConnection","inputs":{"host":{"apiId":"/providers/Microsoft.PowerApps/apis/shared_commondataserviceforapps","connectionName":"shared_commondataserviceforapps","operationId":"ListRecords"},"parameters":{"entityName":"admin_apps","$select":"admin_appid, admin_appdeletedon","$filter":"_admin_appenvironment_value eq '@{triggerBody()['text']}' and admin_powerappstype eq 597910001"},"authentication":"@parameters('$authentication')"},"runtimeConfiguration":{"paginationPolicy":{"minimumItemCount":100000}}},"See_if_need_to_check_deleted_status_before_marking_delete":{"actions":{"List_Model_Driven_Apps_not_yet_marked_deleted":{"runAfter":{},"metadata":{"operationMetadataId":"addbd585-8835-4584-a215-c71fa769404c"},"type":"OpenApiConnection","inputs":{"host":{"apiId":"/providers/Microsoft.PowerApps/apis/shared_commondataserviceforapps","connectionName":"shared_commondataserviceforapps","operationId":"ListRecords"},"parameters":{"entityName":"admin_apps","$select":"admin_appid, admin_appdeleted ","$filter":"_admin_appenvironment_value eq '@{triggerBody()['text']}' and admin_appdeleted eq false and admin_powerappstype eq 597910001"},"authentication":"@parameters('$authentication')"},"runtimeConfiguration":{"paginationPolicy":{"minimumItemCount":100000}}},"Get_this_envs_MDAs_from_appmodules":{"runAfter":{"List_Model_Driven_Apps_not_yet_marked_deleted":["Succeeded"]},"metadata":{"operationMetadataId":"d44fc35f-ed48-4a3c-8897-ad81820772bd"},"type":"OpenApiConnection","inputs":{"host":{"apiId":"/providers/Microsoft.PowerApps/apis/shared_commondataservice","connectionName":"shared_commondataservice","operationId":"GetItems_V2"},"parameters":{"dataset":"@outputs('EnvtMetadataName')","table":"appmodules"},"authentication":"@parameters('$authentication')"},"runtimeConfiguration":{"paginationPolicy":{"minimumItemCount":100000}}},"Catch_failure_and_set_noMDAs_to_true":{"runAfter":{"Get_this_envs_MDAs_from_appmodules":["Failed"]},"metadata":{"operationMetadataId":"106f9ece-63ea-48c4-baf9-6983f3dec3d2"},"type":"SetVariable","inputs":{"name":"noMDAs","value":"@true"}},"if_no_MDAs,_mark_all_deleted,_else_look_each_up":{"actions":{"Mark_all_MDAs_deleted":{"foreach":"@outputs('List_Model_Driven_Apps_not_yet_marked_deleted')?['body/value']","actions":{"Mark_all_MDAs_deleted_-_this_MDA":{"runAfter":{},"metadata":{"operationMetadataId":"7a6cc11a-7847-465b-abca-88829422405c"},"type":"OpenApiConnection","inputs":{"host":{"apiId":"/providers/Microsoft.PowerApps/apis/shared_commondataserviceforapps","connectionName":"shared_commondataserviceforapps","operationId":"UpdateRecord"},"parameters":{"entityName":"admin_apps","recordId":"@items('Mark_all_MDAs_deleted')?['admin_appid']","item/admin_appdeleted":true,"item/admin_appdeletedon":"@utcNow()"},"retryPolicy":{"type":"exponential","count":10,"interval":"PT10S"},"authentication":"@parameters('$authentication')"}}},"runAfter":{},"metadata":{"operationMetadataId":"e1475abb-e776-4462-95e0-d2ce3eb5aada"},"type":"Foreach"}},"runAfter":{"Catch_failure_and_set_noMDAs_to_true":["Succeeded","Skipped"]},"else":{"actions":{"Check_each_app_to_see_if_still_in_environment":{"foreach":"@outputs('List_Model_Driven_Apps_not_yet_marked_deleted')?['body/value']","actions":{"reset_MDAfound":{"runAfter":{},"metadata":{"operationMetadataId":"b840cc9a-ade4-41ce-89f4-fcd56b3f4970"},"type":"SetVariable","inputs":{"name":"MDAfound","value":"@false"}},"Apply_to_each_Model_Driven_App":{"foreach":"@outputs('Get_this_envs_MDAs_from_appmodules')?['body/value']","actions":{"Parse_Model_Driven_App_JSON":{"runAfter":{},"metadata":{"operationMetadataId":"d67881ae-69b6-44c1-8c98-caa19c47fc9d"},"type":"ParseJson","inputs":{"content":"@items('Apply_to_each_Model_Driven_App')","schema":{"properties":{"@@odata.etag":{"type":"string"},"@@odata.id":{"type":"string"},"ItemInternalId":{"type":"string"},"_componentstate_label":{"type":"string"},"_createdby_type":{"type":"string"},"_createdby_value":{"type":"string"},"_modifiedby_type":{"type":"string"},"_modifiedby_value":{"type":"string"},"_navigationtype_label":{"type":"string"},"_organizationid_type":{"type":"string"},"_organizationid_value":{"type":"string"},"appmoduleid":{"type":"string"},"appmoduleidunique":{"type":"string"},"componentstate":{"type":"integer"},"createdon":{"type":"string"},"descriptor":{"type":"string"},"formfactor":{"type":"integer"},"isdefault":{"type":"boolean"},"isfeatured":{"type":"boolean"},"ismanaged":{"type":"boolean"},"modifiedon":{"type":"string"},"name":{"type":"string"},"navigationtype":{"type":"integer"},"overwritetime":{"type":"string"},"solutionid":{"type":"string"},"uniquename":{"type":"string"},"versionnumber":{"type":"integer"},"webresourceid":{"type":"string"}},"type":"object"}}},"See_if_our_current_MDA":{"actions":{"Set_MDAfound_to_true":{"runAfter":{},"metadata":{"operationMetadataId":"abc29c53-aa28-442d-a013-1e961d42e4f9"},"type":"SetVariable","inputs":{"name":"MDAfound","value":"@true"}}},"runAfter":{"Parse_Model_Driven_App_JSON":["Succeeded"]},"expression":{"equals":["@body('Parse_Model_Driven_App_JSON')?['ItemInternalId']","@items('Check_each_app_to_see_if_still_in_environment')?['admin_appid']"]},"metadata":{"operationMetadataId":"fa3d6312-36c3-45e1-ab32-d0dbc36d1684"},"type":"If"}},"runAfter":{"reset_MDAfound":["Succeeded"]},"metadata":{"operationMetadataId":"bf780e58-88a8-4b41-a783-8cc429f86f8f"},"type":"Foreach"},"If_MDA_not_found,_delete_or_mark_deleted":{"actions":{"See_if_delete_row_from_inventory_or_mark_deleted_-_check_deleted":{"actions":{"Delete_this_app_from_inventory":{"runAfter":{},"metadata":{"operationMetadataId":"c46e8036-5098-467e-a0de-1ca96ff31d93"},"type":"OpenApiConnection","inputs":{"host":{"apiId":"/providers/Microsoft.PowerApps/apis/shared_commondataserviceforapps","connectionName":"shared_commondataserviceforapps","operationId":"DeleteRecord"},"parameters":{"entityName":"admin_apps","recordId":"@items('Check_each_app_to_see_if_still_in_environment')?['admin_appid']"},"retryPolicy":{"type":"exponential","count":10,"interval":"PT10S"},"authentication":"@parameters('$authentication')"}}},"runAfter":{},"else":{"actions":{"Mark_this_app_as_deleted_today":{"runAfter":{},"metadata":{"operationMetadataId":"32fa4f5f-bd83-4136-9025-baf29ffa9b79"},"type":"OpenApiConnection","inputs":{"host":{"apiId":"/providers/Microsoft.PowerApps/apis/shared_commondataserviceforapps","connectionName":"shared_commondataserviceforapps","operationId":"UpdateRecord"},"parameters":{"entityName":"admin_apps","recordId":"@items('Check_each_app_to_see_if_still_in_environment')?['admin_appid']","item/admin_appdeleted":true,"item/admin_appdeletedon":"@utcnow()"},"retryPolicy":{"type":"exponential","count":10,"interval":"PT10S"},"authentication":"@parameters('$authentication')"}}}},"expression":{"equals":["@triggerBody()['boolean_1']","@true"]},"metadata":{"operationMetadataId":"e9068cf7-37e6-4db4-8296-dd909f8b1074"},"type":"If"}},"runAfter":{"Apply_to_each_Model_Driven_App":["Succeeded"]},"expression":{"not":{"equals":["@variables('MDAfound')","@true"]}},"metadata":{"operationMetadataId":"576710cd-4a0f-4b4b-868f-e527053c4963"},"type":"If"}},"runAfter":{},"metadata":{"operationMetadataId":"27318ae4-7ef7-4d78-ad19-5280fe80acbd"},"type":"Foreach"}}},"expression":{"equals":["@variables('noMDAs')","@true"]},"metadata":{"operationMetadataId":"d81c5415-c709-46b9-8b4e-5c7864c8df8f"},"type":"If"}},"runAfter":{"List_Model_Driven_Apps":["Succeeded"]},"else":{"actions":{"See_if_delete_row_from_inventory_or_mark_deleted":{"actions":{"Delete_all_the_apps_from_inventory":{"foreach":"@outputs('List_Model_Driven_Apps')?['body/value']","actions":{"Delete_app_from_inventory":{"runAfter":{},"metadata":{"operationMetadataId":"50d08dd9-00f1-4509-a827-1de2e6e1d0e2"},"type":"OpenApiConnection","inputs":{"host":{"apiId":"/providers/Microsoft.PowerApps/apis/shared_commondataserviceforapps","connectionName":"shared_commondataserviceforapps","operationId":"DeleteRecord"},"parameters":{"entityName":"admin_apps","recordId":"@items('Delete_all_the_apps_from_inventory')?['admin_appid']"},"retryPolicy":{"type":"exponential","count":10,"interval":"PT10S"},"authentication":"@parameters('$authentication')"}}},"runAfter":{},"metadata":{"operationMetadataId":"2169686f-81b8-496d-be31-4e69c3101f19"},"type":"Foreach"}},"runAfter":{},"else":{"actions":{"Mark_all_apps_in_inventory_as_deleted_today":{"foreach":"@outputs('List_Model_Driven_Apps')?['body/value']","actions":{"Mark_app_as_deleted_today":{"runAfter":{},"metadata":{"operationMetadataId":"40b50a20-09ca-4065-9b79-eaafcf2e0448"},"type":"OpenApiConnection","inputs":{"host":{"apiId":"/providers/Microsoft.PowerApps/apis/shared_commondataserviceforapps","connectionName":"shared_commondataserviceforapps","operationId":"UpdateRecord"},"parameters":{"entityName":"admin_apps","recordId":"@items('Mark_all_apps_in_inventory_as_deleted_today')?['admin_appid']","item/admin_appdeleted":true,"item/admin_appdeletedon":"@utcNow()"},"retryPolicy":{"type":"exponential","count":10,"interval":"PT10S"},"authentication":"@parameters('$authentication')"}}},"runAfter":{},"metadata":{"operationMetadataId":"8ed5c686-9528-4b10-a383-d46ba724bda0"},"type":"Foreach"}}},"expression":{"equals":["@triggerBody()['boolean_1']","@true"]},"metadata":{"operationMetadataId":"e078dd2c-7990-4db8-bedf-697a13b8a5c6"},"type":"If"}}},"expression":{"equals":["@triggerBody()['boolean']","@true"]},"metadata":{"operationMetadataId":"e805bbc3-c88b-4e1c-a722-14ff3bbbd097"},"type":"If"}},"runAfter":{"Initialize_MDAfound":["Succeeded"]},"metadata":{"operationMetadataId":"86c68153-2b1b-4eeb-b1c8-2b6781eb5328"},"type":"Scope"},"Error_Handling_Scope":{"actions":{"Create_Sync_Flow_Error_record":{"runAfter":{},"metadata":{"operationMetadataId":"5b82c812-1579-4bbf-8acc-ee590b198894"},"type":"OpenApiConnection","inputs":{"host":{"apiId":"/providers/Microsoft.PowerApps/apis/shared_commondataserviceforapps","connectionName":"shared_commondataserviceforapps","operationId":"CreateRecord"},"parameters":{"entityName":"admin_syncflowerrorses","item/admin_name":"CLEANUP HELPER - Check Deleted (Model Driven Apps)","item/admin_environmentname":"@triggerBody()['text']","item/admin_flowinstanceurl":"@concat(parameters('Power Automate Environment Variable'), workflow()?['tags']['environmentName'], '/flows/', workflow()?['name'], '/runs/', workflow()?['run']['name'])"},"retryPolicy":{"type":"exponential","count":10,"interval":"PT10S"},"authentication":"@parameters('$authentication')"}},"Set_returnValue_to_fail":{"runAfter":{"Create_Sync_Flow_Error_record":["Succeeded"]},"metadata":{"operationMetadataId":"e44f9ef4-0bf9-4157-b035-fdffaec370ef"},"type":"SetVariable","inputs":{"name":"returnValue","value":"fail"}}},"runAfter":{"Check_Deleted_Scope":["Failed"]},"metadata":{"operationMetadataId":"6b3c7768-bdb9-46ea-a0a6-ae4f7b045971"},"type":"Scope"},"Respond_to_a_PowerApp_or_flow":{"runAfter":{"Error_Handling_Scope":["Succeeded","Skipped"]},"metadata":{"operationMetadataId":"46ffd88b-93ad-4000-9377-42f486a1b662"},"type":"Response","kind":"PowerApp","inputs":{"statusCode":200,"body":{"thereturnvalue":"@variables('returnValue')"},"schema":{"type":"object","properties":{"thereturnvalue":{"title":"theReturnValue","x-ms-dynamically-added":true,"type":"string"}}}}},"Get_Envt_CDS_MetaDataName":{"actions":{"Get_Envt_from_CoE_inventory":{"runAfter":{},"metadata":{"operationMetadataId":"66a9b415-a575-4d8c-a3c5-7a8c57e04fc2"},"type":"OpenApiConnection","inputs":{"host":{"apiId":"/providers/Microsoft.PowerApps/apis/shared_commondataserviceforapps","connectionName":"shared_commondataserviceforapps","operationId":"GetItem"},"parameters":{"entityName":"admin_environments","recordId":"@triggerBody()['text']","$select":"admin_environmentcdsmetadataname"},"retryPolicy":{"type":"exponential","count":10,"interval":"PT10S"},"authentication":"@parameters('$authentication')"}},"EnvtMetadataName":{"runAfter":{"Get_Envt_from_CoE_inventory":["Succeeded"]},"metadata":{"operationMetadataId":"56873fc8-d3c0-4aa6-a839-9cc96da0fb5c"},"type":"Compose","inputs":"@outputs('Get_Envt_from_CoE_inventory')?['body/admin_environmentcdsmetadataname']"}},"runAfter":{},"metadata":{"operationMetadataId":"326a5697-e2fd-4c96-b266-d5442c1963a1"},"type":"Scope"},"Initialize_noMDAs":{"runAfter":{"Initialize_returnValue":["Succeeded"]},"metadata":{"operationMetadataId":"d019442e-524d-4918-ac0f-1d30e147acd1"},"type":"InitializeVariable","inputs":{"variables":[{"name":"noMDAs","type":"boolean","value":"@false"}]}},"Initialize_MDAfound":{"runAfter":{"Initialize_noMDAs":["Succeeded"]},"metadata":{"operationMetadataId":"d1101876-5a57-44e4-a84b-7c68ca7d1e6f"},"type":"InitializeVariable","inputs":{"variables":[{"name":"MDAfound","type":"boolean","value":"@false"}]}}},"outputs":{}}},"schemaVersion":"1.0.0.0"}