{"properties":{"connectionReferences":{},"definition":{"$schema":"https://schema.management.azure.com/providers/Microsoft.Logic/schemas/2016-06-01/workflowdefinition.json#","contentVersion":"1.0.0.0","parameters":{"$authentication":{"defaultValue":{},"type":"SecureObject"},"Command Center - Application Client ID (admin_CommandCenterApplicationClientID)":{"defaultValue":"d1c9a5c5-d918-41bd-938f-f1fb3d5e562f","type":"String","metadata":{"schemaName":"admin_CommandCenterApplicationClientID","description":"Application Client ID for the app registered to fetch M365 Service Messages"}},"Command Center - Client Secret (admin_CommandCenterClientSecret)":{"defaultValue":"3vM7Q~pFwmPxV.fH4JUNl4dmfIjveXxRnpSPQ","type":"String","metadata":{"schemaName":"admin_CommandCenterClientSecret","description":"Client Secret for the app registered to fetch M365 Service Messages"}},"TenantID (admin_TenantID)":{"defaultValue":"8a235459-3d2c-415d-8c1e-e2fe133509ad","type":"String","metadata":{"schemaName":"admin_TenantID","description":"Azure Tenant ID"}}},"triggers":{"manual":{"metadata":{"operationMetadataId":"18fc65d2-021e-49ce-867a-e8fdf51e2cf6"},"type":"Request","kind":"PowerApp","inputs":{"schema":{"type":"object","properties":{},"required":[]}}}},"actions":{"List_serviceAnnouncements_from_Graph":{"runAfter":{},"metadata":{"operationMetadataId":"58ce2497-c4ac-4371-a56a-698cf417f1b8"},"type":"Http","inputs":{"method":"GET","uri":"https://graph.microsoft.com/v1.0/admin/serviceAnnouncement/messages","queries":{"$filter":"'Power Apps' in services or 'Microsoft Power Automate' in services or 'Power Apps in Microsoft 365' in services or 'Power Automate in Microsoft 365' in services or 'Power BI' in services"},"authentication":{"type":"ActiveDirectoryOAuth","tenant":"@parameters('TenantID (admin_TenantID)')","audience":"https://graph.microsoft.com","clientId":"@parameters('Command Center - Application Client ID (admin_CommandCenterApplicationClientID)')","secret":"@parameters('Command Center - Client Secret (admin_CommandCenterClientSecret)')"}}},"Select_Response_fields":{"runAfter":{"Parse_Response":["Succeeded"]},"metadata":{"operationMetadataId":"d6b96eba-e5f1-41a9-8a69-c0d9b56bafa2"},"type":"Select","inputs":{"from":"@body('Parse_Response')","select":{"title":"@item()['title']","content":"@item()?['body']?['content']","id":"@item()['id']","category":"@item()['category']","severity":"@item()['severity']","lastUpdated":"@item()['lastModifiedDateTime']","actBy":"@item()['actionRequiredByDateTime']","services":"@item()['services']","tags":"@item()['tags']"}}},"Parse_Response":{"runAfter":{"List_serviceAnnouncements_from_Graph":["Succeeded"]},"metadata":{"operationMetadataId":"0a520416-8ed4-44d6-95e0-16b1f21a82ba"},"type":"ParseJson","inputs":{"content":"@body('List_serviceAnnouncements_from_Graph')?['value']","schema":{"type":"array","items":{"type":"object","properties":{"startDateTime":{"type":"string"},"endDateTime":{"type":"string"},"lastModifiedDateTime":{"type":"string"},"title":{"type":"string"},"id":{"type":"string"},"category":{"type":"string"},"severity":{"type":"string"},"tags":{"type":"array","items":{"type":"string"}},"isMajorChange":{"type":"boolean"},"actionRequiredByDateTime":{},"services":{"type":"array","items":{"type":"string"}},"expiryDateTime":{},"viewPoint":{},"details":{"type":"array"},"body":{"type":"object","properties":{"contentType":{"type":"string"},"content":{"type":"string"}}}},"required":["startDateTime","endDateTime","lastModifiedDateTime","title","id","category","severity","tags","isMajorChange","actionRequiredByDateTime","services","expiryDateTime","viewPoint","details","body"]}}}},"Response":{"runAfter":{"Select_Response_fields":["Succeeded"]},"metadata":{"operationMetadataId":"f39d2bb2-2237-4910-8754-8444590ecd21"},"type":"Response","kind":"Http","inputs":{"statusCode":200,"body":"@body('Select_Response_fields')","schema":{"type":"array","items":{"type":"object","properties":{"title":{"type":"string"},"content":{"type":"string"},"id":{"type":"string"},"category":{"type":"string"},"severity":{"type":"string"},"lastUpdated":{"type":"string"},"actBy":{"type":"string"},"services":{"type":"array","items":{"type":"string"}},"tags":{"type":"array","items":{"type":"string"}}}}}}},"Response_if_failed":{"runAfter":{"List_serviceAnnouncements_from_Graph":["Failed"]},"metadata":{"operationMetadataId":"fc83b3b9-9a23-45cd-826e-d904ea91b74d"},"type":"Response","kind":"Http","inputs":{"statusCode":200,"body":[]}},"Terminate":{"runAfter":{"Response_if_failed":["Succeeded"]},"metadata":{"operationMetadataId":"e3bc62c0-aace-4b99-96f4-e3ff6b3d5db7"},"type":"Terminate","inputs":{"runStatus":"Succeeded"}}},"outputs":{}}},"schemaVersion":"1.0.0.0"}