{"properties":{"connectionReferences":{"shared_commondataserviceforapps":{"impersonation":{},"runtimeSource":"embedded","connection":{"connectionReferenceLogicalName":"admin_CoECoreDataverse2"},"api":{"name":"shared_commondataserviceforapps"}},"shared_commondataserviceforapps_1":{"impersonation":{},"runtimeSource":"embedded","connection":{"connectionReferenceLogicalName":"admin_CoECoreDataverse2"},"api":{"name":"shared_commondataserviceforapps"}}},"definition":{"$schema":"https://schema.management.azure.com/providers/Microsoft.Logic/schemas/2016-06-01/workflowdefinition.json#","contentVersion":"1.0.0.0","parameters":{"$connections":{"defaultValue":{},"type":"Object"},"$authentication":{"defaultValue":{},"type":"SecureObject"}},"triggers":{"When_an_Environment_Creation_Request_has_been_Rejected":{"metadata":{"operationMetadataId":"93dcb8d5-018a-4199-9707-8bd043345e26"},"type":"OpenApiConnectionWebhook","inputs":{"host":{"apiId":"/providers/Microsoft.PowerApps/apis/shared_commondataserviceforapps","connectionName":"shared_commondataserviceforapps","operationId":"SubscribeWebhookTrigger"},"parameters":{"subscriptionRequest/message":3,"subscriptionRequest/entityname":"coe_environmentcreationrequest","subscriptionRequest/scope":4,"subscriptionRequest/filteringattributes":"coe_requeststatus","subscriptionRequest/filterexpression":"coe_requeststatus eq 597910004","subscriptionRequest/name":"a3b69137-40e3-eb11-bacb-000d3a99e2c3"},"retryPolicy":{"type":"exponential","count":10,"interval":"PT10S"},"authentication":"@parameters('$authentication')"},"description":"Request status is Rejected and Status is Active"}},"actions":{"Get_a_row_by_ID_-_Requestor":{"runAfter":{"Initialize_emailGUID":["Succeeded"]},"metadata":{"operationMetadataId":"18924fb9-34f8-4649-a07f-bb37bcf507c2"},"type":"OpenApiConnection","inputs":{"host":{"apiId":"/providers/Microsoft.PowerApps/apis/shared_commondataserviceforapps","connectionName":"shared_commondataserviceforapps","operationId":"GetItem"},"parameters":{"entityName":"systemusers","recordId":"@triggerOutputs()?['body/_createdby_value']"},"retryPolicy":{"type":"exponential","count":10,"interval":"PT10S"},"authentication":"@parameters('$authentication')"}},"Update_a_row_-_Set_to_Inactive_Status":{"runAfter":{"Send_Email_if_User_Still_Exists":["Succeeded"]},"metadata":{"operationMetadataId":"8e5eeaff-d00c-499c-9cd2-e00e99c4ca65"},"type":"OpenApiConnection","inputs":{"host":{"apiId":"/providers/Microsoft.PowerApps/apis/shared_commondataserviceforapps","connectionName":"shared_commondataserviceforapps","operationId":"UpdateRecord"},"parameters":{"entityName":"coe_environmentcreationrequests","recordId":"@triggerOutputs()?['body/coe_environmentcreationrequestid']","item/statecode":1},"retryPolicy":{"type":"exponential","count":10,"interval":"PT10S"},"authentication":"@parameters('$authentication')"},"description":"Do this to prevent further modification to the record and to avoid downstream trigger events."},"Get_Maker":{"runAfter":{"Get_a_row_by_ID_-_Requestor":["Succeeded"]},"metadata":{"operationMetadataId":"7cb9ec91-4e39-434f-9243-31bcb214f7b1"},"type":"Workflow","inputs":{"host":{"workflowReferenceName":"9301f01a-cb40-ec11-8c62-00224829b4c1"},"body":{"text":"@outputs('Get_a_row_by_ID_-_Requestor')?['body/azureactivedirectoryobjectid']","text_1":"@outputs('Get_a_row_by_ID_-_Requestor')?['body/fullname']","boolean":false}}},"Send_Email_if_User_Still_Exists":{"actions":{"Get_Row_-_Request_was_rejected":{"actions":{"emailGUID_to_en-US":{"runAfter":{},"metadata":{"operationMetadataId":"3c46d691-0f2a-4c36-9611-c2c7de1ec33d"},"type":"Compose","inputs":"1cc436d4-ff42-ec11-8c62-00224829b4c1"},"List_emails_for_preferred_language":{"runAfter":{"emailGUID_to_en-US":["Succeeded"]},"metadata":{"operationMetadataId":"29188a43-3a3a-46da-a4f6-f162180d8254"},"type":"OpenApiConnection","inputs":{"host":{"apiId":"/providers/Microsoft.PowerApps/apis/shared_commondataserviceforapps","connectionName":"shared_commondataserviceforapps_1","operationId":"ListRecords"},"parameters":{"entityName":"admin_customizedemails","$select":"admin_customizedemailid","$filter":"admin_basedon eq '@{outputs('emailGUID_to_en-US')}' and admin_language eq '@{outputs('Get_Maker')?['Body']?['userpreferredlanguage']}'"},"authentication":"@parameters('$authentication')"}},"Set_emailGUID_to_localized_row":{"runAfter":{"List_emails_for_preferred_language":["Succeeded"]},"metadata":{"operationMetadataId":"1e1c0a09-41a6-4b3d-a558-df89f10ca738"},"type":"SetVariable","inputs":{"name":"emailGUID","value":"@{if(greater(length(outputs('List_emails_for_preferred_language')?['body/value']), 0), first(body('List_emails_for_preferred_language')?['value'])['admin_customizedemailid'], outputs('emailGUID_to_en-US'))}"},"description":"if(greater(length(outputs('List_emails_for_preferred_language')?['body/value']),0), first(body('List_emails_for_preferred_language')?['value'])['admin_customizedemailid'], outputs('emailGUID_to_en-US'))"},"Get_a_row_by_ID":{"runAfter":{"Set_emailGUID_to_localized_row":["Succeeded"]},"metadata":{"operationMetadataId":"c34df6f5-d327-47a2-8e25-e33c207762e2"},"type":"OpenApiConnection","inputs":{"host":{"apiId":"/providers/Microsoft.PowerApps/apis/shared_commondataserviceforapps","connectionName":"shared_commondataserviceforapps_1","operationId":"GetItem"},"parameters":{"entityName":"admin_customizedemails","recordId":"@variables('emailGUID')","$select":"admin_body, admin_cc, admin_replyto, admin_sendonbehalf, admin_subject"},"authentication":"@parameters('$authentication')"}}},"runAfter":{},"metadata":{"operationMetadataId":"74c8fe2a-d9bd-4ab1-a2a7-1ceffc6c9c18"},"type":"Scope"},"Request_was_rejected":{"runAfter":{"Get_Row_-_Request_was_rejected":["Succeeded"]},"metadata":{"operationMetadataId":"acaf353e-cf00-46d1-b457-eac85c38f49e"},"type":"Workflow","inputs":{"host":{"workflowReferenceName":"5625768c-bd3d-ec11-8c63-00224829720b"},"body":{"email":"@outputs('Get_Maker')?['Body']?['useremail']","text":"@{triggerOutputs()?['body/coe_name']} - @{outputs('Get_a_row_by_ID')?['body/admin_subject']}","text_1":"@{outputs('Get_a_row_by_ID')?['body/admin_body']}\n<b>Environment:</b> @{triggerOutputs()?['body/coe_envdisplayname']}<br>\n<b>Notes:</b><br>\n@{triggerOutputs()?['body/coe_notes']}<br>\n<br>\n</p>","email_1":"@if(equals(outputs('Get_a_row_by_ID')?['body/admin_cc'], null), '', outputs('Get_a_row_by_ID')?['body/admin_cc'])","email_2":"@if(equals(outputs('Get_a_row_by_ID')?['body/admin_sendonbehalf'], null), '', outputs('Get_a_row_by_ID')?['body/admin_sendonbehalf'])","email_3":"@if(equals(outputs('Get_a_row_by_ID')?['body/admin_replyto'], null), '', outputs('Get_a_row_by_ID')?['body/admin_replyto'])"}},"description":"1cc436d4-ff42-ec11-8c62-00224829b4c1"}},"runAfter":{"Get_Maker":["Succeeded"]},"expression":{"not":{"equals":["@outputs('Get_Maker')?['Body']?['userisorphan']","True"]}},"metadata":{"operationMetadataId":"e4b3b328-0618-4ac0-910c-c3ced7dd6b10"},"type":"If"},"Initialize_emailGUID":{"runAfter":{},"metadata":{"operationMetadataId":"b4e25108-c242-418e-b83e-bca602c4286a"},"type":"InitializeVariable","inputs":{"variables":[{"name":"emailGUID","type":"string"}]}}},"outputs":{}}},"schemaVersion":"1.0.0.0"}