{"properties":{"connectionReferences":{"shared_commondataserviceforapps":{"impersonation":{},"runtimeSource":"embedded","connection":{"connectionReferenceLogicalName":"admin_CoECoreDataverse2"},"api":{"name":"shared_commondataserviceforapps"}},"shared_powerappsforadmins":{"runtimeSource":"embedded","connection":{"connectionReferenceLogicalName":"admin_CoECorePowerAppsAdmin"},"api":{"name":"shared_powerappsforadmins"}},"shared_powerappsforappmakers":{"runtimeSource":"embedded","connection":{"connectionReferenceLogicalName":"admin_CoECorePowerAppsMakers"},"api":{"name":"shared_powerappsforappmakers"}}},"definition":{"$schema":"https://schema.management.azure.com/providers/Microsoft.Logic/schemas/2016-06-01/workflowdefinition.json#","contentVersion":"1.0.0.0","parameters":{"$connections":{"defaultValue":{},"type":"Object"},"$authentication":{"defaultValue":{},"type":"SecureObject"}},"triggers":{"manual":{"metadata":{"operationMetadataId":"22bae7b3-1082-4950-9be3-04ee69e6c9c4"},"type":"Request","kind":"Button","inputs":{"schema":{"type":"object","properties":{"text":{"title":"newOwner","type":"string","x-ms-dynamically-added":true,"description":"Please enter your input","x-ms-content-hint":"TEXT"},"text_1":{"title":"appName","type":"string","x-ms-dynamically-added":true,"description":"Please enter your input","x-ms-content-hint":"TEXT"},"text_2":{"title":"envName","type":"string","x-ms-dynamically-added":true,"description":"Please enter your input","x-ms-content-hint":"TEXT"},"text_3":{"title":"action","type":"string","x-ms-dynamically-added":true,"description":"Please enter your input","x-ms-content-hint":"TEXT","enum":["assign","delete"]}},"required":["text","text_1","text_2","text_3"]}}}},"actions":{"Switch_on_action_input":{"runAfter":{"Initialize_ReturnString_to_pass":["Succeeded"]},"cases":{"Case_assign":{"case":"assign","actions":{"Set_ReturnString_to_fail_-_assign":{"runAfter":{"Set_App_Owner":["Failed"]},"type":"SetVariable","inputs":{"name":"ReturnString","value":"fail"}},"Get_app_old_owner":{"runAfter":{},"type":"OpenApiConnection","inputs":{"host":{"apiId":"/providers/Microsoft.PowerApps/apis/shared_commondataserviceforapps","connectionName":"shared_commondataserviceforapps","operationId":"GetItem"},"parameters":{"entityName":"admin_apps","recordId":"@triggerBody()['text_1']","$select":"_admin_appowner_value"},"retryPolicy":{"type":"exponential","count":10,"interval":"PT10S"},"authentication":"@parameters('$authentication')"}},"Set_App_Owner":{"runAfter":{"Get_app_old_owner":["Succeeded"]},"type":"OpenApiConnection","inputs":{"host":{"apiId":"/providers/Microsoft.PowerApps/apis/shared_powerappsforadmins","connectionName":"shared_powerappsforadmins","operationId":"Set-AdminAppOwner"},"parameters":{"environment":"@triggerBody()['text_2']","app":"@triggerBody()['text_1']","api-version":"2016-11-01","Content-Type":" application/json","body/roleForOldAppOwner":"CanEdit","body/newAppOwner":"@triggerBody()['text']"},"retryPolicy":{"type":"exponential","count":10,"interval":"PT10S"},"authentication":"@parameters('$authentication')"}},"If_set_new_owner,_update_inventory":{"actions":{"Ensure_New_Owner_is_in_Maker_and_User_tables":{"actions":{"List_new_owner_from_User_Table":{"runAfter":{"Maker_Check":["Succeeded"]},"type":"OpenApiConnection","inputs":{"host":{"apiId":"/providers/Microsoft.PowerApps/apis/shared_commondataserviceforapps","connectionName":"shared_commondataserviceforapps","operationId":"ListRecords"},"parameters":{"entityName":"admin_powerplatformusers","$select":"admin_powerplatformuserid","$filter":"admin_powerplatformuserid eq @{triggerBody()['text']}"},"authentication":"@parameters('$authentication')"},"runtimeConfiguration":{"paginationPolicy":{"minimumItemCount":100000}}},"Add_to_User_Table_if_not_yet_present":{"actions":{"Add_a_new_user":{"runAfter":{},"type":"OpenApiConnection","inputs":{"host":{"apiId":"/providers/Microsoft.PowerApps/apis/shared_commondataserviceforapps","connectionName":"shared_commondataserviceforapps","operationId":"CreateRecord"},"parameters":{"entityName":"admin_powerplatformusers","item/admin_displayname":"@outputs('Maker_Check')?['Body']?['userdisplayname']","item/admin_company":"@outputs('Maker_Check')?['Body']?['usercompany']","item/admin_department":"@outputs('Maker_Check')?['Body']?['userdepartment']","item/admin_groupsize":1,"item/admin_powerplatformuserid":"@triggerBody()['text']","item/admin_type":"User","item/admin_userprincipalname":"@outputs('Maker_Check')?['Body']?['useremail']"},"retryPolicy":{"type":"exponential","count":10,"interval":"PT10S"},"authentication":"@parameters('$authentication')"}}},"runAfter":{"List_new_owner_from_User_Table":["Succeeded"]},"expression":{"equals":["@length(outputs('List_new_owner_from_User_Table')?['body/value'])",0]},"type":"If"},"Maker_Check":{"runAfter":{},"type":"Workflow","inputs":{"host":{"workflowReferenceName":"9301f01a-cb40-ec11-8c62-00224829b4c1"},"body":{"text":"@triggerBody()['text']","boolean":false}},"description":"Will create a new maker if it does not already exist"}},"runAfter":{},"type":"Scope"},"Mark_app_owner_in_CoE":{"runAfter":{"Ensure_New_Owner_is_in_Maker_and_User_tables":["Succeeded"]},"type":"OpenApiConnection","inputs":{"host":{"apiId":"/providers/Microsoft.PowerApps/apis/shared_commondataserviceforapps","connectionName":"shared_commondataserviceforapps","operationId":"UpdateRecord"},"parameters":{"entityName":"admin_apps","recordId":"@triggerBody()['text_1']","item/cr5d5_appisorphaned":"no","item/admin_AppOwner@odata.bind":"admin_makers(@{triggerBody()['text']})"},"retryPolicy":{"type":"exponential","count":10,"interval":"PT10S"},"authentication":"@parameters('$authentication')"}},"List_Role_for_old_owner":{"runAfter":{"Mark_app_owner_in_CoE":["Succeeded"]},"type":"OpenApiConnection","inputs":{"host":{"apiId":"/providers/Microsoft.PowerApps/apis/shared_commondataserviceforapps","connectionName":"shared_commondataserviceforapps","operationId":"ListRecords"},"parameters":{"entityName":"admin_powerplatformuserroles","$select":"admin_powerplatformuserroleid","$filter":"_admin_app_value eq @{triggerBody()['text_1']} and _admin_powerplatformuser_value eq @{outputs('Get_app_old_owner')?['body/_admin_appowner_value']}"},"authentication":"@parameters('$authentication')"},"runtimeConfiguration":{"paginationPolicy":{"minimumItemCount":100000}}},"Update_or_Insert_Old_Owner_Role":{"actions":{"Mark_it_Editor":{"foreach":"@outputs('List_Role_for_old_owner')?['body/value']","actions":{"Mark_old_owner_as_Editor":{"runAfter":{},"type":"OpenApiConnection","inputs":{"host":{"apiId":"/providers/Microsoft.PowerApps/apis/shared_commondataserviceforapps","connectionName":"shared_commondataserviceforapps","operationId":"UpdateRecord"},"parameters":{"entityName":"admin_powerplatformuserroles","recordId":"@items('Mark_it_Editor')?['admin_powerplatformuserroleid']","item/admin_App@odata.bind":"admin_apps(@{triggerBody()['text_1']})","item/admin_resourcetype":"App","item/admin_rolename":"CanEdit"},"retryPolicy":{"type":"exponential","count":10,"interval":"PT10S"},"authentication":"@parameters('$authentication')"}}},"runAfter":{},"type":"Foreach"}},"runAfter":{"List_Role_for_old_owner":["Succeeded"]},"else":{"actions":{"Add_old_owner_as_editor_role":{"runAfter":{},"type":"OpenApiConnection","inputs":{"host":{"apiId":"/providers/Microsoft.PowerApps/apis/shared_commondataserviceforapps","connectionName":"shared_commondataserviceforapps","operationId":"CreateRecord"},"parameters":{"entityName":"admin_powerplatformuserroles","item/admin_name":"@concat(outputs('Get_app_old_owner')?['body/_admin_appowner_value'], triggerBody()['text_1'])","item/admin_App@odata.bind":"admin_apps(@{triggerBody()['text_1']})","item/admin_PowerPlatformUser@odata.bind":"admin_powerplatformusers(@{triggerBody()['text']})","item/admin_resourcetype":"App","item/admin_resourceuserlink":"@concat(outputs('Get_app_old_owner')?['body/_admin_appowner_value'], triggerBody()['text_1'])","item/admin_rolename":"CanEdit"},"retryPolicy":{"type":"exponential","count":10,"interval":"PT10S"},"authentication":"@parameters('$authentication')"}}}},"expression":{"greater":["@length(outputs('List_Role_for_old_owner')?['body/value'])",0]},"type":"If"},"List_Role_for_new_owner":{"runAfter":{"Update_or_Insert_Old_Owner_Role":["Succeeded"]},"type":"OpenApiConnection","inputs":{"host":{"apiId":"/providers/Microsoft.PowerApps/apis/shared_commondataserviceforapps","connectionName":"shared_commondataserviceforapps","operationId":"ListRecords"},"parameters":{"entityName":"admin_powerplatformuserroles","$select":"admin_powerplatformuserroleid","$filter":"_admin_app_value eq @{triggerBody()['text_1']} and _admin_powerplatformuser_value eq @{triggerBody()['text']}"},"authentication":"@parameters('$authentication')"},"runtimeConfiguration":{"paginationPolicy":{"minimumItemCount":100000}}},"Update_or_Insert_New_Owner_Role":{"actions":{"Mark_it_Owner":{"foreach":"@outputs('List_Role_for_new_owner')?['body/value']","actions":{"Update_a_row":{"runAfter":{},"type":"OpenApiConnection","inputs":{"host":{"apiId":"/providers/Microsoft.PowerApps/apis/shared_commondataserviceforapps","connectionName":"shared_commondataserviceforapps","operationId":"UpdateRecord"},"parameters":{"entityName":"admin_powerplatformuserroles","recordId":"@items('Mark_it_Owner')?['admin_powerplatformuserroleid']","item/admin_App@odata.bind":"admin_apps(@{triggerBody()['text_1']})","item/admin_resourcetype":"App","item/admin_rolename":"Owner"},"retryPolicy":{"type":"exponential","count":10,"interval":"PT10S"},"authentication":"@parameters('$authentication')"}}},"runAfter":{},"type":"Foreach"}},"runAfter":{"List_Role_for_new_owner":["Succeeded"]},"else":{"actions":{"Add_owner_as_owner_role":{"runAfter":{},"type":"OpenApiConnection","inputs":{"host":{"apiId":"/providers/Microsoft.PowerApps/apis/shared_commondataserviceforapps","connectionName":"shared_commondataserviceforapps","operationId":"CreateRecord"},"parameters":{"entityName":"admin_powerplatformuserroles","item/admin_name":"@concat(triggerBody()['text'], triggerBody()['text_1'])","item/admin_App@odata.bind":"admin_apps(@{triggerBody()['text_1']})","item/admin_PowerPlatformUser@odata.bind":"admin_powerplatformusers(@{triggerBody()['text']})","item/admin_resourcetype":"App","item/admin_resourceuserlink":"@concat(triggerBody()['text'], triggerBody()['text_1'])","item/admin_rolename":"Owner"},"retryPolicy":{"type":"exponential","count":10,"interval":"PT10S"},"authentication":"@parameters('$authentication')"}}}},"expression":{"greater":["@length(outputs('List_Role_for_new_owner')?['body/value'])",0]},"type":"If"}},"runAfter":{"Set_ReturnString_to_fail_-_assign":["Skipped"]},"expression":{"equals":["@variables('ReturnString')","pass"]},"type":"If"}}},"Case_delete":{"case":"delete","actions":{"Remove_App":{"runAfter":{},"type":"OpenApiConnection","inputs":{"host":{"apiId":"/providers/Microsoft.PowerApps/apis/shared_powerappsforappmakers","connectionName":"shared_powerappsforappmakers","operationId":"Remove-App"},"parameters":{"app":"@triggerBody()['text_1']","api-version":"2017-06-01"},"retryPolicy":{"type":"exponential","count":10,"interval":"PT10S"},"authentication":"@parameters('$authentication')"}},"Mark_app_as_deleted_in_CoE":{"runAfter":{"Set_ReturnString_to_failed_-_delete":["Skipped"]},"type":"OpenApiConnection","inputs":{"host":{"apiId":"/providers/Microsoft.PowerApps/apis/shared_commondataserviceforapps","connectionName":"shared_commondataserviceforapps","operationId":"UpdateRecord"},"parameters":{"entityName":"admin_apps","recordId":"@triggerBody()['text_1']","item/admin_appdeleted":true,"item/admin_appdeletedon":"@utcNow()"},"retryPolicy":{"type":"exponential","count":10,"interval":"PT10S"},"authentication":"@parameters('$authentication')"}},"Set_ReturnString_to_failed_-_delete":{"runAfter":{"Remove_App":["Failed"]},"type":"SetVariable","inputs":{"name":"ReturnString","value":"failed"}}}}},"default":{"actions":{}},"expression":"@triggerBody()['text_3']","metadata":{"operationMetadataId":"61adee38-6006-4fca-b464-7546d052d320"},"type":"Switch"},"Respond_to_a_PowerApp_or_flow":{"runAfter":{"Switch_on_action_input":["Succeeded"]},"metadata":{"operationMetadataId":"9f5b9d03-4698-49f6-a0a3-47910bc00974"},"type":"Response","kind":"PowerApp","inputs":{"statusCode":200,"body":{"thereturnstring":"@variables('ReturnString')"},"schema":{"type":"object","properties":{"thereturnstring":{"title":"theReturnString","x-ms-dynamically-added":true,"type":"string"}}}}},"Initialize_ReturnString_to_pass":{"runAfter":{},"metadata":{"operationMetadataId":"cd66f8bb-cf7b-4b8f-9da2-2e8c1da7ec0e"},"type":"InitializeVariable","inputs":{"variables":[{"name":"ReturnString","type":"string","value":"pass"}]}}},"outputs":{}}},"schemaVersion":"1.0.0.0"}