{"properties":{"connectionReferences":{"shared_flowmanagement":{"runtimeSource":"embedded","connection":{"connectionReferenceLogicalName":"admin_CoECorePowerAutomateManagement"},"api":{"name":"shared_flowmanagement"}},"shared_commondataserviceforapps":{"impersonation":{},"runtimeSource":"embedded","connection":{"connectionReferenceLogicalName":"admin_CoECoreDataverse2"},"api":{"name":"shared_commondataserviceforapps"}},"shared_commondataservice":{"runtimeSource":"embedded","connection":{"connectionReferenceLogicalName":"admin_CoECoreDataverseLegacy"},"api":{"name":"shared_commondataservice"}},"shared_microsoftflowforadmins":{"runtimeSource":"embedded","connection":{"connectionReferenceLogicalName":"admin_CoECorePowerAutomateAdmin"},"api":{"name":"shared_microsoftflowforadmins"}}},"definition":{"$schema":"https://schema.management.azure.com/providers/Microsoft.Logic/schemas/2016-06-01/workflowdefinition.json#","contentVersion":"1.0.0.0","parameters":{"$connections":{"defaultValue":{},"type":"Object"},"$authentication":{"defaultValue":{},"type":"SecureObject"}},"triggers":{"manual":{"metadata":{"operationMetadataId":"d223fc88-1872-45a7-a6e4-5cf53d5a6fa8"},"type":"Request","kind":"Button","inputs":{"schema":{"type":"object","properties":{"text":{"title":"newOwner","type":"string","x-ms-dynamically-added":true,"description":"Please enter your input","x-ms-content-hint":"TEXT"},"text_1":{"title":"flowName","type":"string","x-ms-dynamically-added":true,"description":"Please enter your input","x-ms-content-hint":"TEXT"},"text_2":{"title":"envName","type":"string","x-ms-dynamically-added":true,"description":"Please enter your input","x-ms-content-hint":"TEXT"},"text_3":{"title":"action","type":"string","x-ms-dynamically-added":true,"description":"Please enter your input","x-ms-content-hint":"TEXT"}},"required":["text","text_1","text_2","text_3"]}}}},"actions":{"Initialize_ReturnValue_to_200":{"runAfter":{"EnvtGUID":["Succeeded"]},"metadata":{"operationMetadataId":"8b878c10-0505-40d4-ba16-50cfaba93b2f"},"type":"InitializeVariable","inputs":{"variables":[{"name":"ReturnValue","type":"integer","value":200}]}},"Switch_on_action_input":{"runAfter":{"Initialize_ReturnString_to_pass":["Succeeded"]},"cases":{"Case_assign":{"case":"assign","actions":{"Get_Flow_as_Admin":{"runAfter":{},"type":"OpenApiConnection","inputs":{"host":{"apiId":"/providers/Microsoft.PowerApps/apis/shared_flowmanagement","connectionName":"shared_flowmanagement","operationId":"AdminGetFlow"},"parameters":{"environmentName":"@triggerBody()['text_2']","flowName":"@triggerBody()['text_1']"},"retryPolicy":{"type":"exponential","count":10,"interval":"PT10S"},"authentication":"@parameters('$authentication')"}},"workflowEntityId":{"runAfter":{"Get_Flow_as_Admin":["Succeeded"]},"type":"Compose","inputs":"@outputs('Get_Flow_as_Admin')?['body/properties/workflowEntityId']"},"see_if_solution_flow":{"actions":{"Get_environments_CDSMetadataName":{"runAfter":{},"type":"OpenApiConnection","inputs":{"host":{"apiId":"/providers/Microsoft.PowerApps/apis/shared_commondataserviceforapps","connectionName":"shared_commondataserviceforapps","operationId":"GetItem"},"parameters":{"entityName":"admin_environments","recordId":"@outputs('EnvtGUID')","$select":"admin_environmentcdsmetadataname, admin_environmentcdsinstanceurl"},"retryPolicy":{"type":"exponential","count":10,"interval":"PT10S"},"authentication":"@parameters('$authentication')"}},"Get_first_from_list":{"runAfter":{"List_users_from_target_envt":["Succeeded"]},"type":"Compose","inputs":"@first(outputs('List_users_from_target_envt')?['body/value'])"},"List_users_from_target_envt":{"runAfter":{"Get_environments_CDSMetadataName":["Succeeded"]},"type":"OpenApiConnection","inputs":{"host":{"apiId":"/providers/Microsoft.PowerApps/apis/shared_commondataservice","connectionName":"shared_commondataservice","operationId":"GetItems_V2"},"parameters":{"dataset":"@outputs('Get_environments_CDSMetadataName')?['body/admin_environmentcdsinstanceurl']","table":"systemusers","$filter":"azureactivedirectoryobjectid eq @{triggerBody()['text']}"},"retryPolicy":{"type":"exponential","count":10,"interval":"PT10S"},"authentication":"@parameters('$authentication')"}},"Get_new_owner_SystemUser_id":{"runAfter":{"Get_first_from_list":["Succeeded"]},"type":"Compose","inputs":"@outputs('Get_first_from_list')?['iteminternalid']"},"Update_flow_owner":{"runAfter":{"Get_new_owner_SystemUser_id":["Succeeded"]},"type":"OpenApiConnection","inputs":{"host":{"apiId":"/providers/Microsoft.PowerApps/apis/shared_commondataservice","connectionName":"shared_commondataservice","operationId":"PatchItem_V2"},"parameters":{"dataset":"@outputs('Get_environments_CDSMetadataName')?['body/admin_environmentcdsinstanceurl']","table":"workflows","id":"@outputs('workflowEntityId')","item":{"_ownerid_value":"@outputs('Get_new_owner_SystemUser_id')","_ownerid_type":"systemusers"}},"retryPolicy":{"type":"exponential","count":10,"interval":"PT10S"},"authentication":"@parameters('$authentication')"}},"Mark_app_owner_in_CoE_Soln_Flow":{"runAfter":{"Set_ReturnString_to_failed_-_assign_solution_aware":["Skipped"]},"type":"OpenApiConnection","inputs":{"host":{"apiId":"/providers/Microsoft.PowerApps/apis/shared_commondataserviceforapps","connectionName":"shared_commondataserviceforapps","operationId":"UpdateRecord"},"parameters":{"entityName":"admin_flows","recordId":"@triggerBody()['text_1']","item/admin_DerivedOwner@odata.bind":"admin_makers(@{triggerBody()['text']})","item/cr5d5_flowisorphaned":"no"},"retryPolicy":{"type":"exponential","count":10,"interval":"PT10S"},"authentication":"@parameters('$authentication')"}},"Set_ReturnString_to_failed_-_assign_solution_aware":{"runAfter":{"Update_flow_owner":["Failed"]},"type":"SetVariable","inputs":{"name":"ReturnString","value":"failed"}}},"runAfter":{"Set_SolutionAwareFlow_to_false_if_error":["Succeeded","Skipped"]},"else":{"actions":{"Edit_Flow_Owner_Role_as_Admin":{"runAfter":{},"type":"OpenApiConnection","inputs":{"host":{"apiId":"/providers/Microsoft.PowerApps/apis/shared_microsoftflowforadmins","connectionName":"shared_microsoftflowforadmins","operationId":"Edit-AdminFlowOwnerRole"},"parameters":{"environment":"@triggerBody()['text_2']","flow":"@triggerBody()['text_1']","api-version":"2016-11-01","Content-Type":"application/json","body/put":[{"properties/principal/id":"@triggerBody()['text']","properties/roleName":"CanEdit"}]},"retryPolicy":{"type":"exponential","count":10,"interval":"PT10S"},"authentication":"@parameters('$authentication')"}},"Mark_app_owner_in_CoE":{"runAfter":{"Set_ReturnString_to_failed_-_assign_not_solution_aware":["Skipped"]},"type":"OpenApiConnection","inputs":{"host":{"apiId":"/providers/Microsoft.PowerApps/apis/shared_commondataserviceforapps","connectionName":"shared_commondataserviceforapps","operationId":"UpdateRecord"},"parameters":{"entityName":"admin_flows","recordId":"@triggerBody()['text_1']","item/admin_DerivedOwner@odata.bind":"admin_makers(@{triggerBody()['text']})","item/cr5d5_flowisorphaned":"no"},"retryPolicy":{"type":"exponential","count":10,"interval":"PT10S"},"authentication":"@parameters('$authentication')"}},"Set_ReturnString_to_failed_-_assign_not_solution_aware":{"runAfter":{"Edit_Flow_Owner_Role_as_Admin":["Failed"]},"type":"SetVariable","inputs":{"name":"ReturnString","value":"failed"}}}},"expression":{"equals":["@variables('SolutionAwareFlow')","@true"]},"type":"If"},"get_guid_length":{"runAfter":{"workflowEntityId":["Succeeded"]},"type":"Compose","inputs":"@length(outputs('workflowEntityId'))"},"Set_SolutionAwareFlow_to_false_if_error":{"runAfter":{"get_guid_length":["Failed"]},"type":"SetVariable","inputs":{"name":"SolutionAwareFlow","value":"@false"}}}},"Case_delete":{"case":"delete","actions":{"Remove_Flow_as_Admin":{"runAfter":{},"type":"OpenApiConnection","inputs":{"host":{"apiId":"/providers/Microsoft.PowerApps/apis/shared_microsoftflowforadmins","connectionName":"shared_microsoftflowforadmins","operationId":"Remove-AdminFlow"},"parameters":{"environment":"@triggerBody()['text_2']","flow":"@triggerBody()['text_1']","api-version":"2016-11-01"},"retryPolicy":{"type":"exponential","count":10,"interval":"PT10S"},"authentication":"@parameters('$authentication')"}},"Mark_flow_as_deleted_in_CoE":{"runAfter":{"Set_ReturnString_to_failed_-_delete":["Skipped"]},"type":"OpenApiConnection","inputs":{"host":{"apiId":"/providers/Microsoft.PowerApps/apis/shared_commondataserviceforapps","connectionName":"shared_commondataserviceforapps","operationId":"UpdateRecord"},"parameters":{"entityName":"admin_flows","recordId":"@triggerBody()['text_1']","item/admin_flowdeleted":true,"item/admin_flowdeletedon":"@utcNow()"},"retryPolicy":{"type":"exponential","count":10,"interval":"PT10S"},"authentication":"@parameters('$authentication')"}},"Set_ReturnString_to_failed_-_delete":{"runAfter":{"Remove_Flow_as_Admin":["Failed"]},"type":"SetVariable","inputs":{"name":"ReturnString","value":"failed"}}}}},"default":{"actions":{}},"expression":"@triggerBody()['text_3']","metadata":{"operationMetadataId":"7fab9001-e7dd-4f6c-a71a-043361acf669"},"type":"Switch"},"Respond_to_a_PowerApp_or_flow":{"runAfter":{"Switch_on_action_input":["Succeeded"]},"metadata":{"operationMetadataId":"66827cd0-52a2-44a2-ae6f-e51446853f43"},"type":"Response","kind":"PowerApp","inputs":{"statusCode":200,"body":{"thereturnstring":"@variables('ReturnString')"},"schema":{"type":"object","properties":{"thereturnstring":{"title":"theReturnString","x-ms-dynamically-added":true,"type":"string"}}}}},"EnvtGUID":{"runAfter":{"Initialize_SolutionAwareFlow_to_true":["Succeeded"]},"metadata":{"operationMetadataId":"b11f58dc-1d47-4bc8-aa38-db16103abefc"},"type":"Compose","inputs":"@substring(triggerBody()['text_2'], sub(length(triggerBody()['text_2']),36), 36)"},"Initialize_SolutionAwareFlow_to_true":{"runAfter":{},"metadata":{"operationMetadataId":"54fa706f-6915-44af-8303-b4b3530dda32"},"type":"InitializeVariable","inputs":{"variables":[{"name":"SolutionAwareFlow","type":"boolean","value":"@true"}]}},"Initialize_ReturnString_to_pass":{"runAfter":{"Initialize_ReturnValue_to_200":["Succeeded"]},"metadata":{"operationMetadataId":"4ab2df3b-de59-4a3c-b6d0-4a80377c5344"},"type":"InitializeVariable","inputs":{"variables":[{"name":"ReturnString","type":"string","value":"pass"}]}}},"outputs":{}}},"schemaVersion":"1.0.0.0"}