<environmentvariabledefinition schemaname="cat_OrgLanguage">
  <defaultvalue>en_US</defaultvalue>
  <description default="Preferred Language at Organization Level ">
    <label description="Preferred Language at Organization Level " languagecode="1033" />
  </description>
  <displayname default="OrgLanguage">
    <label description="OrgLanguage" languagecode="1033" />
  </displayname>
  <introducedversion>1.0.0.76</introducedversion>
  <iscustomizable>1</iscustomizable>
  <isrequired>0</isrequired>
  <type>100000000</type>
</environmentvariabledefinition>