{"basePath":"/api/v1.0","consumes":[],"definitions":{"ResourceArray-ContentCluster":{"items":{"properties":{"contentCreated":{"description":"The datetime when the content was made available.","title":"Created","type":"string"},"contentExpiration":{"description":"The datetime after which the content will no longer be available for retrieval.","title":"Expiration","type":"string"},"contentId":{"description":"An opaque string that uniquely identifies the content.","title":"Content ID","type":"string"},"contentType":{"description":"Indicates the content type.","title":"Content type","type":"string"},"contentUri":{"description":"The URL to use when retrieving the content.","type":"string"}},"type":"object"},"type":"array"},"StartConfirmation":{"properties":{"contentType":{"description":"The content type specified in the call.","title":"contentType","type":"string","x-ms-visibility":""},"status":{"description":"The status of the subscription. If a subscription is disabled, you will not be able to list or retrieve content.","title":"status","type":"string","x-ms-visibility":""},"webhook":{"description":"webhook","properties":{"address":{"description":"address","type":"string"},"authId":{"description":"authId","type":"string"},"expiration":{"description":"expiration","type":"string"},"status":{"description":"status","type":"string"}},"type":"object"}},"type":"object"},"WebhookPushResponse":{"items":{"properties":{"clientId":{"description":"","title":"Client ID","type":"string"},"contentCreated":{"type":"string"},"contentExpiration":{"type":"string"},"contentId":{"title":"Content ID","type":"string"},"contentType":{"type":"string"},"contentUri":{"type":"string"},"tenantId":{"type":"string"}},"required":["clientId","contentCreated","contentExpiration","contentId","contentType","contentUri","tenantId"],"type":"object"},"type":"array"}},"host":"manage.office.com","info":{"description":"Connects to the Office 365 Management API.","title":"Office Management API","version":"1.0"},"parameters":{"ContentType-Audit":{"default":"Audit.General","description":"Must be a valid content type.","enum":["Audit.AzureActiveDirectory","Audit.Exchange","Audit.SharePoint","Audit.General","DLP.All"],"in":"query","name":"contentType","required":false,"type":"string","x-ms-summary":"Content Type"},"PublisherIdentifier":{"in":"query","name":"PublisherIdentifier","required":false,"type":"string"},"Tenant":{"description":"Tenant ID","in":"path","name":"tenant","required":true,"type":"string","x-ms-summary":"Tenant ID"}},"paths":{"/{tenant}/activity/feed/audit/{contentId}":{"get":{"description":"GetContentDetails","operationId":"ListContentDetails","parameters":[{"in":"path","name":"tenant","required":true,"type":"string"},{"in":"path","name":"contentId","required":true,"type":"string"}],"responses":{"200":{"description":"default","schema":{"type":"string"}}},"summary":"GetContentDetails"}},"/{tenant}/activity/feed/subscriptions/content":{"get":{"description":"Lists the content endpoints available.","operationId":"ListContent","parameters":[{"$ref":"#/parameters/Tenant"},{"$ref":"#/parameters/ContentType-Audit"},{"$ref":"#/parameters/PublisherIdentifier"},{"default":"2019-02-01","in":"query","name":"startTime","required":false,"type":"string"},{"default":"2019-02-10","in":"query","name":"endTime","required":false,"type":"string"},{"default":"application/json","in":"header","name":"Content-Type","required":false,"type":"string"}],"responses":{"200":{"description":"default","headers":{"Content-Length":{"description":"Content-Length","type":"integer"}},"schema":{"$ref":"#/definitions/ResourceArray-ContentCluster"}}},"summary":"List audit log content"}},"/{tenant}/activity/feed/subscriptions/list":{"get":{"description":"List subscriptions","operationId":"ListSubscriptions","parameters":[{"in":"path","name":"tenant","required":true,"type":"string"}],"responses":{"default":{"description":"default","schema":{"items":{"properties":{"contentType":{"description":"contentType","type":"string"},"status":{"description":"status","type":"string"},"webhook":{"description":"webhook","properties":{"address":{"description":"address","type":"string"},"authId":{"description":"authId","type":"string"},"expiration":{"description":"expiration","type":"string"},"status":{"description":"status","type":"string"}},"type":"object"}},"type":"object"},"type":"array"}}},"summary":"List Subscriptions"}},"/{tenant}/activity/feed/subscriptions/start":{"x-ms-notification-content":{"description":"Details for Webhook","schema":{"$ref":"#/definitions/WebhookPushResponse"}},"post":{"description":"If a subscription to the specified content type already exists, this operation is used to:  Update the properties of an active webhook.  Enable a webhook that was disabled because of excessive failed notifications.  Re-enable an expired webhook by specifying a later or null expiration date.  Remove a webhook.","operationId":"StartSubscription","parameters":[{"description":"The tenant GUID.","in":"path","name":"tenant","required":true,"type":"string","x-ms-summary":"Tenant ID"},{"default":"Audit.General","description":"Must be a valid content type.","enum":["Audit.AzureActiveDirectory","Audit.Exchange","Audit.SharePoint","Audit.General","DLP.All"],"in":"query","name":"contentType","required":true,"type":"string","x-ms-summary":"Content type (API)"},{"description":"The tenant GUID of the vendor coding against the API. This is not the application GUID or the GUID of the customer using the application, but the GUID of the company writing the code. This parameter is used for throttling the request rate. Make sure this parameter is specified in all issued requests to get a dedicated quota. All requests received without this parameter will share the same quota.","in":"query","name":"PublisherIdentifier","required":true,"type":"string","x-ms-summary":"Publisher identifier"},{"default":"application/json; utf-8","description":"The content type specified in the call. Defaults to \"application/json; utf-8\".","in":"header","name":"Content-Type","required":false,"type":"string","x-ms-summary":"Content type (Request)","x-ms-visibility":"advanced"},{"in":"body","name":"body","required":false,"schema":{"properties":{"webhook":{"description":"webhook","properties":{"address":{"description":"Required HTTPS endpoint that can receive notifications. A test message will be sent to the webhook to validate the webhook before creating the subscription.","title":"Address","type":"string","x-ms-notification-url":true,"x-ms-visibility":"internal"},"authId":{"description":"Optional string that will be included as the WebHook-AuthID header in notifications sent to the webhook as a means of identifying and authorizing the source of the request to the webhook.","title":"Authorization ID","type":"string"},"expiration":{"description":"Optional datetime that indicates a datetime after which notifications should no longer be sent to the webhook.","title":"Expiration","type":"string","x-ms-visibility":"advanced"}},"required":["address"],"type":"object"}},"required":["webhook"],"type":"object","x-ms-visibility":"advanced"},"x-ms-visibility":"advanced"}],"responses":{"200":{"description":"default","schema":{"$ref":"#/definitions/StartConfirmation"}}},"summary":"When an Audit event occurs","x-ms-trigger":"single"}},"/{tenant}/activity/feed/subscriptions/stop":{"post":{"description":"Stops the webhook subscription","operationId":"StopSubscription","parameters":[{"in":"path","name":"tenant","required":true,"type":"string"},{"in":"query","name":"contentType","required":false,"type":"string"},{"in":"query","name":"PublisherIdentifier","required":false,"type":"string"}],"responses":{"default":{"description":"default","schema":{"type":"string"}}},"summary":"Stop subscription"}}},"produces":[],"responses":{},"schemes":["https"],"security":[{"oauth2_auth":[]}],"securityDefinitions":{"oauth2_auth":{"authorizationUrl":"https://login.windows.net/common/oauth2/authorize","flow":"accessCode","scopes":{},"tokenUrl":"https://login.windows.net/common/oauth2/authorize","type":"oauth2"}},"swagger":"2.0","tags":[]}