{"token":{"type":"oauthSetting","oAuthSettings":{"identityProvider":"aad","clientId":"e2c3b58b-7b9f-48ca-aa63-3382827fcaab","scopes":[],"redirectMode":"Global","redirectUrl":"https://global.consent.azure-apim.net/redirect","properties":{"IsFirstParty":"False","AzureActiveDirectoryResourceId":"https://manage.office.com","IsOnbehalfofLoginSupported":true},"customParameters":{"loginUri":{"value":"https://login.windows.net"},"tenantId":{"value":"common"},"resourceUri":{"value":"https://manage.office.com"},"enableOnbehalfOfLogin":{"value":"false"}}}},"token:TenantId":{"type":"string","metadata":{"sourceType":"AzureActiveDirectoryTenant"},"uiDefinition":{"constraints":{"required":"false","hidden":"true"}}}}