{"name":"1aa20735-c2b3-4e53-91e9-a78f8e9b03fc","id":"/providers/Microsoft.Flow/flows/1aa20735-c2b3-4e53-91e9-a78f8e9b03fc","type":"Microsoft.Flow/flows","properties":{"apiId":"/providers/Microsoft.PowerApps/apis/shared_logicflows","displayName":"When a file is created in a folder -> Recognize text in an image or...","definition":{"metadata":{"workflowEntityId":null,"processAdvisorMetadata":null,"flowclientsuspensionreason":"None","flowclientsuspensiontime":null,"creator":{"id":"16e3aed5-5519-4163-8eb8-35e2610d9d70","type":"User","tenantId":"c69599cb-a28d-4462-8b10-e56da29e2b05"},"provisioningMethod":"FromDefinition","failureAlertSubscription":true,"clientLastModifiedTime":"2021-11-26T10:32:06.5958764Z"},"$schema":"https://schema.management.azure.com/providers/Microsoft.Logic/schemas/2016-06-01/workflowdefinition.json#","contentVersion":"1.0.0.0","parameters":{"$connections":{"defaultValue":{},"type":"Object"},"$authentication":{"defaultValue":{},"type":"SecureObject"}},"triggers":{"When_a_file_is_created_in_a_folder":{"recurrence":{"frequency":"Minute","interval":1},"metadata":{"%252fDummyDocumenten":"/DummyDocumenten","operationMetadataId":"c80b4ecb-ba9a-4662-9c67-6eedcfada472"},"type":"OpenApiConnection","inputs":{"host":{"apiId":"/providers/Microsoft.PowerApps/apis/shared_sharepointonline","connectionName":"shared_sharepointonline","operationId":"OnNewFile"},"parameters":{"dataset":"https://stijnjanssen.sharepoint.com/sites/VoorbeeldSite","folderId":"%252fDummyDocumenten","inferContentType":true},"authentication":"@parameters('$authentication')"}}},"actions":{"Recognize_text_in_an_image_or_a_PDF_document":{"runAfter":{},"metadata":{"operationMetadataId":"4ca08af3-24cf-47cb-85e8-1146f42d2c41","flowSystemMetadata":{"portalOperationId":"aibuilderpredict_textrecognition","portalOperationGroup":"aibuilder","portalOperationApiDisplayNameOverride":"AI Builder","portalOperationIconOverride":"https://psuxemea.azureedge.net/Content/Images/DesignerOperations/aiBuilder.png","portalOperationBrandColorOverride":"#742775","portalOperationApiTierOverride":"Standard"}},"type":"OpenApiConnection","inputs":{"host":{"apiId":"/providers/Microsoft.PowerApps/apis/shared_commondataserviceforapps","connectionName":"shared_commondataserviceforapps","operationId":"aibuilderpredict_textrecognition"},"parameters":{"item/requestv2/base64Encoded":"@triggerOutputs()?['body']","recordId":"86419a67-205a-454f-b6fc-601394f2786d"},"authentication":"@parameters('$authentication')"}},"Send_an_email_(V2)":{"runAfter":{"Initialize_variable_2":["Succeeded"]},"metadata":{"operationMetadataId":"fba128e8-bdb7-4c99-a7b7-7177527da697"},"type":"OpenApiConnection","inputs":{"host":{"apiId":"/providers/Microsoft.PowerApps/apis/shared_office365","connectionName":"shared_office365","operationId":"SendEmailV2"},"parameters":{"emailMessage/To":"info@stijnjanssen.nl","emailMessage/Subject":"Mooie vertaling","emailMessage/Body":"<p>Results: @{variables('Antwoord')}</p>"},"authentication":"@parameters('$authentication')"}},"Initialize_variable_2":{"runAfter":{"Recognize_text_in_an_image_or_a_PDF_document":["Succeeded"]},"metadata":{"operationMetadataId":"34d0e668-1807-412a-a945-d3a861c64584"},"type":"InitializeVariable","inputs":{"variables":[{"name":"Antwoord","type":"string","value":"@{outputs('Recognize_text_in_an_image_or_a_PDF_document')?['body/responsev2/predictionOutput']}"}]}}},"outputs":{}},"connectionReferences":{"shared_commondataserviceforapps":{"connectionName":"62f52a3bdbd9431fa48ab436a980807d","source":"Embedded","id":"/providers/Microsoft.PowerApps/apis/shared_commondataserviceforapps","tier":"NotSpecified"},"shared_office365":{"connectionName":"46c2500868264002b318fd53cbcc2334","source":"Embedded","id":"/providers/Microsoft.PowerApps/apis/shared_office365","tier":"NotSpecified"},"shared_sharepointonline":{"connectionName":"shared-sharepointonl-edeed9cb-bd9d-421c-a9c0-ab691a63927d","source":"Embedded","id":"/providers/Microsoft.PowerApps/apis/shared_sharepointonline","tier":"NotSpecified"}},"flowFailureAlertSubscribed":false}}