<environmentvariabledefinition schemaname="cat_GitHubOrgPlanExist">
  <defaultvalue>no</defaultvalue>
  <description default="Boolean Indicating GitHub paid org plan">
    <label description="Boolean Indicating GitHub paid org plan" languagecode="1033" />
  </description>
  <displayname default="GitHubOrgPlanExist">
    <label description="GitHubOrgPlanExist" languagecode="1033" />
  </displayname>
  <introducedversion>1.0.0.76</introducedversion>
  <iscustomizable>1</iscustomizable>
  <isrequired>0</isrequired>
  <type>100000002</type>
</environmentvariabledefinition>