{"name":"f246d4db-a231-4321-b7f9-980e7950143a","id":"/providers/Microsoft.Flow/flows/f246d4db-a231-4321-b7f9-980e7950143a","type":"Microsoft.Flow/flows","properties":{"apiId":"/providers/Microsoft.PowerApps/apis/shared_logicflows","displayName":"Als er een bestand wordt gemaakt -> naar PDF","definition":{"metadata":{"workflowEntityId":null,"processAdvisorMetadata":null,"flowclientsuspensionreason":"None","flowclientsuspensiontime":null,"creator":{"id":"16e3aed5-5519-4163-8eb8-35e2610d9d70","type":"User","tenantId":"c69599cb-a28d-4462-8b10-e56da29e2b05"},"provisioningMethod":"FromDefinition","failureAlertSubscription":true,"clientLastModifiedTime":"2021-11-26T10:10:34.0061266Z"},"$schema":"https://schema.management.azure.com/providers/Microsoft.Logic/schemas/2016-06-01/workflowdefinition.json#","contentVersion":"1.0.0.0","parameters":{"$connections":{"defaultValue":{},"type":"Object"},"$authentication":{"defaultValue":{},"type":"SecureObject"}},"triggers":{"When_a_file_is_created":{"recurrence":{"frequency":"Minute","interval":1},"metadata":{"6e202211-2856-4d17-9ded-5beb8b8626b0":"/","operationMetadataId":"cb25dc52-0d61-43b1-bd57-76a8ae7209ce"},"type":"OpenApiConnection","inputs":{"host":{"apiId":"/providers/Microsoft.PowerApps/apis/shared_onedriveforbusiness","connectionName":"shared_onedriveforbusiness","operationId":"OnNewFileV2"},"parameters":{"folderId":"6e202211-2856-4d17-9ded-5beb8b8626b0","includeSubfolders":true},"authentication":"@parameters('$authentication')"}}},"actions":{"Condition":{"actions":{"Convert_file_2":{"runAfter":{},"metadata":{"operationMetadataId":"7cafa187-c204-4c4f-8cd8-7fcb1a2d67e5"},"type":"OpenApiConnection","inputs":{"host":{"apiId":"/providers/Microsoft.PowerApps/apis/shared_onedriveforbusiness","connectionName":"shared_onedriveforbusiness","operationId":"ConvertFile"},"parameters":{"id":"@triggerOutputs()?['headers/x-ms-file-id']","type":"PDF"},"authentication":"@parameters('$authentication')"}},"Create_file_2":{"runAfter":{"Convert_file_2":["Succeeded"]},"metadata":{"operationMetadataId":"42938b97-2eeb-4a52-8c73-febdfc3340d1"},"type":"OpenApiConnection","inputs":{"host":{"apiId":"/providers/Microsoft.PowerApps/apis/shared_onedriveforbusiness","connectionName":"shared_onedriveforbusiness","operationId":"CreateFile"},"parameters":{"folderPath":"/","name":"mooistePDF","body":"@body('Convert_file_2')"},"authentication":"@parameters('$authentication')"},"runtimeConfiguration":{"contentTransfer":{"transferMode":"Chunked"}}}},"runAfter":{},"else":{"actions":{"Terminate":{"runAfter":{},"metadata":{"operationMetadataId":"58137fb8-9a72-4ef1-9406-fa791654c155"},"type":"Terminate","inputs":{"runStatus":"Failed","runError":{"code":"500","message":"Helaas, filetype was: @{triggerOutputs()?['headers/Content-Type']}"}}}}},"expression":{"equals":["@triggerOutputs()?['headers/Content-Type']","docx"]},"metadata":{"operationMetadataId":"9705daa3-8a57-424f-9773-f2bddba6de93"},"type":"If"}},"outputs":{}},"connectionReferences":{"shared_onedriveforbusiness":{"connectionName":"196ac4325e0f4ad2a53923731ad5792c","source":"Embedded","id":"/providers/Microsoft.PowerApps/apis/shared_onedriveforbusiness","tier":"NotSpecified"}},"flowFailureAlertSubscribed":false}}