{"name":"969cb644-d85c-4a44-a2fd-90e5f09ac200","id":"/providers/Microsoft.Flow/flows/969cb644-d85c-4a44-a2fd-90e5f09ac200","type":"Microsoft.Flow/flows","properties":{"apiId":"/providers/Microsoft.PowerApps/apis/shared_logicflows","displayName":"Teams chat naar Outlook event","definition":{"metadata":{"workflowEntityId":null,"processAdvisorMetadata":null,"flowclientsuspensionreason":"None","flowclientsuspensiontime":null,"creator":{"id":"16e3aed5-5519-4163-8eb8-35e2610d9d70","type":"User","tenantId":"c69599cb-a28d-4462-8b10-e56da29e2b05"},"provisioningMethod":"FromDefinition","failureAlertSubscription":true,"clientLastModifiedTime":"2021-12-03T15:06:26.9108662Z"},"$schema":"https://schema.management.azure.com/providers/Microsoft.Logic/schemas/2016-06-01/workflowdefinition.json#","contentVersion":"1.0.0.0","parameters":{"$connections":{"defaultValue":{},"type":"Object"},"$authentication":{"defaultValue":{},"type":"SecureObject"}},"triggers":{"When_a_new_channel_message_is_added":{"recurrence":{"frequency":"Minute","interval":1},"splitOn":"@triggerOutputs()?['body']","metadata":{"operationMetadataId":"d39e79cc-b9ac-4614-8656-0d92016b74cf"},"type":"OpenApiConnection","inputs":{"host":{"apiId":"/providers/Microsoft.PowerApps/apis/shared_teams","connectionName":"shared_teams","operationId":"OnNewChannelMessage"},"parameters":{"groupId":"c7d35409-1c62-444b-b314-7fdffffa0394","channelId":"19:5kRCZnzi4Slq7snQmModfsXi1ZDY2OZx5fgXAS19xxQ1@thread.tacv2"},"authentication":"@parameters('$authentication')"}}},"actions":{"Create_event_(V4)":{"runAfter":{"Html_to_text":["Succeeded"]},"metadata":{"operationMetadataId":"8a85f006-f136-472d-aae8-871e5371f7f3"},"type":"OpenApiConnection","inputs":{"host":{"apiId":"/providers/Microsoft.PowerApps/apis/shared_office365","connectionName":"shared_office365","operationId":"V4CalendarPostItem"},"parameters":{"table":"AAMkADQ5Yzk1NWEwLTkzNjUtNGMwMS05MjI5LTBlMTE0ODE5NjkzZQBGAAAAAABy5psBixeeRLC6VrvKh9M0BwAK26XovRliR4yntJozO1UzAAAAAAEGAAAK26XovRliR4yntJozO1UzAAAAACa_AAA=","item/subject":"Gebeurtenis door Teams chat","item/start":"@formatDateTime(concat(substring(outputs('Html_to_text')?['body'],9,10),' 08:00'),'yyyy-MM-dd mm:ss')","item/end":"@formatDateTime(concat(substring(outputs('Html_to_text')?['body'],9,10), ' 17:00'),'yyyy-MM-dd mm:ss')","item/timeZone":"(UTC+01:00) Amsterdam, Berlin, Bern, Rome, Stockholm, Vienna","item/body":"<p>@{substring(outputs('Html_to_text')?['body'], 9, 10)}</p>"},"authentication":"@parameters('$authentication')"}},"Html_to_text":{"runAfter":{},"metadata":{"operationMetadataId":"6ee4081b-56c3-43be-ab8d-03e055f236e8"},"type":"OpenApiConnection","inputs":{"host":{"apiId":"/providers/Microsoft.PowerApps/apis/shared_conversionservice","connectionName":"shared_conversionservice","operationId":"HtmlToText"},"parameters":{"Content":"<p>@{triggerOutputs()?['body/body/content']}</p>"},"authentication":"@parameters('$authentication')"}}},"outputs":{}},"connectionReferences":{"shared_office365":{"connectionName":"46c2500868264002b318fd53cbcc2334","source":"Embedded","id":"/providers/Microsoft.PowerApps/apis/shared_office365","tier":"NotSpecified"},"shared_conversionservice":{"connectionName":"shared-conversionser-efe31a82-04ad-4ed1-972b-08b8-8cee8d2f","source":"Embedded","id":"/providers/Microsoft.PowerApps/apis/shared_conversionservice","tier":"NotSpecified"},"shared_teams":{"connectionName":"shared-teams-de6a25e8-9fee-4f0a-a578-ec141c870bc2","source":"Embedded","id":"/providers/Microsoft.PowerApps/apis/shared_teams","tier":"NotSpecified"}},"flowFailureAlertSubscribed":false}}