{   "properties": {     "connectionReferences": {       "shared_commondataserviceforapps": {         "api": {           "name": "shared_commondataserviceforapps"         },         "connection": {           "connectionReferenceLogicalName": "cat_CDSConnection"         },         "runtimeSource": "embedded"       },       "shared_powerplatformforadmins": {         "api": {           "name": "shared_powerplatformforadmins"         },         "connection": {           "connectionReferenceLogicalName": "cat_AdminConnection"         },         "runtimeSource": "embedded"       }     },     "definition": {       "$schema": "https://schema.management.azure.com/providers/Microsoft.Logic/schemas/2016-06-01/workflowdefinition.json#",       "actions": {         "Catch": {           "actions": {             "Apply_to_each_2": {               "actions": {                 "Append_to_string_variable": {                   "inputs": {                     "name": "ErrorDetails",                     "value": "@{body('Fetch_Localized_Error_Message')?['Body']?['localizedtext']}\n"                   },                   "runAfter": {                     "Fetch_Localized_Error_Message": [                       "Succeeded"                     ]                   },                   "type": "AppendToStringVariable"                 },                 "Compose_Variables": {                   "inputs": "@concat('name==',items('Apply_to_each_2')?['name'],'##code==',items('Apply_to_each_2')?['code'],'##errorName==',if(equals(null, items('Apply_to_each_2')?['outputs']?['body']), items('Apply_to_each_2')?['error'], items('Apply_to_each_2')?['outputs']?['body']))",                   "runAfter": {},                   "type": "Compose"                 },                 "Fetch_Localized_Error_Message": {                   "inputs": {                     "body": {                       "text": "errorMessageFlow",                       "text_2": "@outputs('Compose_Variables')"                     },                     "host": {                       "workflowReferenceName": "4ada345e-9007-eb11-a813-000d3aa3e751"                     }                   },                   "runAfter": {                     "Compose_Variables": [                       "Succeeded"                     ]                   },                   "type": "Workflow"                 }               },               "foreach": "@body('Filter_array')",               "runAfter": {                 "Filter_array": [                   "Succeeded"                 ]               },               "type": "Foreach"             },             "Filter_array": {               "inputs": {                 "from": "@result('Try')",                 "where": "@or(equals(item()?['status'], 'Failed'), equals(item()?['status'], 'TimedOut'))"               },               "runAfter": {},               "type": "Query"             }           },           "runAfter": {             "Try": [               "Failed",               "Skipped",               "TimedOut"             ]           },           "type": "Scope"         },         "Initialize_Separator": {           "inputs": {             "variables": [               {                 "name": "Separator",                 "type": "string",                 "value": "@@"               }             ]           },           "runAfter": {             "Initialize_roleId": [               "Succeeded"             ]           },           "type": "InitializeVariable"         },         "Initialize_adminConnectorVersion": {           "inputs": {             "variables": [               {                 "name": "adminConnectorVersion",                 "type": "string",                 "value": "2020-10-01"               }             ]           },           "runAfter": {             "Initialize_Separator": [               "Succeeded"             ]           },           "type": "InitializeVariable"         },         "Initialize_error_details": {           "inputs": {             "variables": [               {                 "name": "ErrorDetails",                 "type": "string"               }             ]           },           "runAfter": {},           "type": "InitializeVariable"         },         "Initialize_roleId": {           "inputs": {             "variables": [               {                 "name": "roleId",                 "type": "string"               }             ]           },           "runAfter": {             "Initialize_error_details": [               "Succeeded"             ]           },           "type": "InitializeVariable"         },         "Respond_to_a_PowerApp_or_flow": {           "inputs": {             "body": {               "issuccess": "true"             },             "schema": {               "properties": {                 "issuccess": {                   "title": "isSuccess",                   "type": "string",                   "x-ms-dynamically-added": true                 }               },               "type": "object"             },             "statusCode": 200           },           "kind": "PowerApp",           "runAfter": {             "Try": [               "Succeeded"             ]           },           "type": "Response"         },         "Response": {           "inputs": {             "body": "@variables('ErrorDetails')",             "statusCode": 501           },           "kind": "Http",           "runAfter": {             "Catch": [               "Succeeded"             ]           },           "type": "Response"         },         "Try": {           "actions": {             "Apply_to_each": {               "actions": {                 "HTTP": {                   "inputs": {                     "body": {                       "@{variables('Separator')}odata.id": " @{triggerBody()['text']}api/data/v9.1/roles(@{first(body('GetRoleId')?['value'])?['roleid']})"                     },                     "headers": {                       "Accept": "application/json",                       "Content-Type": "application/json",                       "OData-MaxVersion": "4.0",                       "OData-Version": "4.0",                       "authorization": "Bearer @{body('Get_Token')?['access_token']}"                     },                     "method": "POST",                     "uri": "@{triggerBody()['text']}api/data/v9.1/systemusers(@{first(body('GetUserId')?['value'])?['systemuserid']})/systemuserroles_association/$ref"                   },                   "runAfter": {},                   "type": "Http"                 }               },               "foreach": "@outputs('List_records')?['body/value']",               "runAfter": {                 "Compose": [                   "Succeeded"                 ]               },               "type": "Foreach"             },             "Compose": {               "inputs": "@first(body('GetUserId')?['value'])?['systemuserid']",               "runAfter": {                 "GetRoleId": [                   "Succeeded"                 ]               },               "type": "Compose"             },             "Force_Sync_user": {               "inputs": {                 "authentication": {                   "type": "Raw",                   "value": "@json(decodeBase64(triggerOutputs().headers['X-MS-APIM-Tokens']))['$ConnectionKey']"                 },                 "host": {                   "apiId": "/providers/Microsoft.PowerApps/apis/shared_powerplatformforadmins",                   "connectionName": "shared_powerplatformforadmins",                   "operationId": "Add-AdminPowerAppsSyncUser"                 },                 "parameters": {                   "api-version": "@variables('adminConnectorVersion')",                   "body/ObjectId": "@outputs('Get_a_record')?['body/azureactivedirectoryobjectid']",                   "environment": "@triggerBody()['text_2']"                 }               },               "runAfter": {                 "List_records": [                   "Succeeded"                 ]               },               "type": "OpenApiConnection"             },             "GetRoleId": {               "inputs": {                 "headers": {                   "Accept": "application/json",                   "Content-Type": "application/json",                   "OData-MaxVersion": "4.0",                   "OData-Version": "4.0",                   "authorization": "Bearer @{body('Get_Token')?['access_token']}"                 },                 "method": "GET",                 "uri": "@{triggerBody()['text']}api/data/v9.1/roles?$filter=name eq 'System Customizer'"               },               "runAfter": {                 "GetUserId": [                   "Succeeded"                 ]               },               "type": "Http"             },             "GetUserId": {               "inputs": {                 "headers": {                   "Accept": "application/json",                   "Content-Type": "application/json",                   "OData-MaxVersion": "4.0",                   "OData-Version": "4.0",                   "authorization": "Bearer @{body('Get_Token')?['access_token']}"                 },                 "method": "GET",                 "uri": "@{triggerBody()['text']}api/data/v9.1/systemusers?$filter=azureactivedirectoryobjectid eq '@{outputs('Get_a_record')?['body/azureactivedirectoryobjectid']}'"               },               "runAfter": {                 "Force_Sync_user": [                   "Succeeded"                 ]               },               "type": "Http"             },             "Get_Client_Id": {               "inputs": {                 "body": {                   "text": "cat_clientId"                 },                 "host": {                   "workflowReferenceName": "b2b37f18-27e8-ea11-a817-000d3a56b702"                 }               },               "runAfter": {},               "type": "Workflow"             },             "Get_Token": {               "inputs": {                 "body": "client_id=@{outputs('Get_Client_Id')?['Body']?['envvalue']}&resource=@{triggerBody()['text']}&grant_type=password&username=@{triggerBody()['text_3']}&password=@{triggerBody()['text_4']}",                 "headers": {                   "Content-Type": "application/x-www-form-urlencoded"                 },                 "method": "POST",                 "uri": "https://login.microsoftonline.com/common/oauth2/token"               },               "runAfter": {                 "Get_Client_Id": [                   "Succeeded"                 ]               },               "runtimeConfiguration": {                 "secureData": {                   "properties": [                     "inputs"                   ]                 }               },               "type": "Http"             },             "Get_a_record": {               "inputs": {                 "authentication": {                   "type": "Raw",                   "value": "@json(decodeBase64(triggerOutputs().headers['X-MS-APIM-Tokens']))['$ConnectionKey']"                 },                 "host": {                   "apiId": "/providers/Microsoft.PowerApps/apis/shared_commondataserviceforapps",                   "connectionName": "shared_commondataserviceforapps",                   "operationId": "GetItem"                 },                 "parameters": {                   "entityName": "systemusers",                   "recordId": "@triggerBody()['text_1']"                 }               },               "runAfter": {                 "Get_Token": [                   "Succeeded"                 ]               },               "type": "OpenApiConnection"             },             "List_records": {               "inputs": {                 "authentication": {                   "type": "Raw",                   "value": "@json(decodeBase64(triggerOutputs().headers['X-MS-APIM-Tokens']))['$ConnectionKey']"                 },                 "host": {                   "apiId": "/providers/Microsoft.PowerApps/apis/shared_commondataserviceforapps",                   "connectionName": "shared_commondataserviceforapps",                   "operationId": "ListRecords"                 },                 "parameters": {                   "$filter": "name eq 'System Customizer'",                   "$select": "roleid",                   "$top": 1,                   "entityName": "roles"                 }               },               "runAfter": {                 "Get_a_record": [                   "Succeeded"                 ]               },               "type": "OpenApiConnection"             }           },           "runAfter": {             "Initialize_adminConnectorVersion": [               "Succeeded"             ]           },           "type": "Scope"         }       },       "contentVersion": "1.0.0.0",       "outputs": {},       "parameters": {         "$authentication": {           "defaultValue": {},           "type": "SecureObject"         },         "$connections": {           "defaultValue": {},           "type": "Object"         }       },       "triggers": {         "manual": {           "inputs": {             "schema": {               "properties": {                 "text": {                   "description": "Please enter your input",                   "title": "envUrl",                   "type": "string",                   "x-ms-content-hint": "TEXT",                   "x-ms-dynamically-added": true                 },                 "text_1": {                   "description": "Please enter your input",                   "title": "userId",                   "type": "string",                   "x-ms-content-hint": "TEXT",                   "x-ms-dynamically-added": true                 },                 "text_2": {                   "description": "Please enter your input",                   "title": "envName",                   "type": "string",                   "x-ms-content-hint": "TEXT",                   "x-ms-dynamically-added": true                 },                 "text_3": {                   "description": "Please enter your input",                   "title": "username",                   "type": "string",                   "x-ms-content-hint": "TEXT",                   "x-ms-dynamically-added": true                 },                 "text_4": {                   "description": "Please enter your input",                   "title": "password",                   "type": "string",                   "x-ms-content-hint": "TEXT",                   "x-ms-dynamically-added": true                 },                 "text_5": {                   "description": "Please enter your input",                   "title": "tenantId",                   "type": "string",                   "x-ms-content-hint": "TEXT",                   "x-ms-dynamically-added": true                 }               },               "required": [                 "text",                 "text_1",                 "text_2",                 "text_3",                 "text_4",                 "text_5"               ],               "type": "object"             }           },           "kind": "Button",           "runtimeConfiguration": {             "secureData": {               "properties": [                 "inputs",                 "outputs"               ]             }           },           "type": "Request"         }       }     }   },   "schemaVersion": "1.0.0.0" }
