{   "properties": {     "connectionReferences": {       "shared_approvals": {         "api": {           "name": "shared_approvals"         },         "connection": {           "connectionReferenceLogicalName": "cat_ApprovalConnection"         },         "runtimeSource": "embedded"       },       "shared_commondataserviceforapps": {         "api": {           "name": "shared_commondataserviceforapps"         },         "connection": {           "connectionReferenceLogicalName": "cat_CDSConnection"         },         "runtimeSource": "embedded"       }     },     "definition": {       "$schema": "https://schema.management.azure.com/providers/Microsoft.Logic/schemas/2016-06-01/workflowdefinition.json#",       "actions": {         "Catch": {           "actions": {             "Apply_to_each": {               "actions": {                 "Append_to_string_variable": {                   "inputs": {                     "name": "ErrorDetails",                     "value": "@{outputs('Fetch_Localized_Error_Message')?['Body']?['localizedtext']}\n"                   },                   "runAfter": {                     "Fetch_Localized_Error_": [                       "Succeeded"                     ]                   },                   "type": "AppendToStringVariable"                 },                 "Fetch_Localized_Error_": {                   "actions": {                     "Compose_8": {                       "inputs": "@concat('name==',items('Apply_to_each')?['name'],'##code==',items('Apply_to_each')?['code'],'##errorName==',if(equals(null,items('Apply_to_each')?['outputs']?['body']),items('Apply_to_each')?['error'],items('Apply_to_each')?['outputs']?['body']))",                       "runAfter": {},                       "type": "Compose"                     },                     "Fetch_Localized_Error_Message": {                       "inputs": {                         "body": {                           "text": "errorMessageFlow",                           "text_2": "@outputs('Compose_8')"                         },                         "host": {                           "workflowReferenceName": "4ada345e-9007-eb11-a813-000d3aa3e751"                         }                       },                       "runAfter": {                         "Compose_8": [                           "Succeeded"                         ]                       },                       "type": "Workflow"                     }                   },                   "runAfter": {},                   "type": "Scope"                 },                 "Log_Telemetry": {                   "inputs": {                     "body": {                       "text": "@variables('CorrelationID')",                       "text_1": "Error",                       "text_12": "@workflow()?['run']?['name']",                       "text_2": "@triggerOutputs()?['body/cat_projectid']",                       "text_3": "Project Creation",                       "text_4": "@string(if(equals(null,items('Apply_to_each')?['outputs']?['body']),items('Apply_to_each')?['error'],items('Apply_to_each')?['outputs']?['body']))",                       "text_6": "@workflow()?['tags']?['flowDisplayName']",                       "text_8": "@items('Apply_to_each')?['name']"                     },                     "host": {                       "workflowReferenceName": "05dc414d-78eb-ea11-a817-000d3a56b702"                     }                   },                   "runAfter": {                     "Append_to_string_variable": [                       "Succeeded"                     ]                   },                   "type": "Workflow"                 }               },               "foreach": "@body('Filter_array')",               "runAfter": {                 "Filter_array": [                   "Succeeded"                 ]               },               "type": "Foreach"             },             "Condition": {               "actions": {                 "Update_Project_with_Error": {                   "inputs": {                     "authentication": "@parameters('$authentication')",                     "host": {                       "apiId": "/providers/Microsoft.PowerApps/apis/shared_commondataserviceforapps",                       "connectionName": "shared_commondataserviceforapps",                       "operationId": "UpdateRecord"                     },                     "parameters": {                       "entityName": "cat_projects",                       "item/cat_errormessage": "@concat('RunID: ', workflow()?['run']?['name'], '\r\nFlow: ' ,workflow()['tags']?['flowDisplayName'], '\r\nError: ', variables('ErrorDetails'))",                       "item/cat_projectstatus": 809060003,                       "recordId": "@triggerOutputs()?['body/cat_projectid']"                     }                   },                   "runAfter": {},                   "type": "OpenApiConnection"                 }               },               "else": {                 "actions": {                   "Update_Project_with_Error_2": {                     "inputs": {                       "authentication": "@parameters('$authentication')",                       "host": {                         "apiId": "/providers/Microsoft.PowerApps/apis/shared_commondataserviceforapps",                         "connectionName": "shared_commondataserviceforapps",                         "operationId": "UpdateRecord"                       },                       "parameters": {                         "entityName": "cat_projects",                         "item/cat_deploymentstatus": 809060007,                         "item/cat_errormessage": "@concat('RunID: ', workflow()?['run']?['name'], '\r\nFlow: ' ,workflow()['tags']?['flowDisplayName'], '\r\nError: ', variables('ErrorDetails'))",                         "item/cat_projectstatus": 809060003,                         "recordId": "@triggerOutputs()?['body/cat_projectid']"                       }                     },                     "runAfter": {},                     "type": "OpenApiConnection"                   }                 }               },               "expression": {                 "equals": [                   "@variables('projectUpdated')",                   "true"                 ]               },               "runAfter": {                 "Apply_to_each": [                   "Succeeded"                 ]               },               "type": "If"             },             "Fetch_Localized_Project_Failed_Notification": {               "actions": {                 "Compose_10": {                   "inputs": "@concat('projectName==',triggerOutputs()?['body/cat_name'],'##flowName==',workflow()['tags']?['flowDisplayName'],'##flowRunId==',workflow()['run']?['name'],'##errorDetails==',variables('ErrorDetails'))",                   "runAfter": {                     "Fetch_Localized_Subject_3": [                       "Succeeded"                     ]                   },                   "type": "Compose"                 },                 "Compose_11": {                   "inputs": "@concat('firstName==',outputs('Get_User_Details')?['body/firstname'],'##lastName==',outputs('Get_User_Details')?['body/lastname'],'##projectName==',triggerOutputs()?['body/cat_name'])",                   "runAfter": {                     "Fetch_Localized_Admin_Notification": [                       "Succeeded"                     ]                   },                   "type": "Compose"                 },                 "Compose_9": {                   "inputs": "@concat('projectName==',triggerOutputs()?['body/cat_name'])",                   "runAfter": {},                   "type": "Compose"                 },                 "Fetch_Localized_Admin_Notification": {                   "inputs": {                     "body": {                       "text": "createProjectFlow8",                       "text_2": "@outputs('Compose_10')"                     },                     "host": {                       "workflowReferenceName": "4ada345e-9007-eb11-a813-000d3aa3e751"                     }                   },                   "runAfter": {                     "Compose_10": [                       "Succeeded"                     ]                   },                   "type": "Workflow"                 },                 "Fetch_Localized_Owner_Notification": {                   "inputs": {                     "body": {                       "text": "createProjectFlow9",                       "text_2": "@outputs('Compose_11')"                     },                     "host": {                       "workflowReferenceName": "4ada345e-9007-eb11-a813-000d3aa3e751"                     }                   },                   "runAfter": {                     "Compose_11": [                       "Succeeded"                     ]                   },                   "type": "Workflow"                 },                 "Fetch_Localized_Subject_3": {                   "inputs": {                     "body": {                       "text": "createProjectFlow7",                       "text_2": "@outputs('Compose_9')"                     },                     "host": {                       "workflowReferenceName": "4ada345e-9007-eb11-a813-000d3aa3e751"                     }                   },                   "runAfter": {                     "Compose_9": [                       "Succeeded"                     ]                   },                   "type": "Workflow"                 }               },               "runAfter": {                 "Condition": [                   "Succeeded"                 ]               },               "type": "Scope"             },             "Filter_array": {               "inputs": {                 "from": "@result('Try')",                 "where": "@or(equals(item()?['status'], 'Failed'),equals(item()?['status'], 'TimedOut'))"               },               "runAfter": {},               "type": "Query"             },             "Send_Project_Failed_Notification:_Admin": {               "inputs": {                 "body": {                   "text": "@{outputs('Read_Admin_Email')?['Body']?['envvalue']};@{outputs('Get_Project_Stage_Record_2')?['body/cat_stageowner']}",                   "text_1": "@outputs('Fetch_Localized_Subject_3')?['Body']?['localizedtext']",                   "text_2": "@outputs('Fetch_Localized_Admin_Notification')?['Body']?['localizedtext']",                   "text_5": "@variables('CorrelationID')"                 },                 "host": {                   "workflowReferenceName": "4528dfaf-782e-eb11-a813-000d3a33febe"                 }               },               "runAfter": {                 "Fetch_Localized_Project_Failed_Notification": [                   "Succeeded"                 ]               },               "type": "Workflow"             },             "Send_Project_Failed_Notification:_Owner": {               "inputs": {                 "body": {                   "text": "@outputs('Get_User_Details')?['body/domainname']",                   "text_1": "@outputs('Fetch_Localized_Subject_3')?['Body']?['localizedtext']",                   "text_2": "@outputs('Fetch_Localized_Owner_Notification')?['Body']?['localizedtext']",                   "text_5": "@variables('CorrelationID')"                 },                 "host": {                   "workflowReferenceName": "4528dfaf-782e-eb11-a813-000d3a33febe"                 }               },               "runAfter": {                 "Send_Project_Failed_Notification:_Admin": [                   "Succeeded",                   "Failed",                   "Skipped",                   "TimedOut"                 ]               },               "type": "Workflow"             }           },           "runAfter": {             "Try": [               "Failed",               "TimedOut"             ]           },           "type": "Scope"         },         "DevEnvPreReqSetup": {           "inputs": {             "variables": [               {                 "name": "DevEnvPreReqSetup",                 "type": "string"               }             ]           },           "runAfter": {             "Initialize_variable_3": [               "Succeeded"             ]           },           "type": "InitializeVariable"         },         "Finally": {           "actions": {},           "runAfter": {             "Catch": [               "Skipped",               "Failed",               "Succeeded",               "TimedOut"             ]           },           "type": "Scope"         },         "Initialize_CorrelationID": {           "inputs": {             "variables": [               {                 "name": "CorrelationID",                 "type": "string",                 "value": "@{if(equals(workflow()?['run']?['name'],null),guid(),workflow()?['run']?['name'])}"               }             ]           },           "runAfter": {},           "type": "InitializeVariable"         },         "Initialize_error_details": {           "inputs": {             "variables": [               {                 "name": "ErrorDetails",                 "type": "string"               }             ]           },           "runAfter": {             "Initialize_variable_4": [               "Succeeded"             ]           },           "type": "InitializeVariable"         },         "Initialize_variable": {           "inputs": {             "variables": [               {                 "name": "separator",                 "type": "string",                 "value": "@@"               }             ]           },           "runAfter": {             "Initialize_error_details": [               "Succeeded"             ]           },           "type": "InitializeVariable"         },         "Initialize_variable_2": {           "inputs": {             "variables": [               {                 "name": "repoName",                 "type": "string",                 "value": "@{replace(triggerOutputs()?['body/cat_name'], ' ', '')}"               }             ]           },           "runAfter": {             "Initialize_variable": [               "Succeeded"             ]           },           "type": "InitializeVariable"         },         "Initialize_variable_3": {           "inputs": {             "variables": [               {                 "name": "branchName",                 "type": "string"               }             ]           },           "runAfter": {             "Initialize_variable_2": [               "Succeeded"             ]           },           "type": "InitializeVariable"         },         "Initialize_variable_4": {           "inputs": {             "variables": [               {                 "name": "projectUpdated",                 "type": "string",                 "value": "false"               }             ]           },           "runAfter": {             "Initialize_CorrelationID": [               "Succeeded"             ]           },           "type": "InitializeVariable"         },         "Try": {           "actions": {             "Assign_Role": {               "inputs": {                 "body": {                   "text": "@outputs('RunCreateEnvironmentFlow')?['Body']?['url']",                   "text_1": "@triggerOutputs()?['body/_ownerid_value']",                   "text_2": "@outputs('RunCreateEnvironmentFlow')?['Body']?['name']",                   "text_3": "@outputs('Get_Project_Stage_Record_2')?['body/cat_username']",                   "text_4": "@outputs('Get_Project_Stage_Record_2')?['body/cat_password']",                   "text_5": "@outputs('RunCreateEnvironmentFlow')?['Body']?['tenantid']"                 },                 "host": {                   "workflowReferenceName": "cc597e78-44ef-ea11-a815-000d3a1abe26"                 },                 "retryPolicy": {                   "type": "none"                 }               },               "runAfter": {                 "Create_a_Dev_Environment_Record": [                   "Succeeded"                 ]               },               "runtimeConfiguration": {                 "secureData": {                   "properties": [                     "inputs"                   ]                 }               },               "type": "Workflow"             },             "Compose": {               "inputs": "@variables('DevEnvPreReqSetup')",               "runAfter": {                 "Run_Flow_-_Setup_Dev_Environment": [                   "Succeeded",                   "Failed",                   "Skipped",                   "TimedOut"                 ]               },               "type": "Compose"             },             "Condition_3": {               "actions": {},               "else": {                 "actions": {                   "Apply_to_each_3": {                     "actions": {                       "Fetch_Localized_Rejection_Notification": {                         "actions": {                           "Compose_4": {                             "inputs": "@concat('projectName==',triggerOutputs()?['body/cat_name'])",                             "runAfter": {},                             "type": "Compose"                           },                           "Compose_5": {                             "inputs": "@concat('firstName==',outputs('Get_User_Details')?['body/firstname'],'##projectName==',triggerOutputs()?['body/cat_name'],'##rejectedBy==',items('Apply_to_each_3')?['responder/displayName'],'##rejectionReason==',items('Apply_to_each_3')?['comments'])",                             "runAfter": {                               "Fetch_Localized_Subject": [                                 "Succeeded"                               ]                             },                             "type": "Compose"                           },                           "Fetch_Localized_Body": {                             "inputs": {                               "body": {                                 "text": "createProjectFlow4",                                 "text_2": "@outputs('Compose_5')"                               },                               "host": {                                 "workflowReferenceName": "4ada345e-9007-eb11-a813-000d3aa3e751"                               }                             },                             "runAfter": {                               "Compose_5": [                                 "Succeeded"                               ]                             },                             "type": "Workflow"                           },                           "Fetch_Localized_Subject": {                             "inputs": {                               "body": {                                 "text": "createProjectFlow3",                                 "text_2": "@outputs('Compose_4')"                               },                               "host": {                                 "workflowReferenceName": "4ada345e-9007-eb11-a813-000d3aa3e751"                               }                             },                             "runAfter": {                               "Compose_4": [                                 "Succeeded"                               ]                             },                             "type": "Workflow"                           }                         },                         "runAfter": {},                         "type": "Scope"                       },                       "Send_Rejection_Notification": {                         "inputs": {                           "body": {                             "text": "@outputs('Get_User_Details')?['body/domainname']",                             "text_1": "@outputs('Fetch_Localized_Subject')?['Body']?['localizedtext']",                             "text_2": "@outputs('Fetch_Localized_Body')?['Body']?['localizedtext']"                           },                           "host": {                             "workflowReferenceName": "4528dfaf-782e-eb11-a813-000d3a33febe"                           }                         },                         "runAfter": {                           "Fetch_Localized_Rejection_Notification": [                             "Succeeded"                           ]                         },                         "type": "Workflow"                       }                     },                     "foreach": "@outputs('Start_and_wait_for_an_approval')?['body/responses']",                     "runAfter": {                       "Update_a_record_2": [                         "Succeeded"                       ]                     },                     "type": "Foreach"                   },                   "Terminate": {                     "inputs": {                       "runStatus": "Succeeded"                     },                     "runAfter": {                       "Apply_to_each_3": [                         "Succeeded"                       ]                     },                     "type": "Terminate"                   },                   "Update_a_record_2": {                     "inputs": {                       "authentication": "@parameters('$authentication')",                       "host": {                         "apiId": "/providers/Microsoft.PowerApps/apis/shared_commondataserviceforapps",                         "connectionName": "shared_commondataserviceforapps",                         "operationId": "UpdateRecord"                       },                       "parameters": {                         "entityName": "cat_projects",                         "item/cat_projectstatus": 809060000,                         "recordId": "@triggerOutputs()?['body/cat_projectid']"                       }                     },                     "runAfter": {},                     "type": "OpenApiConnection"                   }                 }               },               "expression": {                 "equals": [                   "@outputs('Start_and_wait_for_an_approval')?['body/outcome']",                   "Approve"                 ]               },               "runAfter": {                 "Set_variable": [                   "Succeeded"                 ]               },               "type": "If"             },             "Create_Blank_Solution": {               "inputs": {                 "body": {                   "text": "@outputs('RunCreateEnvironmentFlow')?['Body']?['url']",                   "text_1": "@triggerOutputs()?['body/cat_name']",                   "text_2": "@outputs('RunCreateEnvironmentFlow')?['Body']?['tenantid']",                   "text_3": "@outputs('Get_Project_Stage_Record_2')?['body/cat_username']",                   "text_4": "@outputs('Get_Project_Stage_Record_2')?['body/cat_password']"                 },                 "host": {                   "workflowReferenceName": "c5ecb6ea-e4e1-ea11-a813-000d3a1abe26"                 },                 "retryPolicy": {                   "type": "none"                 }               },               "runAfter": {                 "Create_Repo": [                   "Succeeded"                 ]               },               "runtimeConfiguration": {                 "secureData": {                   "properties": [                     "inputs"                   ]                 }               },               "type": "Workflow"             },             "Create_Repo": {               "inputs": {                 "body": {                   "text": "@outputs('RunCreateEnvironmentFlow')?['Body']?['url']",                   "text_1": "@variables('repoName')",                   "text_2": "@triggerOutputs()?['body/cat_orgname']"                 },                 "host": {                   "workflowReferenceName": "ad40cdeb-dce1-ea11-a813-000d3a56b702"                 },                 "retryPolicy": {                   "type": "none"                 }               },               "runAfter": {                 "Assign_Role": [                   "Succeeded"                 ]               },               "type": "Workflow"             },             "Create_a_Dev_Environment_Record": {               "inputs": {                 "authentication": "@parameters('$authentication')",                 "host": {                   "apiId": "/providers/Microsoft.PowerApps/apis/shared_commondataserviceforapps",                   "connectionName": "shared_commondataserviceforapps",                   "operationId": "CreateRecord"                 },                 "parameters": {                   "entityName": "cat_devenvironments",                   "item/cat_displayname": "@outputs('RunCreateEnvironmentFlow')?['Body']?['displayname']",                   "item/cat_expirationdate": "@addDays(utcNow(), 30)",                   "item/cat_name": "@outputs('RunCreateEnvironmentFlow')?['Body']?['name']",                   "item/cat_url": "@outputs('RunCreateEnvironmentFlow')?['Body']?['url']"                 }               },               "runAfter": {                 "RunCreateEnvironmentFlow": [                   "Succeeded"                 ]               },               "type": "OpenApiConnection"             },             "Fetch_Localized_Message_for_Approval": {               "actions": {                 "Compose_2": {                   "inputs": "@concat('projectName==',triggerOutputs()?['body/cat_name'])",                   "runAfter": {},                   "type": "Compose"                 },                 "Compose_3": {                   "inputs": "@concat('firstName==',outputs('Get_User_Details')?['body/firstname'],'##lastName==',outputs('Get_User_Details')?['body/lastname'],'##projectName==',triggerOutputs()?['body/cat_name'],'##projectDescription==',triggerOutputs()?['body/cat_description'])",                   "runAfter": {                     "Fetch_Localized_Title": [                       "Succeeded"                     ]                   },                   "type": "Compose"                 },                 "Fetch_Localized_Details": {                   "inputs": {                     "body": {                       "text": "createProjectFlow2",                       "text_2": "@outputs('Compose_3')"                     },                     "host": {                       "workflowReferenceName": "4ada345e-9007-eb11-a813-000d3aa3e751"                     }                   },                   "runAfter": {                     "Compose_3": [                       "Succeeded"                     ]                   },                   "type": "Workflow"                 },                 "Fetch_Localized_Title": {                   "inputs": {                     "body": {                       "text": "createProjectFlow1",                       "text_2": "@outputs('Compose_2')"                     },                     "host": {                       "workflowReferenceName": "4ada345e-9007-eb11-a813-000d3aa3e751"                     }                   },                   "runAfter": {                     "Compose_2": [                       "Succeeded"                     ]                   },                   "type": "Workflow"                 }               },               "runAfter": {                 "Get_Project_Stage_Record_2": [                   "Succeeded"                 ]               },               "type": "Scope"             },             "Fetch_Localized_Project_Created_Notification": {               "actions": {                 "Compose_6": {                   "inputs": "@concat('projectName==',triggerOutputs()?['body/cat_name'])",                   "runAfter": {},                   "type": "Compose"                 },                 "Compose_7": {                   "inputs": "@concat('firstName==',outputs('Get_User_Details')?['body/firstname'],'##projectName==',triggerOutputs()?['body/cat_name'],'##environmentName==',outputs('Create_a_Dev_Environment_Record')?['body/cat_name'],'##solutionId==',outputs('Create_Blank_Solution')?['Body']?['solutionid'])",                   "runAfter": {                     "Fetch_Localized_Subject_2": [                       "Succeeded"                     ]                   },                   "type": "Compose"                 },                 "Fetch_Localized_Body_2": {                   "inputs": {                     "body": {                       "text": "createProjectFlow6",                       "text_2": "@outputs('Compose_7')"                     },                     "host": {                       "workflowReferenceName": "4ada345e-9007-eb11-a813-000d3aa3e751"                     }                   },                   "runAfter": {                     "Compose_7": [                       "Succeeded"                     ]                   },                   "type": "Workflow"                 },                 "Fetch_Localized_Subject_2": {                   "inputs": {                     "body": {                       "text": "createProjectFlow5",                       "text_2": "@outputs('Compose_6')"                     },                     "host": {                       "workflowReferenceName": "4ada345e-9007-eb11-a813-000d3aa3e751"                     }                   },                   "runAfter": {                     "Compose_6": [                       "Succeeded"                     ]                   },                   "type": "Workflow"                 }               },               "runAfter": {                 "Update_Project_Repo_with_Repo_,_Env,_and_Org": [                   "Succeeded"                 ]               },               "type": "Scope"             },             "Fetch_Localized_Project_Creation_Notification:_Admin": {               "actions": {                 "Compose_12": {                   "inputs": "@concat('projectName==',outputs('Update_Project_Repo_with_Repo_,_Env,_and_Org')?['body/cat_name'],'##orgName==',outputs('Update_Project_Repo_with_Repo_,_Env,_and_Org')?['body/cat_orgname'],'##repoName==',outputs('Create_Repo')?['Body']?['reponame'])",                   "runAfter": {},                   "type": "Compose"                 },                 "Fetch_Localized_Body_3": {                   "inputs": {                     "body": {                       "text": "createProjectFlow10",                       "text_2": "@outputs('Compose_12')"                     },                     "host": {                       "workflowReferenceName": "4ada345e-9007-eb11-a813-000d3aa3e751"                     }                   },                   "runAfter": {                     "Compose_12": [                       "Succeeded"                     ]                   },                   "type": "Workflow"                 }               },               "runAfter": {                 "Send_Project_Created_Notification": [                   "Succeeded"                 ]               },               "type": "Scope"             },             "Get_Project_Stage_Record_2": {               "inputs": {                 "authentication": "@parameters('$authentication')",                 "host": {                   "apiId": "/providers/Microsoft.PowerApps/apis/shared_commondataserviceforapps",                   "connectionName": "shared_commondataserviceforapps",                   "operationId": "GetItem"                 },                 "parameters": {                   "entityName": "cat_deploymentstages",                   "recordId": "@triggerOutputs()?['body/_cat_stage_value']"                 }               },               "runAfter": {                 "Get_User_Details": [                   "Succeeded"                 ]               },               "runtimeConfiguration": {                 "secureData": {                   "properties": [                     "outputs"                   ]                 }               },               "type": "OpenApiConnection"             },             "Get_User_Details": {               "inputs": {                 "authentication": "@parameters('$authentication')",                 "host": {                   "apiId": "/providers/Microsoft.PowerApps/apis/shared_commondataserviceforapps",                   "connectionName": "shared_commondataserviceforapps",                   "operationId": "GetItem"                 },                 "parameters": {                   "entityName": "systemusers",                   "recordId": "@triggerOutputs()?['body/_ownerid_value']"                 }               },               "runAfter": {                 "Read_Admin_Email": [                   "Succeeded"                 ]               },               "type": "OpenApiConnection"             },             "Read_Admin_Email": {               "inputs": {                 "body": {                   "text": "admin_AdminMail"                 },                 "host": {                   "workflowReferenceName": "b2b37f18-27e8-ea11-a817-000d3a56b702"                 }               },               "runAfter": {},               "type": "Workflow"             },             "RunCreateEnvironmentFlow": {               "inputs": {                 "body": {                   "text": "@{first(split(outputs('Get_User_Details')?['body/domainname'], variables('separator')))}_@{triggerOutputs()?['body/cat_name']}",                   "text_1": "@triggerOutputs()?['body/_ownerid_value']",                   "text_2": "No",                   "text_3": "@outputs('Get_Project_Stage_Record_2')?['body/cat_username']"                 },                 "host": {                   "workflowReferenceName": "46735d3d-d2e1-ea11-a813-000d3a1abe26"                 },                 "retryPolicy": {                   "type": "none"                 }               },               "runAfter": {                 "Condition_3": [                   "Succeeded"                 ]               },               "type": "Workflow"             },             "Run_Flow_-_Setup_Dev_Environment": {               "inputs": {                 "body": {                   "text": "@triggerOutputs()?['body/cat_orgname']",                   "text_1": "@outputs('Create_Repo')?['Body']?['reponame']",                   "text_2": "@outputs('Get_Project_Stage_Record_2')?['body/cat_stageowner']",                   "text_3": "@triggerOutputs()?['body/cat_projectid']",                   "text_4": "@string(guid())",                   "text_5": "@outputs('Create_a_Dev_Environment_Record')?['body/cat_url']"                 },                 "host": {                   "workflowReferenceName": "2e65873a-a8ed-ea11-a817-000d3a1abe26"                 }               },               "runAfter": {                 "Create_Repo": [                   "Succeeded"                 ]               },               "type": "Workflow"             },             "Send_Project_Created_Notification": {               "inputs": {                 "body": {                   "text": "@outputs('Get_User_Details')?['body/domainname']",                   "text_1": "@outputs('Fetch_Localized_Subject_2')?['Body']?['localizedtext']",                   "text_2": "@outputs('Fetch_Localized_Body_2')?['Body']?['localizedtext']",                   "text_5": "@variables('CorrelationID')"                 },                 "host": {                   "workflowReferenceName": "4528dfaf-782e-eb11-a813-000d3a33febe"                 }               },               "runAfter": {                 "Fetch_Localized_Project_Created_Notification": [                   "Succeeded"                 ]               },               "type": "Workflow"             },             "Send_Project_Created_Notification:_Admin": {               "inputs": {                 "body": {                   "text": "@{outputs('Read_Admin_Email')?['Body']?['envvalue']};@{outputs('Get_Project_Stage_Record_2')?['body/cat_stageowner']}",                   "text_1": "@outputs('Fetch_Localized_Subject_2')?['Body']?['localizedtext']",                   "text_2": "@outputs('Fetch_Localized_Body_3')?['Body']?['localizedtext']",                   "text_5": "@variables('CorrelationID')"                 },                 "host": {                   "workflowReferenceName": "4528dfaf-782e-eb11-a813-000d3a33febe"                 }               },               "runAfter": {                 "Fetch_Localized_Project_Creation_Notification:_Admin": [                   "Succeeded"                 ]               },               "type": "Workflow"             },             "Set_variable": {               "inputs": {                 "name": "branchName",                 "value": "@{concat(first(split(outputs('Get_User_Details')?['body/domainname'], variables('separator'))), concat('_', string(guid())))}"               },               "runAfter": {                 "Start_and_wait_for_an_approval": [                   "Succeeded"                 ]               },               "type": "SetVariable"             },             "Set_variable_2": {               "inputs": {                 "name": "projectUpdated",                 "value": "true"               },               "runAfter": {                 "Update_Project_With_Environment_Creation": [                   "Succeeded"                 ]               },               "type": "SetVariable"             },             "Set_variable_3": {               "inputs": {                 "name": "projectUpdated",                 "value": "true"               },               "runAfter": {                 "Update_Project_with_Error_6": [                   "Succeeded"                 ]               },               "type": "SetVariable"             },             "Set_variable_6": {               "inputs": {                 "name": "projectUpdated",                 "value": "true"               },               "runAfter": {                 "Create_Repo": [                   "Succeeded"                 ]               },               "type": "SetVariable"             },             "Set_variable_7": {               "inputs": {                 "name": "projectUpdated",                 "value": "true"               },               "runAfter": {                 "Update_Project_with_Solution_Creation_Error": [                   "Succeeded"                 ]               },               "type": "SetVariable"             },             "Set_variable_9": {               "inputs": {                 "name": "projectUpdated",                 "value": "true"               },               "runAfter": {                 "Update_Project_With_Admin_Email_Error": [                   "Succeeded"                 ]               },               "type": "SetVariable"             },             "Start_and_wait_for_an_approval": {               "inputs": {                 "authentication": "@parameters('$authentication')",                 "host": {                   "apiId": "/providers/Microsoft.PowerApps/apis/shared_approvals",                   "connectionName": "shared_approvals",                   "operationId": "StartAndWaitForAnApproval"                 },                 "parameters": {                   "WebhookApprovalCreationInput/assignedTo": "@{outputs('Read_Admin_Email')?['Body']?['envvalue']};@{outputs('Get_Project_Stage_Record_2')?['body/cat_stageowner']}",                   "WebhookApprovalCreationInput/details": "@outputs('Fetch_Localized_Details')?['Body']?['localizedtext']",                   "WebhookApprovalCreationInput/enableNotifications": true,                   "WebhookApprovalCreationInput/enableReassignment": true,                   "WebhookApprovalCreationInput/title": "@outputs('Fetch_Localized_Title')?['Body']?['localizedtext']",                   "approvalType": "Basic"                 }               },               "runAfter": {                 "Fetch_Localized_Message_for_Approval": [                   "Succeeded"                 ]               },               "type": "OpenApiConnectionWebhook"             },             "Update_Project_Repo_with_Repo_,_Env,_and_Org": {               "inputs": {                 "authentication": "@parameters('$authentication')",                 "host": {                   "apiId": "/providers/Microsoft.PowerApps/apis/shared_commondataserviceforapps",                   "connectionName": "shared_commondataserviceforapps",                   "operationId": "UpdateRecord"                 },                 "parameters": {                   "entityName": "cat_projects",                   "item/cat_Environment@odata.bind": "@first(split(last(split(body('Create_a_Dev_Environment_Record')?['@odata.editLink'], '')), ','))",                   "item/cat_branchname": "@variables('branchName')",                   "item/cat_orgname": "@triggerOutputs()?['body/cat_orgname']",                   "item/cat_projectstatus": 809060001,                   "item/cat_repoid": "@outputs('Create_Repo')?['Body']?['repoid']",                   "item/cat_solutionid": "@outputs('Create_Blank_Solution')?['Body']?['solutionid']",                   "item/cat_solutionuniquename": "@outputs('Create_Blank_Solution')?['Body']?['solutionname']",                   "recordId": "@triggerOutputs()?['body/cat_projectid']"                 }               },               "runAfter": {                 "Create_Blank_Solution": [                   "Succeeded"                 ]               },               "type": "OpenApiConnection"             },             "Update_Project_With_Admin_Email_Error": {               "inputs": {                 "authentication": "@parameters('$authentication')",                 "host": {                   "apiId": "/providers/Microsoft.PowerApps/apis/shared_commondataserviceforapps",                   "connectionName": "shared_commondataserviceforapps",                   "operationId": "UpdateRecord"                 },                 "parameters": {                   "entityName": "cat_projects",                   "item/cat_deploymentstatus": 809060006,                   "item/cat_errormessage": "Failed to Read Admin Email Environment",                   "item/cat_projectstatus": 809060003,                   "recordId": "@triggerOutputs()?['body/cat_projectid']"                 }               },               "runAfter": {                 "Read_Admin_Email": [                   "Failed",                   "TimedOut"                 ]               },               "type": "OpenApiConnection"             },             "Update_Project_With_Environment_Creation": {               "inputs": {                 "authentication": "@parameters('$authentication')",                 "host": {                   "apiId": "/providers/Microsoft.PowerApps/apis/shared_commondataserviceforapps",                   "connectionName": "shared_commondataserviceforapps",                   "operationId": "UpdateRecord"                 },                 "parameters": {                   "entityName": "cat_projects",                   "item/cat_deploymentstatus": 809060001,                   "item/cat_projectstatus": 809060003,                   "recordId": "@triggerOutputs()?['body/cat_projectid']"                 }               },               "runAfter": {                 "RunCreateEnvironmentFlow": [                   "Failed",                   "TimedOut"                 ]               },               "type": "OpenApiConnection"             },             "Update_Project_with_Error_6": {               "inputs": {                 "authentication": "@parameters('$authentication')",                 "host": {                   "apiId": "/providers/Microsoft.PowerApps/apis/shared_commondataserviceforapps",                   "connectionName": "shared_commondataserviceforapps",                   "operationId": "UpdateRecord"                 },                 "parameters": {                   "entityName": "cat_projects",                   "item/cat_deploymentstatus": 809060002,                   "item/cat_projectstatus": 809060003,                   "recordId": "@triggerOutputs()?['body/cat_projectid']"                 }               },               "runAfter": {                 "Create_Repo": [                   "Failed"                 ]               },               "type": "OpenApiConnection"             },             "Update_Project_with_Solution_Creation_Error": {               "inputs": {                 "authentication": "@parameters('$authentication')",                 "host": {                   "apiId": "/providers/Microsoft.PowerApps/apis/shared_commondataserviceforapps",                   "connectionName": "shared_commondataserviceforapps",                   "operationId": "UpdateRecord"                 },                 "parameters": {                   "entityName": "cat_projects",                   "item/cat_deploymentstatus": 809060004,                   "item/cat_projectstatus": 809060003,                   "recordId": "@triggerOutputs()?['body/cat_projectid']"                 }               },               "runAfter": {                 "Create_Blank_Solution": [                   "Failed",                   "TimedOut"                 ]               },               "type": "OpenApiConnection"             }           },           "runAfter": {             "DevEnvPreReqSetup": [               "Succeeded"             ]           },           "type": "Scope"         }       },       "contentVersion": "1.0.0.0",       "outputs": {},       "parameters": {         "$authentication": {           "defaultValue": {},           "type": "SecureObject"         },         "$connections": {           "defaultValue": {},           "type": "Object"         }       },       "triggers": {         "When_a_record_is_created,_updated_or_deleted": {           "inputs": {             "authentication": "@parameters('$authentication')",             "host": {               "apiId": "/providers/Microsoft.PowerApps/apis/shared_commondataserviceforapps",               "connectionName": "shared_commondataserviceforapps",               "operationId": "SubscribeWebhookTrigger"             },             "parameters": {               "subscriptionRequest/entityname": "cat_project",               "subscriptionRequest/message": 1,               "subscriptionRequest/scope": 2             }           },           "type": "OpenApiConnectionWebhook"         }       }     }   },   "schemaVersion": "1.0.0.0" }
