{   "properties": {     "connectionReferences": {       "shared_commondataserviceforapps": {         "api": {           "name": "shared_commondataserviceforapps"         },         "connection": {           "connectionReferenceLogicalName": "cat_CDSConnection"         },         "runtimeSource": "embedded",         "source": "Embedded"       }     },     "definition": {       "$schema": "https://schema.management.azure.com/providers/Microsoft.Logic/schemas/2016-06-01/workflowdefinition.json#",       "actions": {         "Condition": {           "actions": {},           "else": {             "actions": {               "Terminate": {                 "inputs": {                   "runStatus": "Succeeded"                 },                 "runAfter": {},                 "type": "Terminate"               }             }           },           "expression": {             "equals": [               "@triggerOutputs()?['body/cat_markfordelete']",               true             ]           },           "runAfter": {},           "type": "If"         },         "Delete_Build_Requests": {           "actions": {             "Apply_to_each": {               "actions": {                 "Delete_a_record": {                   "inputs": {                     "authentication": "@parameters('$authentication')",                     "host": {                       "apiId": "/providers/Microsoft.PowerApps/apis/shared_commondataserviceforapps",                       "connectionName": "shared_commondataserviceforapps",                       "operationId": "DeleteRecord"                     },                     "parameters": {                       "entityName": "cat_buildrequests",                       "recordId": "@items('Apply_to_each')?['cat_buildrequestid']"                     }                   },                   "runAfter": {},                   "type": "OpenApiConnection"                 }               },               "foreach": "@outputs('ListBuildRequestsForProject')?['body/value']",               "runAfter": {                 "ListBuildRequestsForProject": [                   "Succeeded"                 ]               },               "type": "Foreach"             },             "ListBuildRequestsForProject": {               "inputs": {                 "authentication": "@parameters('$authentication')",                 "host": {                   "apiId": "/providers/Microsoft.PowerApps/apis/shared_commondataserviceforapps",                   "connectionName": "shared_commondataserviceforapps",                   "operationId": "ListRecords"                 },                 "parameters": {                   "$filter": "_cat_project_value eq '@{triggerOutputs()?['body/cat_projectid']}'",                   "entityName": "cat_buildrequests"                 }               },               "runAfter": {},               "type": "OpenApiConnection"             }           },           "runAfter": {             "Delete_Environment": [               "Succeeded",               "Failed",               "Skipped",               "TimedOut"             ]           },           "type": "Scope"         },         "Delete_Environment": {           "actions": {             "DeleteEnvironment": {               "inputs": {                 "body": {                   "text": "@outputs('GetDevEnvironmentRecord')?['body/cat_name']"                 },                 "host": {                   "workflowReferenceName": "54afa95f-d7ec-ea11-a817-000d3a1abe26"                 }               },               "runAfter": {                 "GetDevEnvironmentRecord": [                   "Succeeded"                 ]               },               "type": "Workflow"             },             "GetDevEnvironmentRecord": {               "inputs": {                 "authentication": "@parameters('$authentication')",                 "host": {                   "apiId": "/providers/Microsoft.PowerApps/apis/shared_commondataserviceforapps",                   "connectionName": "shared_commondataserviceforapps",                   "operationId": "GetItem"                 },                 "parameters": {                   "entityName": "cat_devenvironments",                   "recordId": "@triggerOutputs()?['body/_cat_environment_value']"                 }               },               "runAfter": {},               "type": "OpenApiConnection"             }           },           "runAfter": {             "Condition": [               "Succeeded"             ]           },           "type": "Scope"         }       },       "contentVersion": "1.0.0.0",       "outputs": {},       "parameters": {         "$authentication": {           "defaultValue": {},           "type": "SecureObject"         },         "$connections": {           "defaultValue": {},           "type": "Object"         }       },       "triggers": {         "When_Project_is_Deleted": {           "inputs": {             "authentication": "@parameters('$authentication')",             "host": {               "apiId": "/providers/Microsoft.PowerApps/apis/shared_commondataserviceforapps",               "connectionName": "shared_commondataserviceforapps",               "operationId": "SubscribeWebhookTrigger"             },             "parameters": {               "subscriptionRequest/entityname": "cat_project",               "subscriptionRequest/message": 3,               "subscriptionRequest/scope": 2             }           },           "type": "OpenApiConnectionWebhook"         }       }     }   },   "schemaVersion": "1.0.0.0" }
