{   "properties": {     "connectionReferences": {       "shared_powerplatformforadmins": {         "api": {           "name": "shared_powerplatformforadmins"         },         "connection": {           "connectionReferenceLogicalName": "cat_AdminConnection"         },         "runtimeSource": "embedded"       }     },     "definition": {       "$schema": "https://schema.management.azure.com/providers/Microsoft.Logic/schemas/2016-06-01/workflowdefinition.json#",       "actions": {         "Delete_Environment": {           "inputs": {             "authentication": {               "type": "Raw",               "value": "@json(decodeBase64(triggerOutputs().headers['X-MS-APIM-Tokens']))['$ConnectionKey']"             },             "host": {               "apiId": "/providers/Microsoft.PowerApps/apis/shared_powerplatformforadmins",               "connectionName": "shared_powerplatformforadmins",               "operationId": "Remove-AdminEnvironment"             },             "parameters": {               "api-version": "@variables('adminConnectorVersion')",               "environment": "@triggerBody()['text']"             }           },           "runAfter": {             "Initialize_adminConnectorVersion": [               "Succeeded"             ]           },           "type": "OpenApiConnection"         },         "Initialize_adminConnectorVersion": {           "inputs": {             "variables": [               {                 "name": "adminConnectorVersion",                 "type": "string",                 "value": "2020-10-01"               }             ]           },           "runAfter": {},           "type": "InitializeVariable"         },         "Respond_Failure": {           "inputs": {             "body": {               "issuccess": "false"             },             "schema": {               "properties": {                 "issuccess": {                   "title": "isSuccess",                   "type": "string",                   "x-ms-dynamically-added": true                 }               },               "type": "object"             },             "statusCode": 200           },           "kind": "PowerApp",           "runAfter": {             "Delete_Environment": [               "Failed"             ]           },           "type": "Response"         },         "Respond_Success": {           "inputs": {             "body": {               "issuccess": "@{true}"             },             "schema": {               "properties": {                 "issuccess": {                   "title": "isSuccess",                   "type": "string",                   "x-ms-dynamically-added": true                 }               },               "type": "object"             },             "statusCode": 200           },           "kind": "PowerApp",           "runAfter": {             "Delete_Environment": [               "Succeeded"             ]           },           "type": "Response"         }       },       "contentVersion": "1.0.0.0",       "outputs": {},       "parameters": {         "$authentication": {           "defaultValue": {},           "type": "SecureObject"         },         "$connections": {           "defaultValue": {},           "type": "Object"         }       },       "triggers": {         "manual": {           "inputs": {             "schema": {               "properties": {                 "text": {                   "description": "envName",                   "title": "envName",                   "type": "string",                   "x-ms-content-hint": "TEXT",                   "x-ms-dynamically-added": true                 }               },               "required": [                 "text"               ],               "type": "object"             }           },           "kind": "Button",           "type": "Request"         }       }     }   },   "schemaVersion": "1.0.0.0" }
