{   "properties": {     "connectionReferences": {       "shared_commondataserviceforapps": {         "api": {           "name": "shared_commondataserviceforapps"         },         "connection": {           "connectionReferenceLogicalName": "cat_CDSConnection"         },         "runtimeSource": "embedded"       }     },     "definition": {       "$schema": "https://schema.management.azure.com/providers/Microsoft.Logic/schemas/2016-06-01/workflowdefinition.json#",       "actions": {         "Condition:_Key_Not_Found_for_English_": {           "actions": {             "Respond_to_a_PowerApp_or_flow_2": {               "inputs": {                 "body": {                   "localizedtext": "*@{triggerBody()['text']}* key not found"                 },                 "schema": {                   "properties": {                     "localizedtext": {                       "title": "LocalizedText",                       "type": "string",                       "x-ms-dynamically-added": true                     }                   },                   "type": "object"                 },                 "statusCode": 200               },               "kind": "PowerApp",               "runAfter": {},               "type": "Response"             }           },           "else": {             "actions": {               "No_Variable_Text_Condition": {                 "actions": {},                 "else": {                   "actions": {                     "Apply_to_each": {                       "actions": {                         "Compose": {                           "inputs": "@split(items('Apply_to_each'),'==')",                           "runAfter": {},                           "type": "Compose"                         },                         "Compose_2": {                           "inputs": "@replace(variables('TranslatedText'),concat('#',outputs('Compose')[0]),outputs('Compose')[1])",                           "runAfter": {                             "Compose": [                               "Succeeded"                             ]                           },                           "type": "Compose"                         },                         "Set_variable_3": {                           "inputs": {                             "name": "TranslatedText",                             "value": "@{outputs('Compose_2')}"                           },                           "runAfter": {                             "Compose_2": [                               "Succeeded"                             ]                           },                           "type": "SetVariable"                         }                       },                       "foreach": "@variables('VariableArray')",                       "runAfter": {                         "Set_variable_2": [                           "Succeeded"                         ]                       },                       "type": "Foreach"                     },                     "Set_variable_2": {                       "inputs": {                         "name": "VariableArray",                         "value": "@split(triggerBody()?['text_2'],'##')"                       },                       "runAfter": {},                       "type": "SetVariable"                     }                   }                 },                 "expression": {                   "equals": [                     "@empty(triggerBody()?['text_2'])",                     "@true"                   ]                 },                 "runAfter": {},                 "type": "If"               },               "Respond_to_a_PowerApp_or_flow": {                 "inputs": {                   "body": {                     "localizedtext": "@variables('TranslatedText')"                   },                   "schema": {                     "properties": {                       "localizedtext": {                         "title": "LocalizedText",                         "type": "string",                         "x-ms-dynamically-added": true                       }                     },                     "type": "object"                   },                   "statusCode": 200                 },                 "kind": "PowerApp",                 "runAfter": {                   "No_Variable_Text_Condition": [                     "Succeeded"                   ]                 },                 "type": "Response"               }             }           },           "expression": {             "equals": [               "@length(variables('TranslatedText'))",               0             ]           },           "runAfter": {             "Initialize_VariableArray": [               "Succeeded"             ]           },           "type": "If"         },         "Condition_to_Fallback_to_English": {           "actions": {             "Apply_to_each_3": {               "actions": {                 "Set_variable_4": {                   "inputs": {                     "name": "TranslatedText",                     "value": "@items('Apply_to_each_3')?['cat_value']"                   },                   "runAfter": {},                   "type": "SetVariable"                 }               },               "foreach": "@outputs('List_records')?['body/value']",               "runAfter": {                 "List_records": [                   "Succeeded"                 ]               },               "type": "Foreach"             },             "List_records": {               "inputs": {                 "authentication": {                   "type": "Raw",                   "value": "@json(decodeBase64(triggerOutputs().headers['X-MS-APIM-Tokens']))['$ConnectionKey']"                 },                 "host": {                   "apiId": "/providers/Microsoft.PowerApps/apis/shared_commondataserviceforapps",                   "connectionName": "shared_commondataserviceforapps",                   "operationId": "ListRecords"                 },                 "parameters": {                   "$filter": "cat_key eq '@{triggerBody()['text']}' and cat_locale eq 'en_US'",                   "$select": "cat_value",                   "$top": 1,                   "entityName": "cat_stringtexts"                 }               },               "runAfter": {},               "type": "OpenApiConnection"             }           },           "expression": {             "equals": [               "@length(variables('TranslatedText'))",               0             ]           },           "runAfter": {             "Fetch_Value_from_Entity": [               "Succeeded"             ]           },           "type": "If"         },         "Fetch_Value_from_Entity": {           "actions": {             "Set_variable": {               "inputs": {                 "name": "TranslatedText",                 "value": "@items('Fetch_Value_from_Entity')?['cat_value']"               },               "runAfter": {},               "type": "SetVariable"             }           },           "foreach": "@outputs('List_StringText')?['body/value']",           "runAfter": {             "List_StringText": [               "Succeeded"             ]           },           "type": "Foreach"         },         "Initialize_OrgLang": {           "inputs": {             "variables": [               {                 "name": "OrgLang",                 "type": "string",                 "value": "@body('Read_preferred_OrgLanguage')?['Body']?['envvalue']"               }             ]           },           "runAfter": {             "Read_preferred_OrgLanguage": [               "Succeeded"             ]           },           "type": "InitializeVariable"         },         "Initialize_TranslatedText": {           "inputs": {             "variables": [               {                 "name": "TranslatedText",                 "type": "string"               }             ]           },           "runAfter": {             "Initialize_OrgLang": [               "Succeeded"             ]           },           "type": "InitializeVariable"         },         "Initialize_VariableArray": {           "inputs": {             "variables": [               {                 "name": "VariableArray",                 "type": "array"               }             ]           },           "runAfter": {             "Condition_to_Fallback_to_English": [               "Succeeded"             ]           },           "type": "InitializeVariable"         },         "List_StringText": {           "inputs": {             "authentication": {               "type": "Raw",               "value": "@json(decodeBase64(triggerOutputs().headers['X-MS-APIM-Tokens']))['$ConnectionKey']"             },             "host": {               "apiId": "/providers/Microsoft.PowerApps/apis/shared_commondataserviceforapps",               "connectionName": "shared_commondataserviceforapps",               "operationId": "ListRecords"             },             "parameters": {               "$filter": "cat_key eq '@{triggerBody()['text']}' and cat_locale eq '@{variables('OrgLang')}'",               "$select": "cat_value",               "$top": 1,               "entityName": "cat_stringtexts"             }           },           "runAfter": {             "Initialize_TranslatedText": [               "Succeeded"             ]           },           "type": "OpenApiConnection"         },         "Read_preferred_OrgLanguage": {           "inputs": {             "body": {               "text": "cat_OrgLanguage"             },             "host": {               "workflowReferenceName": "b2b37f18-27e8-ea11-a817-000d3a56b702"             }           },           "runAfter": {},           "type": "Workflow"         }       },       "contentVersion": "1.0.0.0",       "outputs": {},       "parameters": {         "$authentication": {           "defaultValue": {},           "type": "SecureObject"         },         "$connections": {           "defaultValue": {},           "type": "Object"         }       },       "triggers": {         "manual": {           "inputs": {             "schema": {               "properties": {                 "text": {                   "description": "Please enter your input",                   "title": "Key",                   "type": "string",                   "x-ms-content-hint": "TEXT",                   "x-ms-dynamically-added": true                 },                 "text_2": {                   "description": "Please enter your input",                   "title": "VariableText",                   "type": "string",                   "x-ms-content-hint": "TEXT",                   "x-ms-dynamically-added": true                 }               },               "required": [                 "text"               ],               "type": "object"             }           },           "kind": "Button",           "type": "Request"         }       }     }   },   "schemaVersion": "1.0.0.0" }
