{   "properties": {     "connectionReferences": {       "shared_commondataserviceforapps": {         "api": {           "name": "shared_commondataserviceforapps"         },         "connection": {           "connectionReferenceLogicalName": "cat_CDSConnection"         },         "runtimeSource": "embedded",         "source": "Embedded"       }     },     "definition": {       "$schema": "https://schema.management.azure.com/providers/Microsoft.Logic/schemas/2016-06-01/workflowdefinition.json#",       "actions": {         "Create_a_new_record": {           "inputs": {             "authentication": {               "type": "Raw",               "value": "@json(decodeBase64(triggerOutputs().headers['X-MS-APIM-Tokens']))['$ConnectionKey']"             },             "host": {               "apiId": "/providers/Microsoft.PowerApps/apis/shared_commondataserviceforapps",               "connectionName": "shared_commondataserviceforapps",               "operationId": "CreateRecord"             },             "parameters": {               "entityName": "cat_telemetries",               "item/cat_BuildRequest@odata.bind": "@variables('BuildRequest')",               "item/cat_ProjectID@odata.bind": "@variables('Project')",               "item/cat_actionname": "@if(contains(triggerBody(), 'text_8'), triggerBody()['text_8'],'')",               "item/cat_correlationid": "@if(contains(triggerBody(), 'text'), triggerBody()['text'],'')",               "item/cat_environmentid": "@workflow()['tags']['environmentName']",               "item/cat_eventname": "@if(contains(triggerBody(), 'text_3'), triggerBody()['text_3'],'')",               "item/cat_flowname": "@if(contains(triggerBody(), 'text_6'), triggerBody()['text_6'],'')",               "item/cat_flowrunid": "@if(contains(triggerBody(), 'text_12'), triggerBody()['text_12'],'')",               "item/cat_message": "@triggerBody()['text_4']",               "item/cat_name": "@guid()",               "item/cat_paname": "@if(contains(triggerBody(), 'text_11'), triggerBody()['text_11'],'')",               "item/cat_pascreen": "@if(contains(triggerBody(), 'text_9'), triggerBody()['text_9'],'')",               "item/cat_pasessionid": "@if(contains(triggerBody(), 'text_10'), triggerBody()['text_10'],'')",               "item/cat_type": "@triggerBody()['text_1']",               "item/cat_useremail": "@if(contains(triggerBody(), 'text_5'), triggerBody()['text_5'],'')"             }           },           "runAfter": {             "Populate_BuildRequest": [               "Succeeded",               "Failed",               "Skipped",               "TimedOut"             ]           },           "type": "OpenApiConnection"         },         "Initialize_variable": {           "inputs": {             "variables": [               {                 "name": "Project",                 "type": "string"               }             ]           },           "runAfter": {},           "type": "InitializeVariable"         },         "Initialize_variable_2": {           "inputs": {             "variables": [               {                 "name": "BuildRequest",                 "type": "string"               }             ]           },           "runAfter": {             "Initialize_variable": [               "Succeeded"             ]           },           "type": "InitializeVariable"         },         "Populate_BuildRequest": {           "actions": {             "Condition": {               "actions": {                 "GetBuildRequest": {                   "inputs": {                     "authentication": {                       "type": "Raw",                       "value": "@json(decodeBase64(triggerOutputs().headers['X-MS-APIM-Tokens']))['$ConnectionKey']"                     },                     "host": {                       "apiId": "/providers/Microsoft.PowerApps/apis/shared_commondataserviceforapps",                       "connectionName": "shared_commondataserviceforapps",                       "operationId": "GetItem"                     },                     "parameters": {                       "entityName": "cat_buildrequests",                       "recordId": "@if(contains(triggerBody(), 'text_13'), triggerBody()['text_13'], '')"                     }                   },                   "runAfter": {},                   "type": "OpenApiConnection"                 },                 "Set_variable_2": {                   "inputs": {                     "name": "BuildRequest",                     "value": "@{first(split(last(split(body('GetBuildRequest')?['@odata.editLink'], '')), ','))}"                   },                   "runAfter": {                     "GetBuildRequest": [                       "Succeeded"                     ]                   },                   "type": "SetVariable"                 }               },               "expression": {                 "greater": [                   "@length(string(if(contains(triggerBody(), 'text_13'), triggerBody()['text_13'],'')))",                   0                 ]               },               "runAfter": {},               "type": "If"             }           },           "runAfter": {             "Populate_Project": [               "Succeeded",               "Failed",               "Skipped",               "TimedOut"             ]           },           "type": "Scope"         },         "Populate_Project": {           "actions": {             "Condition_2": {               "actions": {                 "GetProject": {                   "inputs": {                     "authentication": {                       "type": "Raw",                       "value": "@json(decodeBase64(triggerOutputs().headers['X-MS-APIM-Tokens']))['$ConnectionKey']"                     },                     "host": {                       "apiId": "/providers/Microsoft.PowerApps/apis/shared_commondataserviceforapps",                       "connectionName": "shared_commondataserviceforapps",                       "operationId": "GetItem"                     },                     "parameters": {                       "entityName": "cat_projects",                       "recordId": "@if(contains(triggerBody(), 'text_2'), triggerBody()['text_2'],'')"                     }                   },                   "runAfter": {},                   "type": "OpenApiConnection"                 },                 "Set_variable": {                   "inputs": {                     "name": "Project",                     "value": "@{first(split(last(split(body('GetProject')?['@odata.editLink'], '')), ','))}"                   },                   "runAfter": {                     "GetProject": [                       "Succeeded"                     ]                   },                   "type": "SetVariable"                 }               },               "expression": {                 "greater": [                   "@length(string(if(contains(triggerBody(), 'text_2'), triggerBody()['text_2'],'')))",                   0                 ]               },               "runAfter": {},               "type": "If"             }           },           "runAfter": {             "Initialize_variable_2": [               "Succeeded"             ]           },           "type": "Scope"         },         "Response": {           "inputs": {             "body": "success",             "statusCode": 200           },           "kind": "Http",           "runAfter": {             "Create_a_new_record": [               "Succeeded",               "Failed",               "Skipped",               "TimedOut"             ]           },           "type": "Response"         }       },       "contentVersion": "1.0.0.0",       "outputs": {},       "parameters": {         "$authentication": {           "defaultValue": {},           "type": "SecureObject"         },         "$connections": {           "defaultValue": {},           "type": "Object"         }       },       "triggers": {         "manual": {           "inputs": {             "schema": {               "properties": {                 "text": {                   "description": "Please enter your input",                   "title": "CorrelationID",                   "type": "string",                   "x-ms-content-hint": "TEXT",                   "x-ms-dynamically-added": true                 },                 "text_1": {                   "description": "Please enter your input",                   "enum": [                     "Info",                     "Warning",                     "Error",                     "Exception"                   ],                   "title": "TelemtryType",                   "type": "string",                   "x-ms-content-hint": "TEXT",                   "x-ms-dynamically-added": true                 },                 "text_10": {                   "description": "Please enter your input",                   "title": "PowerAppSessionId",                   "type": "string",                   "x-ms-content-hint": "TEXT",                   "x-ms-dynamically-added": true                 },                 "text_11": {                   "description": "Please enter your input",                   "title": "PowerAppName",                   "type": "string",                   "x-ms-content-hint": "TEXT",                   "x-ms-dynamically-added": true                 },                 "text_12": {                   "description": "Please enter your input",                   "title": "FlowRunID",                   "type": "string",                   "x-ms-content-hint": "TEXT",                   "x-ms-dynamically-added": true                 },                 "text_13": {                   "description": "Please enter your input",                   "title": "BuildRequestID",                   "type": "string",                   "x-ms-content-hint": "TEXT",                   "x-ms-dynamically-added": true                 },                 "text_2": {                   "description": "Please enter your input",                   "title": "ProjectID",                   "type": "string",                   "x-ms-content-hint": "TEXT",                   "x-ms-dynamically-added": true                 },                 "text_3": {                   "description": "Please enter your input",                   "title": "EventName",                   "type": "string",                   "x-ms-content-hint": "TEXT",                   "x-ms-dynamically-added": true                 },                 "text_4": {                   "description": "Please enter your input",                   "title": "Message",                   "type": "string",                   "x-ms-content-hint": "TEXT",                   "x-ms-dynamically-added": true                 },                 "text_5": {                   "description": "Please enter your input",                   "title": "UserEmail",                   "type": "string",                   "x-ms-content-hint": "TEXT",                   "x-ms-dynamically-added": true                 },                 "text_6": {                   "description": "Please enter your input",                   "title": "FlowName",                   "type": "string",                   "x-ms-content-hint": "TEXT",                   "x-ms-dynamically-added": true                 },                 "text_7": {                   "description": "Please enter your input",                   "title": "FlowUrl",                   "type": "string",                   "x-ms-content-hint": "TEXT",                   "x-ms-dynamically-added": true                 },                 "text_8": {                   "description": "Please enter your input",                   "title": "ActionName",                   "type": "string",                   "x-ms-content-hint": "TEXT",                   "x-ms-dynamically-added": true                 },                 "text_9": {                   "description": "Please enter your input",                   "title": "PowerAppScreen",                   "type": "string",                   "x-ms-content-hint": "TEXT",                   "x-ms-dynamically-added": true                 }               },               "required": [                 "text_1",                 "text",                 "text_4"               ],               "type": "object"             }           },           "kind": "Button",           "type": "Request"         }       }     }   },   "schemaVersion": "1.0.0.0" }
