<environmentvariabledefinition schemaname="new_admin_PowerUserURLSharePointSite">
  <description default="This library is used to store templates, components, and documents that you want to share with makers in your organization.">
    <label description="This library is used to store templates, components, and documents that you want to share with makers in your organization." languagecode="1033" />
  </description>
  <displayname default="Power User Site URL (SharePoint Site)">
    <label description="Power User Site URL (SharePoint Site)" languagecode="1033" />
  </displayname>
  <introducedversion>1.16</introducedversion>
  <iscustomizable>1</iscustomizable>
  <isrequired>0</isrequired>
  <type>100000000</type>
</environmentvariabledefinition>