<environmentvariabledefinition schemaname="admin_ProductionEnvironment">
  <defaultvalue>yes</defaultvalue>
  <description default="true by default. set to false if you are creating a dev type envt. this will allow some flows to set target users to the admin instead of object owners">
    <label description="true by default. set to false if you are creating a dev type envt. this will allow some flows to set target users to the admin instead of object owners" languagecode="1033" />
  </description>
  <displayname default="ProductionEnvironment">
    <label description="ProductionEnvironment" languagecode="1033" />
  </displayname>
  <introducedversion>1.70.8</introducedversion>
  <iscustomizable>1</iscustomizable>
  <isrequired>0</isrequired>
  <type>100000002</type>
</environmentvariabledefinition>