<environmentvariabledefinition schemaname="cat_WebhookUrl">
  <defaultvalue>https://prod-65.westus.logic.azure.com:443/workflows/284fae2483a04cc6a0bdab5b018466be/triggers/manual/paths/invoke?api-version=2016-06-01&amp;sp=%2Ftriggers%2Fmanual%2Frun&amp;sv=1.0&amp;sig=_Z7qCRBlv2srCCq_L2KNWdIR7-naY8KpSG8QCDq69dY</defaultvalue>
  <displayname default="WebhookUrl">
    <label description="WebhookUrl" languagecode="1033" />
  </displayname>
  <introducedversion>1.0.0.76</introducedversion>
  <iscustomizable>1</iscustomizable>
  <isrequired>0</isrequired>
  <type>100000000</type>
</environmentvariabledefinition>