{   "properties": {     "connectionReferences": {       "shared_commondataserviceforapps_1": {         "api": {           "name": "shared_commondataserviceforapps"         },         "connection": {           "connectionReferenceLogicalName": "new_CoEAuditLogsDataverse"         },         "runtimeSource": "embedded"       },       "shared_office365_1": {         "api": {           "name": "shared_office365"         },         "connection": {           "connectionReferenceLogicalName": "new_CoEAuditLogsO365Outlook"         },         "runtimeSource": "embedded"       }     },     "definition": {       "$schema": "https://schema.management.azure.com/providers/Microsoft.Logic/schemas/2016-06-01/workflowdefinition.json#",       "actions": {         "Apply_to_each_timeSegment": {           "actions": {             "Run_a_Child_Flow": {               "inputs": {                 "body": {                   "text": "@variables('tenantId')",                   "text_1": "@items('Apply_to_each_timeSegment')?['startTime']",                   "text_2": "@items('Apply_to_each_timeSegment')?['endTime']"                 },                 "host": {                   "workflowReferenceName": "751183fc-db68-ea11-a811-000d3a31cf04"                 }               },               "runAfter": {},               "type": "Workflow"             }           },           "foreach": "@variables('arrTimeSegments')",           "runAfter": {             "Condition": [               "Succeeded"             ]           },           "runtimeConfiguration": {             "concurrency": {               "repetitions": 50             }           },           "type": "Foreach"         },         "CONFIGURE_::_End_Time": {           "inputs": {             "interval": 1,             "timeUnit": "Minute"           },           "kind": "GetPastTime",           "runAfter": {             "CONFIGURE_::_Start_Time": [               "Succeeded"             ]           },           "type": "Expression"         },         "CONFIGURE_::_Start_Time": {           "inputs": {             "interval": "@parameters('StartTime-Interval')",             "timeUnit": "@parameters('StartTime-Unit')"           },           "kind": "GetPastTime",           "runAfter": {             "CONFIGURE_::_Tenant_Id": [               "Succeeded"             ]           },           "type": "Expression"         },         "CONFIGURE_::_Tenant_Id": {           "inputs": {             "variables": [               {                 "name": "tenantId",                 "type": "string",                 "value": "@parameters('TenantID')"               }             ]           },           "runAfter": {},           "type": "InitializeVariable"         },         "CONFIGURE_::_Time_interval": {           "inputs": {             "baseTime": "@body('CONFIGURE_::_Start_Time')",             "interval": "@parameters('TimeInterval-Interval')",             "timeUnit": "@parameters('TimeInterval-Unit')"           },           "kind": "AddToTime",           "runAfter": {             "CONFIGURE_::_End_Time": [               "Succeeded"             ]           },           "type": "Expression"         },         "Condition": {           "actions": {             "Append_last_segment_to_arrtimeSegments": {               "inputs": {                 "name": "arrTimeSegments",                 "value": {                   "endTime": "@{body('CONFIGURE_::_End_Time')}",                   "startTime": "@{variables('startTime')}"                 }               },               "runAfter": {},               "type": "AppendToArrayVariable"             }           },           "expression": {             "lessOrEquals": [               "@variables('startTime')",               "@body('CONFIGURE_::_End_Time')"             ]           },           "runAfter": {             "Generate_timeSegments_list": [               "Succeeded"             ]           },           "type": "If"         },         "Generate_timeSegments_list": {           "actions": {             "Add_to_endTime": {               "inputs": {                 "baseTime": "@variables('endTime')",                 "interval": "@parameters('TimeInterval-Interval')",                 "timeUnit": "@parameters('TimeInterval-Unit')"               },               "kind": "AddToTime",               "runAfter": {                 "Update_startTime": [                   "Succeeded"                 ]               },               "type": "Expression"             },             "Add_to_startTime": {               "inputs": {                 "baseTime": "@variables('startTime')",                 "interval": "@parameters('TimeInterval-Interval')",                 "timeUnit": "@parameters('TimeInterval-Unit')"               },               "kind": "AddToTime",               "runAfter": {                 "Append_to_array_variable": [                   "Succeeded"                 ]               },               "type": "Expression"             },             "Append_to_array_variable": {               "inputs": {                 "name": "arrTimeSegments",                 "value": {                   "endTime": "@{variables('endTime')}",                   "startTime": "@{variables('startTime')}"                 }               },               "runAfter": {},               "type": "AppendToArrayVariable"             },             "Update_endTime": {               "inputs": {                 "name": "endTime",                 "value": "@body('Add_to_endTime')"               },               "runAfter": {                 "Add_to_endTime": [                   "Succeeded"                 ]               },               "type": "SetVariable"             },             "Update_startTime": {               "inputs": {                 "name": "startTime",                 "value": "@body('Add_to_startTime')"               },               "runAfter": {                 "Add_to_startTime": [                   "Succeeded"                 ]               },               "type": "SetVariable"             }           },           "expression": "@greaterOrEquals(variables('endTime'), body('CONFIGURE_::_End_Time'))",           "limit": {             "count": "@parameters('TimeSegments-CountLimit')",             "timeout": "PT1H"           },           "runAfter": {             "Initialize_variable_childrenNeedSmallerClusters": [               "Succeeded"             ]           },           "type": "Until"         },         "Initialize_arrTimeSegment_array": {           "inputs": {             "variables": [               {                 "name": "arrTimeSegments",                 "type": "array"               }             ]           },           "runAfter": {             "Initialize_endTime_variable_": [               "Succeeded"             ]           },           "type": "InitializeVariable"         },         "Initialize_endTime_variable_": {           "inputs": {             "variables": [               {                 "name": "endTime",                 "type": "string",                 "value": "@body('CONFIGURE_::_Time_interval')"               }             ]           },           "runAfter": {             "Initialize_startTime_variable": [               "Succeeded"             ]           },           "type": "InitializeVariable"         },         "Initialize_startTime_variable": {           "inputs": {             "variables": [               {                 "name": "startTime",                 "type": "string",                 "value": "@body('CONFIGURE_::_Start_Time')"               }             ]           },           "runAfter": {             "CONFIGURE_::_Time_interval": [               "Succeeded"             ]           },           "type": "InitializeVariable"         },         "Initialize_variable_childrenNeedSmallerClusters": {           "inputs": {             "variables": [               {                 "name": "childrenNeedSmallerClusters",                 "type": "boolean",                 "value": "@false"               }             ]           },           "runAfter": {             "Initialize_arrTimeSegment_array": [               "Succeeded"             ]           },           "type": "InitializeVariable"         },         "Notify_Admin_that_Audit_Logs_Flows_Failed_": {           "actions": {             "List_rows": {               "inputs": {                 "authentication": "@parameters('$authentication')",                 "host": {                   "apiId": "/providers/Microsoft.PowerApps/apis/shared_commondataserviceforapps",                   "connectionName": "shared_commondataserviceforapps_1",                   "operationId": "ListRecords"                 },                 "parameters": {                   "entityName": "accounts"                 }               },               "runAfter": {                 "Terminate": [                   "Succeeded"                 ]               },               "type": "OpenApiConnection"             },             "Send_admin_email_about_failure": {               "inputs": {                 "authentication": "@parameters('$authentication')",                 "host": {                   "apiId": "/providers/Microsoft.PowerApps/apis/shared_office365",                   "connectionName": "shared_office365_1",                   "operationId": "SendEmailV2"                 },                 "parameters": {                   "emailMessage/Body": "@{parameters('eMail Header Style')}\n<p>\nYour Sync Flow for Audit Logs has failed. <br>\nPlease <a href=\"@{concat(parameters('Power Automate Environment Variable'), workflow()?['tags']['environmentName'], '/flows/', workflow()?['name'], '/runs/', workflow()?['run']['name'])}\"> view failure </a> to fix\n<br></p>",                   "emailMessage/Subject": "Failure Notice: Sync Audit Logs",                   "emailMessage/To": "@parameters('Admin eMail')"                 }               },               "runAfter": {},               "type": "OpenApiConnection"             },             "Terminate": {               "inputs": {                 "runError": {                   "code": "500",                   "message": "Audit Log Sync failed"                 },                 "runStatus": "Failed"               },               "runAfter": {                 "Send_admin_email_about_failure": [                   "Succeeded"                 ]               },               "type": "Terminate"             }           },           "runAfter": {             "Apply_to_each_timeSegment": [               "Failed",               "Skipped"             ]           },           "type": "Scope"         }       },       "contentVersion": "1.0.0.0",       "outputs": {},       "parameters": {         "$authentication": {           "defaultValue": {},           "type": "SecureObject"         },         "$connections": {           "defaultValue": {},           "type": "Object"         },         "Admin eMail": {           "defaultValue": "adelev@pplatform.onmicrosoft.com",           "metadata": {             "description": "CoE Admin eMail. Email address used in flows to send notifications to admins; this should be either your email address or a distribution list",             "schemaName": "admin_AdminMail"           },           "type": "String"         },         "Power Automate Environment Variable": {           "defaultValue": "https://us.flow.microsoft.com/manage/environments/ ",           "metadata": {             "description": "Environment, including geographic location, for Power Automate - for example https://us.flow.microsoft.com/manage/environments/ for US environments",             "schemaName": "admin_PowerAutomateEnvironmentVariable"           },           "type": "String"         },         "StartTime-Interval": {           "defaultValue": 1,           "metadata": {             "description": "Specify the interval for the start time for how far back to go to fetch. Default is 1, (for 1 day)",             "schemaName": "admin_StartTimeInterval"           },           "type": "Int"         },         "StartTime-Unit": {           "defaultValue": "Day",           "metadata": {             "description": "Specify the units for the start time for how far back to go to fetch. Default is Day (for 1 Day). Options are those of the Add to time action's Time Unit Parameter",             "schemaName": "admin_StartTimeUnit"           },           "type": "String"         },         "TenantID": {           "defaultValue": "8a235459-3d2c-415d-8c1e-e2fe133509ad",           "metadata": {             "description": "Azure Tenant ID",             "schemaName": "admin_TenantID"           },           "type": "String"         },         "TimeInterval-Interval": {           "defaultValue": 1,           "metadata": {             "description": "Specify the interval for the chunks of time to fetch. Default is 1, (for 1 hour)",             "schemaName": "admin_TimeIntervalInterval"           },           "type": "Int"         },         "TimeInterval-Unit": {           "defaultValue": "Hour",           "metadata": {             "description": "Specify the units for the chunks of time to fetch. Default is Hour, (for 1 hour). Options are those of the Add to time action's Time Unit Parameter",             "schemaName": "admin_TimeIntervalUnit"           },           "type": "String"         },         "TimeSegments-CountLimit": {           "defaultValue": 60,           "metadata": {             "description": "Specify the count for the limit of number of chunks. Default is 60",             "schemaName": "admin_TimeSegmentsCountLimit"           },           "type": "Int"         },         "eMail Header Style": {           "defaultValue": "<head> <style>  body {     background-color: #efefef;     font-family: Segoe UI;     text-align: left; }  #content {     border: 1px solid #742774;     background-color: #ffffff;     width: 650px;     margin-bottom: 50px;     display: inline-block; }  #logo {     margin-left: 52px;     margin-top: 40px;     width: 60px;     height: 12px; }  #header {     font-size: 24px;     margin-left: 50px;     margin-top: 20px;     margin-bottom: 20px; }  #ribbon {     background-color: #742774; }  #ribbonContent {     font-size: 20px;     padding-left: 30px;     padding-top: 10px;     padding-bottom: 20px;     color: white;     width: 100%;     padding-right: 10px; }  #message > td {     font-size: 14px;     padding-left: 60px;     padding-right: 60px;     padding-top: 20px;     padding-bottom: 40px; }  #footer > td {     font-size: 12px;     background-color: #cfcfcf;     height: 40px;     padding-top: 15px;     padding-left: 40px;     padding-bottom: 20px; }  #form {     width: 100%;     border-collapse: collapse; }  #app {     width: 60%;     font-size: 12px; }  .label {     color: #5f5f5f }  table {     border-collapse: collapse;     width: 100%; }  th, td {     padding: 8px;     text-align: left;     border-bottom: 1px solid #ddd; }  </style> </head>",           "metadata": {             "description": "CSS/Style used for eMails",             "schemaName": "admin_eMailHeaderStyle"           },           "type": "String"         }       },       "triggers": {         "Recurrence": {           "recurrence": {             "frequency": "Day",             "interval": 1           },           "type": "Recurrence"         }       }     }   },   "schemaVersion": "1.0.0.0" }
