{   "properties": {     "connectionReferences": {       "shared_commondataservice": {         "api": {           "name": "shared_commondataservice"         },         "connection": {           "connectionReferenceLogicalName": "cat_CDSDevOps"         },         "runtimeSource": "invoker"       }     },     "definition": {       "$schema": "https://schema.management.azure.com/providers/Microsoft.Logic/schemas/2016-06-01/workflowdefinition.json#",       "actions": {         "Check_if_there_are_any_components_returned": {           "actions": {             "No_Solution_Components_Found_Return_Empty_Array": {               "inputs": {                 "body": [],                 "schema": {                   "items": {                     "properties": {                       "@@odata.etag": {                         "type": "string"                       },                       "@@odata.id": {                         "type": "string"                       },                       "ItemInternalId": {                         "type": "string"                       },                       "_componentstate_label": {                         "type": "string"                       },                       "_createdby_type": {                         "type": "string"                       },                       "_createdby_value": {                         "type": "string"                       },                       "_modifiedby_type": {                         "type": "string"                       },                       "_modifiedby_value": {                         "type": "string"                       },                       "_ownerid_type": {                         "type": "string"                       },                       "_ownerid_value": {                         "type": "string"                       },                       "_owningbusinessunit_type": {                         "type": "string"                       },                       "_owningbusinessunit_value": {                         "type": "string"                       },                       "_parentdefinitionid_type": {                         "type": "string"                       },                       "_parentdefinitionid_value": {                         "type": "string"                       },                       "_statecode_label": {                         "type": "string"                       },                       "_statuscode_label": {                         "type": "string"                       },                       "_type_label": {                         "type": "string"                       },                       "apiid": {                         "type": "string"                       },                       "componentstate": {                         "type": "integer"                       },                       "createdon": {                         "type": "string"                       },                       "displayname": {                         "type": "string"                       },                       "environmentvariabledefinitionid": {                         "type": "string"                       },                       "environmentvariabledefinitionidunique": {                         "type": "string"                       },                       "introducedversion": {                         "type": "string"                       },                       "iscustomizable": {                         "type": "boolean"                       },                       "ismanaged": {                         "type": "boolean"                       },                       "isrequired": {                         "type": "boolean"                       },                       "modifiedon": {                         "type": "string"                       },                       "overwritetime": {                         "type": "string"                       },                       "parameterkey": {                         "type": "string"                       },                       "schemaname": {                         "type": "string"                       },                       "solutionid": {                         "type": "string"                       },                       "statecode": {                         "type": "integer"                       },                       "statuscode": {                         "type": "integer"                       },                       "type": {                         "type": "integer"                       },                       "versionnumber": {                         "type": "integer"                       }                     },                     "required": [                       "@@odata.id",                       "@@odata.etag",                       "ItemInternalId",                       "statecode",                       "_statecode_label",                       "environmentvariabledefinitionid",                       "statuscode",                       "_statuscode_label",                       "createdon",                       "_ownerid_value",                       "_ownerid_type",                       "modifiedon",                       "solutionid",                       "ismanaged",                       "versionnumber",                       "environmentvariabledefinitionidunique",                       "introducedversion",                       "displayname",                       "_modifiedby_value",                       "_modifiedby_type",                       "overwritetime",                       "type",                       "_type_label",                       "componentstate",                       "_componentstate_label",                       "schemaname",                       "_createdby_value",                       "_createdby_type",                       "_owningbusinessunit_value",                       "_owningbusinessunit_type",                       "isrequired",                       "iscustomizable"                     ],                     "type": "object"                   },                   "type": "array"                 },                 "statusCode": 200               },               "kind": "Http",               "runAfter": {},               "type": "Response"             }           },           "else": {             "actions": {               "Append_to_Object_Ids": {                 "inputs": {                   "name": "ObjectIds",                   "value": "@concat(concat('(environmentvariabledefinitionid eq ''', replace(replace(replace(join(body('Select_Object_IDs'), ','), '{\"objectid\":\"', ''), '\"}', ''), ',', ''' or environmentvariabledefinitionid eq ''')), ''')')"                 },                 "runAfter": {                   "Select_Object_IDs": [                     "Succeeded"                   ]                 },                 "type": "AppendToStringVariable"               },               "Response": {                 "inputs": {                   "body": "@outputs('Retrieve_Environment_Variable_Definition_Records')?['body/value']",                   "schema": {                     "items": {                       "properties": {                         "@@odata.etag": {                           "type": "string"                         },                         "@@odata.id": {                           "type": "string"                         },                         "ItemInternalId": {                           "type": "string"                         },                         "_componentstate_label": {                           "type": "string"                         },                         "_createdby_type": {                           "type": "string"                         },                         "_createdby_value": {                           "type": "string"                         },                         "_modifiedby_type": {                           "type": "string"                         },                         "_modifiedby_value": {                           "type": "string"                         },                         "_ownerid_type": {                           "type": "string"                         },                         "_ownerid_value": {                           "type": "string"                         },                         "_owningbusinessunit_type": {                           "type": "string"                         },                         "_owningbusinessunit_value": {                           "type": "string"                         },                         "_parentdefinitionid_type": {                           "type": "string"                         },                         "_parentdefinitionid_value": {                           "type": "string"                         },                         "_statecode_label": {                           "type": "string"                         },                         "_statuscode_label": {                           "type": "string"                         },                         "_type_label": {                           "type": "string"                         },                         "apiid": {                           "type": "string"                         },                         "componentstate": {                           "type": "integer"                         },                         "createdon": {                           "type": "string"                         },                         "displayname": {                           "type": "string"                         },                         "environmentvariabledefinitionid": {                           "type": "string"                         },                         "environmentvariabledefinitionidunique": {                           "type": "string"                         },                         "introducedversion": {                           "type": "string"                         },                         "iscustomizable": {                           "type": "boolean"                         },                         "ismanaged": {                           "type": "boolean"                         },                         "isrequired": {                           "type": "boolean"                         },                         "modifiedon": {                           "type": "string"                         },                         "overwritetime": {                           "type": "string"                         },                         "parameterkey": {                           "type": "string"                         },                         "schemaname": {                           "type": "string"                         },                         "solutionid": {                           "type": "string"                         },                         "statecode": {                           "type": "integer"                         },                         "statuscode": {                           "type": "integer"                         },                         "type": {                           "type": "integer"                         },                         "versionnumber": {                           "type": "integer"                         }                       },                       "required": [                         "@@odata.id",                         "@@odata.etag",                         "ItemInternalId",                         "statecode",                         "_statecode_label",                         "environmentvariabledefinitionid",                         "statuscode",                         "_statuscode_label",                         "createdon",                         "_ownerid_value",                         "_ownerid_type",                         "modifiedon",                         "solutionid",                         "ismanaged",                         "versionnumber",                         "environmentvariabledefinitionidunique",                         "introducedversion",                         "displayname",                         "_modifiedby_value",                         "_modifiedby_type",                         "overwritetime",                         "type",                         "_type_label",                         "componentstate",                         "_componentstate_label",                         "schemaname",                         "_createdby_value",                         "_createdby_type",                         "_owningbusinessunit_value",                         "_owningbusinessunit_type",                         "isrequired",                         "iscustomizable"                       ],                       "type": "object"                     },                     "type": "array"                   },                   "statusCode": 200                 },                 "kind": "Http",                 "runAfter": {                   "Retrieve_Environment_Variable_Definition_Records": [                     "Succeeded"                   ]                 },                 "type": "Response"               },               "Retrieve_Environment_Variable_Definition_Records": {                 "inputs": {                   "authentication": "@parameters('$authentication')",                   "host": {                     "apiId": "/providers/Microsoft.PowerApps/apis/shared_commondataservice",                     "connectionName": "shared_commondataservice",                     "operationId": "GetItems_V2"                   },                   "parameters": {                     "$filter": "@variables('ObjectIds')",                     "$orderby": "type asc, createdon asc",                     "dataset": "@{triggerBody()['text_1']}.@{triggerBody()['text']}",                     "table": "environmentvariabledefinitions"                   }                 },                 "runAfter": {                   "Append_to_Object_Ids": [                     "Succeeded"                   ]                 },                 "type": "OpenApiConnection"               },               "Select_Object_IDs": {                 "inputs": {                   "from": "@outputs('Get_Solution_Components')?['body/value']",                   "select": {                     "objectid": "@item()['objectid']"                   }                 },                 "runAfter": {},                 "type": "Select"               }             }           },           "expression": {             "equals": [               "@length(body('Get_Solution_Components')?['value'])",               0             ]           },           "runAfter": {             "Initialize_variable": [               "Succeeded"             ]           },           "type": "If"         },         "Get_Solution_Components": {           "inputs": {             "authentication": "@parameters('$authentication')",             "host": {               "apiId": "/providers/Microsoft.PowerApps/apis/shared_commondataservice",               "connectionName": "shared_commondataservice",               "operationId": "GetItems_V2"             },             "parameters": {               "$filter": "_solutionid_value eq '@{triggerBody()['text_2']}' and componenttype eq 380",               "dataset": "@{triggerBody()['text_1']}.@{triggerBody()['text']}",               "table": "solutioncomponents"             }           },           "runAfter": {},           "type": "OpenApiConnection"         },         "Initialize_variable": {           "inputs": {             "variables": [               {                 "name": "ObjectIds",                 "type": "string"               }             ]           },           "runAfter": {             "Get_Solution_Components": [               "Succeeded"             ]           },           "type": "InitializeVariable"         }       },       "contentVersion": "1.0.0.0",       "outputs": {},       "parameters": {         "$authentication": {           "defaultValue": {},           "type": "SecureObject"         },         "$connections": {           "defaultValue": {},           "type": "Object"         }       },       "triggers": {         "manual": {           "inputs": {             "schema": {               "properties": {                 "text": {                   "description": "Please enter your input",                   "title": "Region Subdomain",                   "type": "string",                   "x-ms-content-hint": "TEXT",                   "x-ms-dynamically-added": true                 },                 "text_1": {                   "description": "Environment Unique Name",                   "title": "Environment Unique Name",                   "type": "string",                   "x-ms-content-hint": "TEXT",                   "x-ms-dynamically-added": true                 },                 "text_2": {                   "description": "ID of the Solution",                   "title": "Solution ID",                   "type": "string",                   "x-ms-content-hint": "TEXT",                   "x-ms-dynamically-added": true                 }               },               "required": [                 "text",                 "text_1",                 "text_2"               ],               "type": "object"             }           },           "kind": "PowerAppV2",           "type": "Request"         }       }     }   },   "schemaVersion": "1.0.0.0" }
