{   "properties": {     "connectionReferences": {       "shared_webcontents": {         "api": {           "name": "shared_webcontents"         },         "connection": {           "connectionReferenceLogicalName": "new_sharedwebcontents_205a5"         },         "runtimeSource": "invoker"       }     },     "definition": {       "$schema": "https://schema.management.azure.com/providers/Microsoft.Logic/schemas/2016-06-01/workflowdefinition.json#",       "actions": {         "Get_List_for_the_Sharepoint_Site": {           "inputs": {             "authentication": "@parameters('$authentication')",             "host": {               "apiId": "/providers/Microsoft.PowerApps/apis/shared_webcontents",               "connectionName": "shared_webcontents",               "operationId": "InvokeHttp"             },             "parameters": {               "request/method": "GET",               "request/url": "https://graph.microsoft.com/v1.0/sites/@{triggerBody()['text']}/lists?$select=id,name&$orderby=name"             }           },           "runAfter": {},           "type": "OpenApiConnection"         },         "Response": {           "inputs": {             "body": "@outputs('Get_List_for_the_Sharepoint_Site')?['body']",             "schema": {               "properties": {                 "@@odata.context": {                   "type": "string"                 },                 "value": {                   "items": {                     "properties": {                       "@@odata.etag": {                         "type": "string"                       },                       "id": {                         "type": "string"                       },                       "name": {                         "type": "string"                       }                     },                     "required": [                       "@@odata.etag",                       "id",                       "name"                     ],                     "type": "object"                   },                   "type": "array"                 }               },               "type": "object"             },             "statusCode": 200           },           "kind": "Http",           "runAfter": {             "Get_List_for_the_Sharepoint_Site": [               "Succeeded"             ]           },           "type": "Response"         }       },       "contentVersion": "1.0.0.0",       "outputs": {},       "parameters": {         "$authentication": {           "defaultValue": {},           "type": "SecureObject"         },         "$connections": {           "defaultValue": {},           "type": "Object"         }       },       "triggers": {         "manual": {           "inputs": {             "schema": {               "properties": {                 "text": {                   "description": "Enter a Sharepoint Site ID",                   "title": "Site ID",                   "type": "string",                   "x-ms-content-hint": "TEXT",                   "x-ms-dynamically-added": true                 }               },               "required": [                 "text"               ],               "type": "object"             }           },           "kind": "PowerAppV2",           "type": "Request"         }       }     }   },   "schemaVersion": "1.0.0.0" }
