{   "properties": {     "connectionReferences": {       "shared_webcontents": {         "api": {           "name": "shared_webcontents"         },         "connection": {           "connectionReferenceLogicalName": "cat_sharedwebcontents_0df3a"         },         "runtimeSource": "invoker"       }     },     "definition": {       "$schema": "https://schema.management.azure.com/providers/Microsoft.Logic/schemas/2016-06-01/workflowdefinition.json#",       "actions": {         "Check_if_SearchText_is_Empty": {           "actions": {             "Get_AAD_Groups": {               "inputs": {                 "authentication": "@parameters('$authentication')",                 "host": {                   "apiId": "/providers/Microsoft.PowerApps/apis/shared_webcontents",                   "connectionName": "shared_webcontents",                   "operationId": "InvokeHttp"                 },                 "parameters": {                   "request/method": "GET",                   "request/url": "https://graph.microsoft.com/v1.0/groups?$select=id,displayName&$orderby=displayName"                 }               },               "runAfter": {},               "type": "OpenApiConnection"             },             "Set_Response_to_Get_AAD_Groups_Response": {               "inputs": {                 "name": "Response",                 "value": "@outputs('Get_AAD_Groups')?['body']"               },               "runAfter": {                 "Get_AAD_Groups": [                   "Succeeded"                 ]               },               "type": "SetVariable"             }           },           "else": {             "actions": {               "Search_AAD_Groups": {                 "inputs": {                   "authentication": "@parameters('$authentication')",                   "host": {                     "apiId": "/providers/Microsoft.PowerApps/apis/shared_webcontents",                     "connectionName": "shared_webcontents",                     "operationId": "InvokeHttp"                   },                   "parameters": {                     "request/method": "GET",                     "request/url": "https://graph.microsoft.com/v1.0/groups?$filter=id eq '@{triggerBody()['text_1']}' or startswith(displayName, '@{triggerBody()['text']}')&$select=id,displayName"                   }                 },                 "runAfter": {},                 "type": "OpenApiConnection"               },               "Set_Response_to_Search_AAD_Groups_Response": {                 "inputs": {                   "name": "Response",                   "value": "@outputs('Search_AAD_Groups')?['body']"                 },                 "runAfter": {                   "Search_AAD_Groups": [                     "Succeeded"                   ]                 },                 "type": "SetVariable"               }             }           },           "expression": {             "equals": [               "@length(triggerBody()['text'])",               0             ]           },           "runAfter": {             "Initialize_variable": [               "Succeeded"             ]           },           "type": "If"         },         "Get_Response": {           "inputs": {             "body": "@variables('Response')",             "schema": {               "properties": {                 "@@odata.context": {                   "type": "string"                 },                 "value": {                   "items": {                     "properties": {                       "displayName": {                         "type": "string"                       },                       "id": {                         "type": "string"                       }                     },                     "required": [                       "id",                       "displayName"                     ],                     "type": "object"                   },                   "type": "array"                 }               },               "type": "object"             },             "statusCode": 200           },           "kind": "Http",           "runAfter": {             "Check_if_SearchText_is_Empty": [               "Succeeded"             ]           },           "type": "Response"         },         "Initialize_variable": {           "inputs": {             "variables": [               {                 "name": "Response",                 "type": "object"               }             ]           },           "runAfter": {},           "type": "InitializeVariable"         }       },       "contentVersion": "1.0.0.0",       "outputs": {},       "parameters": {         "$authentication": {           "defaultValue": {},           "type": "SecureObject"         },         "$connections": {           "defaultValue": {},           "type": "Object"         }       },       "triggers": {         "manual": {           "inputs": {             "schema": {               "properties": {                 "text": {                   "description": "Enter Search Text",                   "title": "SearchText",                   "type": "string",                   "x-ms-content-hint": "TEXT",                   "x-ms-dynamically-added": true                 },                 "text_1": {                   "description": "Enter the Current ID",                   "title": "CurrentID",                   "type": "string",                   "x-ms-content-hint": "TEXT",                   "x-ms-dynamically-added": true                 }               },               "required": [],               "type": "object"             }           },           "kind": "PowerAppV2",           "type": "Request"         }       }     }   },   "schemaVersion": "1.0.0.0" }
