<manifest><control namespace="RAW.ColorPicker" constructor="ColorPicker" version="0.0.77" display-name-key="Color Picker" description-key="Color Picker control using React" control-type="standard" api-version="1.2.3"><property name="inputValue" display-name-key="Input Text" description-key="Select the input text for the control" of-type="SingleLine.Text" usage="bound" required="true" /><property name="defaultColor" display-name-key="Default Color" description-key="Default color for the picker, must be in hex format (eg: #ffffff)." of-type="SingleLine.Text" usage="input" required="true" default-value="#ffffff" /><resources><code path="bundle.js" order="1" /></resources><built-by name="pac" version="1.3.1" /></control></manifest>