<environmentvariabledefinition schemaname="cat_DepndentEnvironmentSecretName">
  <defaultvalue>DEPENDENCY_ENVIRONMENT_SECRET</defaultvalue>
  <description default="Dependent Environment Secret Name in GitHub">
    <label description="Dependent Environment Secret Name in GitHub" languagecode="1033" />
  </description>
  <displayname default="DepndentEnvironmentSecretName">
    <label description="DepndentEnvironmentSecretName" languagecode="1033" />
  </displayname>
  <introducedversion>1.0.0.76</introducedversion>
  <iscustomizable>1</iscustomizable>
  <isrequired>0</isrequired>
  <type>100000000</type>
</environmentvariabledefinition>