<environmentvariabledefinition schemaname="cat_clientId">
  <defaultvalue>287c306f-ea65-4766-96ff-45712ddb6ac0</defaultvalue>
  <description default="Client Id to use for Creating Solution">
    <label description="Client Id to use for Creating Solution" languagecode="1033" />
  </description>
  <displayname default="Client Id">
    <label description="Client Id" languagecode="1033" />
  </displayname>
  <introducedversion>1.0.0.76</introducedversion>
  <iscustomizable>1</iscustomizable>
  <isrequired>0</isrequired>
  <type>100000000</type>
</environmentvariabledefinition>